Day;Program;ProgramName;ID;Consent;Priority;Physics;Rus;Math;Indiv;Sum
2025-08-01;PM;??;100004;0;4;100;92;100;9;301
2025-08-01;PM;??;100013;0;1;100;92;100;7;299
2025-08-01;PM;??;100027;0;4;92;100;98;3;293
2025-08-01;PM;??;100014;0;3;100;87;86;9;282
2025-08-01;PM;??;100089;1;2;89;100;89;3;281
2025-08-01;PM;??;100000;0;1;73;100;97;7;277
2025-08-01;PM;??;100011;0;4;88;99;85;3;275
2025-08-01;PM;??;100029;1;2;95;74;93;9;271
2025-08-01;PM;??;100071;1;1;79;86;100;3;268
2025-08-01;PM;??;100070;0;1;62;98;97;10;267
2025-08-01;PM;??;100093;0;4;93;82;85;6;266
2025-08-01;PM;??;100020;0;1;55;98;98;10;261
2025-08-01;PM;??;100015;0;2;100;87;69;4;260
2025-08-01;PM;??;100007;0;1;80;79;100;0;259
2025-08-01;PM;??;100001;1;3;76;84;89;9;258
2025-08-01;PM;??;100016;0;1;77;96;84;1;258
2025-08-01;PM;??;100092;0;4;92;65;99;0;256
2025-08-01;PM;??;100005;1;4;86;77;89;3;255
2025-08-01;PM;??;100175;0;2;72;100;75;6;253
2025-08-01;PM;??;100023;0;3;96;92;58;6;252
2025-08-01;PM;??;100003;0;4;73;73;100;3;249
2025-08-01;PM;??;100009;0;2;90;73;78;7;248
2025-08-01;PM;??;100028;0;4;70;91;79;8;248
2025-08-01;PM;??;100085;0;1;66;95;81;6;248
2025-08-01;PM;??;100031;1;4;92;85;64;2;243
2025-08-01;PM;??;100081;1;1;100;72;62;8;242
2025-08-01;PM;??;100072;0;1;88;99;51;0;238
2025-08-01;PM;??;100178;0;4;69;94;69;6;238
2025-08-01;PM;??;100080;0;2;59;85;84;7;235
2025-08-01;PM;??;100083;0;4;72;74;81;7;234
2025-08-01;PM;??;100010;1;4;91;71;61;10;233
2025-08-01;PM;??;100082;0;1;77;93;58;5;233
2025-08-01;PM;??;100087;0;3;66;79;85;3;233
2025-08-01;PM;??;100019;0;2;99;58;68;7;232
2025-08-01;PM;??;100012;0;4;73;65;92;1;231
2025-08-01;PM;??;100017;0;1;63;64;94;9;230
2025-08-01;PM;??;100084;0;1;100;67;51;10;228
2025-08-01;PM;??;100179;0;4;47;90;84;7;228
2025-08-01;PM;??;100002;1;1;61;68;96;2;227
2025-08-01;PM;??;100018;0;1;51;88;84;2;225
2025-08-01;PM;??;100025;0;1;71;61;84;8;224
2025-08-01;PM;??;100008;0;3;92;49;74;8;223
2025-08-01;PM;??;100075;0;1;100;62;51;9;222
2025-08-01;PM;??;100079;1;4;81;59;80;1;221
2025-08-01;PM;??;100024;0;1;58;75;82;5;220
2025-08-01;PM;??;100074;0;1;71;76;62;10;219
2025-08-01;PM;??;100090;0;1;59;87;68;5;219
2025-08-01;PM;??;100086;0;1;56;55;100;4;215
2025-08-01;PM;??;100030;1;1;58;98;58;0;214
2025-08-01;PM;??;100021;0;1;100;52;55;5;212
2025-08-01;PM;??;100022;0;1;74;52;80;6;212
2025-08-01;PM;??;100073;1;4;61;53;88;10;212
2025-08-01;PM;??;100032;0;3;83;63;54;10;210
2025-08-01;PM;??;100078;1;3;59;77;65;9;210
2025-08-01;PM;??;100176;1;4;66;60;77;7;210
2025-08-01;PM;??;100088;0;4;70;47;83;6;206
2025-08-01;PM;??;100177;0;4;65;66;68;2;201
2025-08-01;PM;??;100091;0;3;46;68;67;3;184
2025-08-01;PM;??;100026;0;1;48;82;49;4;183
2025-08-01;PM;??;100006;1;1;65;48;51;10;174
2025-08-01;IVT;???;100004;0;3;100;92;100;9;301
2025-08-01;IVT;???;100140;0;3;95;97;96;8;296
2025-08-01;IVT;???;100055;0;3;100;100;84;8;292
2025-08-01;IVT;???;100120;0;2;80;94;100;8;282
2025-08-01;IVT;???;100000;0;2;73;100;97;7;277
2025-08-01;IVT;???;100136;1;3;78;93;100;4;275
2025-08-01;IVT;???;100125;0;2;79;90;97;6;272
2025-08-01;IVT;???;100071;1;2;79;86;100;3;268
2025-08-01;IVT;???;100070;0;2;62;98;97;10;267
2025-08-01;IVT;???;100124;0;3;98;69;99;1;267
2025-08-01;IVT;???;100103;0;2;85;72;99;8;264
2025-08-01;IVT;???;100041;0;3;88;97;78;0;263
2025-08-01;IVT;???;100116;1;4;84;78;98;1;261
2025-08-01;IVT;???;100105;0;4;65;90;98;7;260
2025-08-01;IVT;???;100007;0;2;80;79;100;0;259
2025-08-01;IVT;???;100001;1;4;76;84;89;9;258
2025-08-01;IVT;???;100043;1;3;96;89;66;6;257
2025-08-01;IVT;???;100077;0;3;98;74;83;1;256
2025-08-01;IVT;???;100126;1;3;91;71;94;0;256
2025-08-01;IVT;???;100005;1;2;86;77;89;3;255
2025-08-01;IVT;???;100050;0;2;74;98;80;1;253
2025-08-01;IVT;???;100175;0;1;72;100;75;6;253
2025-08-01;IVT;???;100033;0;3;78;79;95;0;252
2025-08-01;IVT;???;100049;0;2;88;59;96;9;252
2025-08-01;IVT;???;100098;0;2;100;66;84;2;252
2025-08-01;IVT;???;100114;0;3;88;64;99;0;251
2025-08-01;IVT;???;100035;0;2;74;90;79;7;250
2025-08-01;IVT;???;100003;0;3;73;73;100;3;249
2025-08-01;IVT;???;100059;0;2;91;72;76;10;249
2025-08-01;IVT;???;100009;0;4;90;73;78;7;248
2025-08-01;IVT;???;100052;1;3;72;81;92;2;247
2025-08-01;IVT;???;100051;0;2;91;92;57;5;245
2025-08-01;IVT;???;100138;0;1;76;70;91;7;244
2025-08-01;IVT;???;100142;0;3;96;85;54;7;242
2025-08-01;IVT;???;100130;0;3;100;91;47;3;241
2025-08-01;IVT;???;100047;0;2;67;93;69;10;239
2025-08-01;IVT;???;100107;0;4;74;64;92;9;239
2025-08-01;IVT;???;100117;1;3;91;75;72;1;239
2025-08-01;IVT;???;100072;0;2;88;99;51;0;238
2025-08-01;IVT;???;100096;0;1;76;76;84;2;238
2025-08-01;IVT;???;100100;0;3;85;67;78;8;238
2025-08-01;IVT;???;100178;0;3;69;94;69;6;238
2025-08-01;IVT;???;100106;0;2;87;57;88;4;236
2025-08-01;IVT;???;100141;0;3;61;76;96;3;236
2025-08-01;IVT;???;100053;0;2;79;55;100;1;235
2025-08-01;IVT;???;100058;0;3;86;54;87;8;235
2025-08-01;IVT;???;100080;0;3;59;85;84;7;235
2025-08-01;IVT;???;100112;0;4;76;100;50;9;235
2025-08-01;IVT;???;100042;0;3;99;52;78;5;234
2025-08-01;IVT;???;100132;0;4;49;76;100;8;233
2025-08-01;IVT;???;100056;0;2;62;99;59;10;230
2025-08-01;IVT;???;100133;0;3;71;58;100;0;229
2025-08-01;IVT;???;100054;1;1;72;87;59;10;228
2025-08-01;IVT;???;100179;0;3;47;90;84;7;228
2025-08-01;IVT;???;100002;1;2;61;68;96;2;227
2025-08-01;IVT;???;100135;0;4;97;57;72;1;227
2025-08-01;IVT;???;100109;0;2;53;84;82;6;225
2025-08-01;IVT;???;100008;0;4;92;49;74;8;223
2025-08-01;IVT;???;100131;0;2;100;67;52;3;222
2025-08-01;IVT;???;100079;1;3;81;59;80;1;221
2025-08-01;IVT;???;100101;0;2;68;59;93;1;221
2025-08-01;IVT;???;100111;0;1;54;99;62;5;220
2025-08-01;IVT;???;100122;0;3;59;67;85;9;220
2025-08-01;IVT;???;100129;0;2;82;55;74;9;220
2025-08-01;IVT;???;100034;0;1;65;83;70;0;218
2025-08-01;IVT;???;100046;0;1;70;63;78;7;218
2025-08-01;IVT;???;100110;0;3;77;82;51;6;216
2025-08-01;IVT;???;100128;0;1;80;47;82;4;213
2025-08-01;IVT;???;100037;0;3;73;61;73;5;212
2025-08-01;IVT;???;100057;1;2;75;78;52;7;212
2025-08-01;IVT;???;100073;1;2;61;53;88;10;212
2025-08-01;IVT;???;100137;0;3;96;58;55;3;212
2025-08-01;IVT;???;100139;0;3;60;58;87;7;212
2025-08-01;IVT;???;100097;0;1;96;59;51;5;211
2025-08-01;IVT;???;100078;1;4;59;77;65;9;210
2025-08-01;IVT;???;100115;0;3;100;48;52;10;210
2025-08-01;IVT;???;100176;1;3;66;60;77;7;210
2025-08-01;IVT;???;100036;0;3;51;76;74;8;209
2025-08-01;IVT;???;100118;0;3;78;59;69;3;209
2025-08-01;IVT;???;100119;0;2;85;74;49;0;208
2025-08-01;IVT;???;100045;0;3;62;62;75;8;207
2025-08-01;IVT;???;100095;1;1;82;59;62;4;207
2025-08-01;IVT;???;100094;1;1;61;94;51;0;206
2025-08-01;IVT;???;100123;1;2;100;49;50;5;204
2025-08-01;IVT;???;100121;0;2;49;52;98;4;203
2025-08-01;IVT;???;100104;0;1;62;79;59;1;201
2025-08-01;IVT;???;100177;0;1;65;66;68;2;201
2025-08-01;IVT;???;100038;0;3;52;81;61;6;200
2025-08-01;IVT;???;100076;0;2;79;54;66;0;199
2025-08-01;IVT;???;100108;0;3;65;54;75;2;196
2025-08-01;IVT;???;100113;0;3;57;66;64;9;196
2025-08-01;IVT;???;100134;0;3;59;55;74;0;188
2025-08-01;IVT;???;100099;0;4;49;62;70;5;186
2025-08-01;IVT;???;100039;0;2;49;65;62;7;183
2025-08-01;IVT;???;100040;0;3;64;61;48;10;183
2025-08-01;IVT;???;100102;0;2;47;57;77;1;182
2025-08-01;IVT;???;100044;1;2;62;48;61;9;180
2025-08-01;IVT;???;100006;1;4;65;48;51;10;174
2025-08-01;IVT;???;100127;0;2;54;56;58;6;174
2025-08-01;IVT;???;100048;0;2;49;69;50;5;173
2025-08-01;ITSS;????;100013;0;3;100;92;100;7;299
2025-08-01;ITSS;????;100014;0;4;100;87;86;9;282
2025-08-01;ITSS;????;100011;0;2;88;99;85;3;275
2025-08-01;ITSS;????;100146;1;4;80;94;99;1;274
2025-08-01;ITSS;????;100071;1;3;79;86;100;3;268
2025-08-01;ITSS;????;100070;0;3;62;98;97;10;267
2025-08-01;ITSS;????;100041;0;1;88;97;78;0;263
2025-08-01;ITSS;????;100015;0;3;100;87;69;4;260
2025-08-01;ITSS;????;100016;0;3;77;96;84;1;258
2025-08-01;ITSS;????;100068;0;4;80;92;86;0;258
2025-08-01;ITSS;????;100043;1;2;96;89;66;6;257
2025-08-01;ITSS;????;100077;0;2;98;74;83;1;256
2025-08-01;ITSS;????;100033;0;4;78;79;95;0;252
2025-08-01;ITSS;????;100035;0;1;74;90;79;7;250
2025-08-01;ITSS;????;100063;1;2;95;69;81;5;250
2025-08-01;ITSS;????;100066;0;2;78;70;89;5;242
2025-08-01;ITSS;????;100064;1;3;100;55;79;4;238
2025-08-01;ITSS;????;100080;0;4;59;85;84;7;235
2025-08-01;ITSS;????;100042;0;4;99;52;78;5;234
2025-08-01;ITSS;????;100065;0;4;73;78;74;9;234
2025-08-01;ITSS;????;100010;1;1;91;71;61;10;233
2025-08-01;ITSS;????;100019;0;3;99;58;68;7;232
2025-08-01;ITSS;????;100143;1;2;96;68;59;9;232
2025-08-01;ITSS;????;100012;0;2;73;65;92;1;231
2025-08-01;ITSS;????;100017;0;3;63;64;94;9;230
2025-08-01;ITSS;????;100018;0;3;51;88;84;2;225
2025-08-01;ITSS;????;100062;0;1;98;51;72;4;225
2025-08-01;ITSS;????;100069;0;2;84;83;53;5;225
2025-08-01;ITSS;????;100144;0;4;67;78;76;3;224
2025-08-01;ITSS;????;100145;0;4;84;72;66;1;223
2025-08-01;ITSS;????;100075;0;4;100;62;51;9;222
2025-08-01;ITSS;????;100148;0;3;94;74;54;0;222
2025-08-01;ITSS;????;100079;1;2;81;59;80;1;221
2025-08-01;ITSS;????;100074;0;4;71;76;62;10;219
2025-08-01;ITSS;????;100034;0;3;65;83;70;0;218
2025-08-01;ITSS;????;100060;0;3;52;76;82;7;217
2025-08-01;ITSS;????;100061;0;4;90;71;52;0;213
2025-08-01;ITSS;????;100037;0;2;73;61;73;5;212
2025-08-01;ITSS;????;100078;1;1;59;77;65;9;210
2025-08-01;ITSS;????;100036;0;2;51;76;74;8;209
2025-08-01;ITSS;????;100150;1;3;48;77;76;8;209
2025-08-01;ITSS;????;100151;1;1;89;61;53;3;206
2025-08-01;ITSS;????;100147;0;1;53;99;47;6;205
2025-08-01;ITSS;????;100067;1;2;53;50;96;4;203
2025-08-01;ITSS;????;100038;0;4;52;81;61;6;200
2025-08-01;ITSS;????;100076;0;3;79;54;66;0;199
2025-08-01;ITSS;????;100149;0;1;46;73;73;7;199
2025-08-01;ITSS;????;100039;0;4;49;65;62;7;183
2025-08-01;ITSS;????;100040;0;2;64;61;48;10;183
2025-08-01;ITSS;????;100044;1;4;62;48;61;9;180
2025-08-01;IB;??;100158;0;3;86;100;100;10;296
2025-08-01;IB;??;100027;0;1;92;100;98;3;293
2025-08-01;IB;??;100055;0;1;100;100;84;8;292
2025-08-01;IB;??;100161;0;1;90;85;95;10;280
2025-08-01;IB;??;100029;1;1;95;74;93;9;271
2025-08-01;IB;??;100164;0;3;84;94;85;2;265
2025-08-01;IB;??;100020;0;4;55;98;98;10;261
2025-08-01;IB;??;100068;0;2;80;92;86;0;258
2025-08-01;IB;??;100172;0;2;68;89;100;1;258
2025-08-01;IB;??;100077;0;1;98;74;83;1;256
2025-08-01;IB;??;100171;0;4;89;64;93;10;256
2025-08-01;IB;??;100050;0;4;74;98;80;1;253
2025-08-01;IB;??;100023;0;4;96;92;58;6;252
2025-08-01;IB;??;100049;0;3;88;59;96;9;252
2025-08-01;IB;??;100157;0;4;87;55;100;10;252
2025-08-01;IB;??;100168;1;1;72;86;90;3;251
2025-08-01;IB;??;100063;1;4;95;69;81;5;250
2025-08-01;IB;??;100059;0;1;91;72;76;10;249
2025-08-01;IB;??;100028;0;1;70;91;79;8;248
2025-08-01;IB;??;100153;0;4;89;86;68;5;248
2025-08-01;IB;??;100052;1;2;72;81;92;2;247
2025-08-01;IB;??;100051;0;4;91;92;57;5;245
2025-08-01;IB;??;100031;1;2;92;85;64;2;243
2025-08-01;IB;??;100066;0;1;78;70;89;5;242
2025-08-01;IB;??;100047;0;4;67;93;69;10;239
2025-08-01;IB;??;100064;1;2;100;55;79;4;238
2025-08-01;IB;??;100072;0;4;88;99;51;0;238
2025-08-01;IB;??;100053;0;4;79;55;100;1;235
2025-08-01;IB;??;100058;0;1;86;54;87;8;235
2025-08-01;IB;??;100080;0;1;59;85;84;7;235
2025-08-01;IB;??;100065;0;1;73;78;74;9;234
2025-08-01;IB;??;100163;0;4;74;100;53;6;233
2025-08-01;IB;??;100169;1;2;54;80;96;2;232
2025-08-01;IB;??;100056;0;4;62;99;59;10;230
2025-08-01;IB;??;100054;1;4;72;87;59;10;228
2025-08-01;IB;??;100152;0;4;59;90;74;3;226
2025-08-01;IB;??;100062;0;3;98;51;72;4;225
2025-08-01;IB;??;100069;0;3;84;83;53;5;225
2025-08-01;IB;??;100025;0;2;71;61;84;8;224
2025-08-01;IB;??;100159;0;4;85;54;74;10;223
2025-08-01;IB;??;100075;0;2;100;62;51;9;222
2025-08-01;IB;??;100173;0;3;56;84;74;8;222
2025-08-01;IB;??;100079;1;1;81;59;80;1;221
2025-08-01;IB;??;100024;0;3;58;75;82;5;220
2025-08-01;IB;??;100074;0;3;71;76;62;10;219
2025-08-01;IB;??;100170;0;4;99;55;61;4;219
2025-08-01;IB;??;100046;0;2;70;63;78;7;218
2025-08-01;IB;??;100060;0;4;52;76;82;7;217
2025-08-01;IB;??;100165;1;1;78;56;75;6;215
2025-08-01;IB;??;100030;1;3;58;98;58;0;214
2025-08-01;IB;??;100061;0;2;90;71;52;0;213
2025-08-01;IB;??;100021;0;4;100;52;55;5;212
2025-08-01;IB;??;100022;0;4;74;52;80;6;212
2025-08-01;IB;??;100057;1;4;75;78;52;7;212
2025-08-01;IB;??;100073;1;3;61;53;88;10;212
2025-08-01;IB;??;100032;0;2;83;63;54;10;210
2025-08-01;IB;??;100078;1;2;59;77;65;9;210
2025-08-01;IB;??;100045;0;2;62;62;75;8;207
2025-08-01;IB;??;100162;0;2;71;71;57;8;207
2025-08-01;IB;??;100067;1;1;53;50;96;4;203
2025-08-01;IB;??;100076;0;4;79;54;66;0;199
2025-08-01;IB;??;100167;0;3;54;73;68;2;197
2025-08-01;IB;??;100166;0;4;51;81;51;4;187
2025-08-01;IB;??;100026;0;4;48;82;49;4;183
2025-08-01;IB;??;100160;0;1;58;71;48;3;180
2025-08-01;IB;??;100156;0;1;47;64;59;8;178
2025-08-01;IB;??;100155;0;1;49;50;75;3;177
2025-08-01;IB;??;100048;0;3;49;69;50;5;173
2025-08-01;IB;??;100154;1;4;51;62;52;7;172
2025-08-01;IB;??;100174;1;1;52;60;58;0;170
2025-08-02;PM;??;100513;1;1;96;100;100;5;301
2025-08-02;PM;??;100630;0;4;100;99;95;6;300
2025-08-02;PM;??;100661;1;1;98;92;100;10;300
2025-08-02;PM;??;100521;1;3;96;100;100;1;297
2025-08-02;PM;??;100530;1;1;87;100;99;8;294
2025-08-02;PM;??;100593;1;2;99;89;100;5;293
2025-08-02;PM;??;100390;1;1;84;99;100;9;292
2025-08-02;PM;??;100399;1;4;100;88;97;6;291
2025-08-02;PM;??;100435;1;4;100;87;100;4;291
2025-08-02;PM;??;100594;1;1;88;100;100;3;291
2025-08-02;PM;??;100368;1;4;100;99;84;6;289
2025-08-02;PM;??;100354;0;4;100;83;99;6;288
2025-08-02;PM;??;100483;0;1;85;100;93;10;288
2025-08-02;PM;??;100528;1;1;100;87;96;5;288
2025-08-02;PM;??;100605;1;1;85;100;93;8;286
2025-08-02;PM;??;100443;1;2;97;90;98;0;285
2025-08-02;PM;??;100676;1;1;100;87;93;5;285
2025-08-02;PM;??;100534;1;1;89;100;93;1;283
2025-08-02;PM;??;100635;0;4;98;100;81;0;279
2025-08-02;PM;??;100729;0;4;98;79;98;4;279
2025-08-02;PM;??;100500;1;2;88;80;100;10;278
2025-08-02;PM;??;100617;0;3;100;85;85;8;278
2025-08-02;PM;??;100356;1;1;90;78;100;9;277
2025-08-02;PM;??;100702;0;3;88;92;94;3;277
2025-08-02;PM;??;100367;1;1;77;94;100;4;275
2025-08-02;PM;??;100621;0;4;87;100;78;10;275
2025-08-02;PM;??;100309;1;3;89;99;78;8;274
2025-08-02;PM;??;100321;1;4;77;94;100;3;274
2025-08-02;PM;??;100509;1;4;76;97;94;7;274
2025-08-02;PM;??;100688;1;3;87;87;94;6;274
2025-08-02;PM;??;100411;0;2;71;100;94;7;272
2025-08-02;PM;??;100556;1;1;83;86;100;3;272
2025-08-02;PM;??;100650;1;1;78;88;100;6;272
2025-08-02;PM;??;100351;1;2;94;100;72;5;271
2025-08-02;PM;??;100438;1;1;98;66;98;9;271
2025-08-02;PM;??;100482;0;1;81;100;81;9;271
2025-08-02;PM;??;100627;1;4;99;65;99;8;271
2025-08-02;PM;??;100689;0;1;87;98;82;4;271
2025-08-02;PM;??;100514;1;1;90;85;86;9;270
2025-08-02;PM;??;100695;1;1;98;73;94;5;270
2025-08-02;PM;??;100736;1;4;87;100;82;1;270
2025-08-02;PM;??;100578;1;1;100;100;63;6;269
2025-08-02;PM;??;100603;0;1;97;84;87;1;269
2025-08-02;PM;??;100626;0;3;70;100;98;1;269
2025-08-02;PM;??;100638;1;4;95;81;87;6;269
2025-08-02;PM;??;100687;0;1;92;81;93;3;269
2025-08-02;PM;??;100657;1;4;91;80;92;5;268
2025-08-02;PM;??;100680;1;4;69;100;90;8;267
2025-08-02;PM;??;100696;1;2;84;84;92;7;267
2025-08-02;PM;??;100731;0;3;100;70;89;8;267
2025-08-02;PM;??;100327;1;1;80;82;96;8;266
2025-08-02;PM;??;100427;1;4;96;94;75;1;266
2025-08-02;PM;??;100329;0;3;86;96;79;4;265
2025-08-02;PM;??;100395;1;4;95;75;91;4;265
2025-08-02;PM;??;100479;1;4;82;100;79;4;265
2025-08-02;PM;??;100527;1;1;67;99;98;1;265
2025-08-02;PM;??;100662;1;3;86;89;89;1;265
2025-08-02;PM;??;100502;1;4;99;68;89;8;264
2025-08-02;PM;??;100589;0;1;89;84;87;4;264
2025-08-02;PM;??;100646;1;4;100;70;90;4;264
2025-08-02;PM;??;100674;0;2;82;92;80;10;264
2025-08-02;PM;??;100319;1;1;75;88;100;0;263
2025-08-02;PM;??;100336;0;1;99;71;85;8;263
2025-08-02;PM;??;100402;0;1;100;82;75;6;263
2025-08-02;PM;??;100518;0;4;99;98;65;1;263
2025-08-02;PM;??;100340;0;2;64;98;100;0;262
2025-08-02;PM;??;100420;1;2;61;94;100;7;262
2025-08-02;PM;??;100529;1;2;97;70;94;1;262
2025-08-02;PM;??;100672;0;1;100;99;59;4;262
2025-08-02;PM;??;100706;0;4;85;76;98;3;262
2025-08-02;PM;??;100738;1;1;67;97;90;8;262
2025-08-02;PM;??;100406;1;1;89;95;67;10;261
2025-08-02;PM;??;100585;1;1;86;78;95;2;261
2025-08-02;PM;??;100671;0;1;89;98;65;9;261
2025-08-02;PM;??;100343;1;4;84;92;82;2;260
2025-08-02;PM;??;100345;1;1;100;73;81;6;260
2025-08-02;PM;??;100397;1;1;92;86;73;9;260
2025-08-02;PM;??;100403;1;3;72;96;82;10;260
2025-08-02;PM;??;100566;0;4;91;84;77;8;260
2025-08-02;PM;??;100636;1;1;68;93;93;6;260
2025-08-02;PM;??;100721;1;1;87;76;91;6;260
2025-08-02;PM;??;100532;1;1;87;100;63;9;259
2025-08-02;PM;??;100558;0;4;89;68;96;6;259
2025-08-02;PM;??;100580;1;3;69;100;81;9;259
2025-08-02;PM;??;100629;0;2;64;100;88;6;258
2025-08-02;PM;??;100325;1;2;73;78;100;6;257
2025-08-02;PM;??;100523;1;4;67;94;95;1;257
2025-08-02;PM;??;100628;1;3;85;66;100;6;257
2025-08-02;PM;??;100311;1;4;99;76;76;5;256
2025-08-02;PM;??;100328;1;1;79;70;100;7;256
2025-08-02;PM;??;100422;0;1;98;57;92;9;256
2025-08-02;PM;??;100425;0;4;84;92;77;3;256
2025-08-02;PM;??;100499;1;1;65;86;100;5;256
2025-08-02;PM;??;100618;1;1;91;83;73;9;256
2025-08-02;PM;??;100639;0;4;54;100;97;5;256
2025-08-02;PM;??;100640;1;4;100;50;100;6;256
2025-08-02;PM;??;100317;0;3;80;91;83;1;255
2025-08-02;PM;??;100415;0;3;76;73;100;6;255
2025-08-02;PM;??;100490;1;4;81;71;94;9;255
2025-08-02;PM;??;100586;1;1;63;85;100;7;255
2025-08-02;PM;??;100649;1;2;96;62;89;8;255
2025-08-02;PM;??;100685;1;4;82;68;99;6;255
2025-08-02;PM;??;100353;0;4;94;80;72;8;254
2025-08-02;PM;??;100524;1;2;57;97;91;9;254
2025-08-02;PM;??;100612;1;2;65;89;100;0;254
2025-08-02;PM;??;100448;1;2;100;52;93;8;253
2025-08-02;PM;??;100322;1;2;77;91;82;2;252
2025-08-02;PM;??;100426;0;4;100;71;81;0;252
2025-08-02;PM;??;100506;0;4;98;79;74;1;252
2025-08-02;PM;??;100525;1;4;88;97;58;9;252
2025-08-02;PM;??;100555;0;3;88;100;63;1;252
2025-08-02;PM;??;100714;1;1;90;65;94;3;252
2025-08-02;PM;??;100355;0;4;91;87;64;9;251
2025-08-02;PM;??;100434;1;3;68;74;100;9;251
2025-08-02;PM;??;100444;1;4;100;87;55;9;251
2025-08-02;PM;??;100324;0;3;100;55;84;10;249
2025-08-02;PM;??;100398;0;4;58;97;93;1;249
2025-08-02;PM;??;100498;0;1;73;76;95;5;249
2025-08-02;PM;??;100504;0;4;92;69;88;0;249
2025-08-02;PM;??;100652;1;1;86;54;100;9;249
2025-08-02;PM;??;100416;1;2;100;63;77;8;248
2025-08-02;PM;??;100516;1;3;96;61;91;0;248
2025-08-02;PM;??;100541;1;3;83;91;64;10;248
2025-08-02;PM;??;100572;0;1;90;79;72;7;248
2025-08-02;PM;??;100632;1;2;97;96;51;4;248
2025-08-02;PM;??;100722;1;3;91;88;62;7;248
2025-08-02;PM;??;100313;0;3;87;87;68;5;247
2025-08-02;PM;??;100323;0;1;76;100;71;0;247
2025-08-02;PM;??;100484;1;1;64;79;100;4;247
2025-08-02;PM;??;100486;0;1;100;92;54;1;247
2025-08-02;PM;??;100489;0;2;97;65;83;2;247
2025-08-02;PM;??;100690;0;3;85;89;66;7;247
2025-08-02;PM;??;100349;0;1;59;100;83;4;246
2025-08-02;PM;??;100350;0;4;73;79;85;9;246
2025-08-02;PM;??;100496;1;4;100;78;60;8;246
2025-08-02;PM;??;100678;1;4;100;60;86;0;246
2025-08-02;PM;??;100732;1;3;87;76;80;3;246
2025-08-02;PM;??;100347;1;1;89;95;58;3;245
2025-08-02;PM;??;100598;1;4;81;58;97;9;245
2025-08-02;PM;??;100620;1;2;52;90;95;8;245
2025-08-02;PM;??;100651;1;1;71;100;69;5;245
2025-08-02;PM;??;100447;1;2;86;95;57;6;244
2025-08-02;PM;??;100683;1;2;65;82;89;8;244
2025-08-02;PM;??;100734;1;4;100;56;84;4;244
2025-08-02;PM;??;100330;0;4;61;79;100;3;243
2025-08-02;PM;??;100394;1;2;81;76;79;7;243
2025-08-02;PM;??;100417;1;1;89;100;53;1;243
2025-08-02;PM;??;100431;1;2;79;57;100;7;243
2025-08-02;PM;??;100551;0;1;63;85;92;3;243
2025-08-02;PM;??;100719;0;4;100;67;73;3;243
2025-08-02;PM;??;100316;1;4;82;97;62;1;242
2025-08-02;PM;??;100423;1;1;64;69;100;9;242
2025-08-02;PM;??;100445;1;1;86;54;100;2;242
2025-08-02;PM;??;100557;1;4;82;95;59;6;242
2025-08-02;PM;??;100700;1;3;100;53;86;3;242
2025-08-02;PM;??;100705;1;4;77;92;69;4;242
2025-08-02;PM;??;100497;1;1;100;87;53;1;241
2025-08-02;PM;??;100526;0;4;70;100;63;8;241
2025-08-02;PM;??;100553;1;4;86;66;79;10;241
2025-08-02;PM;??;100619;0;2;100;54;86;1;241
2025-08-02;PM;??;100654;1;3;100;70;70;1;241
2025-08-02;PM;??;100400;1;4;57;85;93;5;240
2025-08-02;PM;??;100419;1;1;52;100;78;10;240
2025-08-02;PM;??;100430;0;1;81;97;54;8;240
2025-08-02;PM;??;100577;0;4;83;54;100;3;240
2025-08-02;PM;??;100421;0;1;71;100;58;10;239
2025-08-02;PM;??;100575;0;1;94;60;82;3;239
2025-08-02;PM;??;100576;1;1;89;80;69;1;239
2025-08-02;PM;??;100588;1;2;53;89;88;9;239
2025-08-02;PM;??;100699;1;4;97;66;68;8;239
2025-08-02;PM;??;100570;1;3;96;61;76;5;238
2025-08-02;PM;??;100625;1;1;78;100;57;3;238
2025-08-02;PM;??;100711;1;1;55;95;80;8;238
2025-08-02;PM;??;100718;1;1;76;54;100;8;238
2025-08-02;PM;??;100480;1;1;55;99;76;7;237
2025-08-02;PM;??;100565;1;1;70;65;99;3;237
2025-08-02;PM;??;100604;0;1;55;85;94;3;237
2025-08-02;PM;??;100607;1;3;92;75;63;7;237
2025-08-02;PM;??;100615;1;3;70;100;65;2;237
2025-08-02;PM;??;100716;0;4;90;50;93;4;237
2025-08-02;PM;??;100335;1;1;67;100;60;9;236
2025-08-02;PM;??;100424;1;4;52;87;92;5;236
2025-08-02;PM;??;100492;1;1;72;87;73;4;236
2025-08-02;PM;??;100579;0;2;71;86;76;3;236
2025-08-02;PM;??;100614;0;4;95;54;85;2;236
2025-08-02;PM;??;100669;0;1;98;61;75;2;236
2025-08-02;PM;??;100407;0;1;76;55;97;7;235
2025-08-02;PM;??;100412;0;4;77;98;58;2;235
2025-08-02;PM;??;100596;1;2;86;66;73;10;235
2025-08-02;PM;??;100610;0;4;92;79;54;10;235
2025-08-02;PM;??;100332;1;4;69;87;74;4;234
2025-08-02;PM;??;100393;0;4;70;68;94;2;234
2025-08-02;PM;??;100709;1;4;54;80;99;1;234
2025-08-02;PM;??;100717;1;4;99;53;76;6;234
2025-08-02;PM;??;100314;1;4;58;86;85;4;233
2025-08-02;PM;??;100358;0;4;54;99;70;10;233
2025-08-02;PM;??;100433;0;4;49;92;90;2;233
2025-08-02;PM;??;100554;1;3;65;83;79;6;233
2025-08-02;PM;??;100581;1;2;92;78;56;7;233
2025-08-02;PM;??;100599;1;3;75;61;87;10;233
2025-08-02;PM;??;100436;1;2;97;64;63;8;232
2025-08-02;PM;??;100487;1;1;67;64;95;6;232
2025-08-02;PM;??;100552;1;4;83;64;75;10;232
2025-08-02;PM;??;100631;0;4;62;99;64;7;232
2025-08-02;PM;??;100684;0;1;67;69;93;3;232
2025-08-02;PM;??;100735;1;4;63;100;68;1;232
2025-08-02;PM;??;100493;1;4;73;75;82;1;231
2025-08-02;PM;??;100548;0;1;73;66;85;7;231
2025-08-02;PM;??;100564;0;3;59;68;96;8;231
2025-08-02;PM;??;100686;1;4;56;72;100;3;231
2025-08-02;PM;??;100710;1;3;60;75;90;6;231
2025-08-02;PM;??;100538;0;1;54;86;84;6;230
2025-08-02;PM;??;100359;1;4;100;72;51;6;229
2025-08-02;PM;??;100481;0;1;66;97;64;2;229
2025-08-02;PM;??;100515;1;3;73;93;61;2;229
2025-08-02;PM;??;100546;0;1;87;81;58;3;229
2025-08-02;PM;??;100318;1;1;67;100;57;4;228
2025-08-02;PM;??;100363;1;4;53;97;73;5;228
2025-08-02;PM;??;100396;0;3;98;64;58;8;228
2025-08-02;PM;??;100429;1;4;54;74;100;0;228
2025-08-02;PM;??;100501;1;1;72;66;86;4;228
2025-08-02;PM;??;100569;1;4;55;83;90;0;228
2025-08-02;PM;??;100656;1;1;68;55;97;8;228
2025-08-02;PM;??;100737;1;1;74;56;96;2;228
2025-08-02;PM;??;100510;0;4;84;73;65;5;227
2025-08-02;PM;??;100616;1;4;93;66;61;7;227
2025-08-02;PM;??;100665;1;2;77;50;100;0;227
2025-08-02;PM;??;100708;0;3;72;100;55;0;227
2025-08-02;PM;??;100331;0;2;56;70;90;10;226
2025-08-02;PM;??;100389;1;2;56;61;100;9;226
2025-08-02;PM;??;100439;0;4;75;81;67;3;226
2025-08-02;PM;??;100442;0;1;85;60;77;4;226
2025-08-02;PM;??;100703;1;2;59;71;96;0;226
2025-08-02;PM;??;100485;1;4;96;63;59;7;225
2025-08-02;PM;??;100522;1;4;49;79;90;7;225
2025-08-02;PM;??;100597;1;4;58;92;74;1;225
2025-08-02;PM;??;100642;0;4;86;60;73;6;225
2025-08-02;PM;??;100643;1;1;77;69;71;8;225
2025-08-02;PM;??;100682;1;4;64;60;97;4;225
2025-08-02;PM;??;100694;0;3;70;67;81;7;225
2025-08-02;PM;??;100701;1;4;84;82;50;9;225
2025-08-02;PM;??;100342;1;3;62;81;72;9;224
2025-08-02;PM;??;100364;1;1;77;55;87;5;224
2025-08-02;PM;??;100391;0;1;68;71;84;1;224
2025-08-02;PM;??;100401;0;1;55;92;72;5;224
2025-08-02;PM;??;100574;1;1;52;69;100;3;224
2025-08-02;PM;??;100606;1;2;77;76;66;5;224
2025-08-02;PM;??;100440;0;2;65;57;93;8;223
2025-08-02;PM;??;100623;1;4;59;84;70;10;223
2025-08-02;PM;??;100338;0;1;82;83;53;4;222
2025-08-02;PM;??;100362;1;4;67;92;61;2;222
2025-08-02;PM;??;100418;1;4;66;69;78;9;222
2025-08-02;PM;??;100584;0;3;88;74;59;1;222
2025-08-02;PM;??;100633;1;3;57;74;84;7;222
2025-08-02;PM;??;100659;0;2;64;57;100;1;222
2025-08-02;PM;??;100675;0;1;54;94;72;2;222
2025-08-02;PM;??;100312;1;2;65;52;98;6;221
2025-08-02;PM;??;100365;0;2;91;70;58;2;221
2025-08-02;PM;??;100511;0;1;66;92;55;8;221
2025-08-02;PM;??;100549;0;1;95;60;57;9;221
2025-08-02;PM;??;100550;1;3;64;86;61;10;221
2025-08-02;PM;??;100666;1;1;60;60;100;1;221
2025-08-02;PM;??;100713;0;4;89;57;72;3;221
2025-08-02;PM;??;100341;1;4;100;65;54;1;220
2025-08-02;PM;??;100446;1;1;71;68;72;9;220
2025-08-02;PM;??;100571;1;2;86;80;52;2;220
2025-08-02;PM;??;100658;1;2;74;89;49;8;220
2025-08-02;PM;??;100726;1;1;87;57;72;4;220
2025-08-02;PM;??;100414;1;4;68;91;50;10;219
2025-08-02;PM;??;100505;1;1;58;53;100;8;219
2025-08-02;PM;??;100508;0;2;63;60;89;7;219
2025-08-02;PM;??;100543;1;4;49;94;72;4;219
2025-08-02;PM;??;100600;0;2;74;73;71;1;219
2025-08-02;PM;??;100609;1;1;51;93;71;4;219
2025-08-02;PM;??;100645;0;4;60;66;93;0;219
2025-08-02;PM;??;100692;1;1;51;67;96;5;219
2025-08-02;PM;??;100333;0;1;91;69;55;3;218
2025-08-02;PM;??;100559;1;4;92;59;64;3;218
2025-08-02;PM;??;100573;0;4;69;98;48;3;218
2025-08-02;PM;??;100670;1;1;90;55;73;0;218
2025-08-02;PM;??;100727;1;4;58;92;60;8;218
2025-08-02;PM;??;100663;1;1;78;72;66;1;217
2025-08-02;PM;??;100668;1;4;100;64;48;5;217
2025-08-02;PM;??;100712;1;1;57;93;67;0;217
2025-08-02;PM;??;100491;0;1;60;55;99;2;216
2025-08-02;PM;??;100494;1;3;72;66;73;5;216
2025-08-02;PM;??;100583;0;1;76;70;64;6;216
2025-08-02;PM;??;100677;1;4;88;60;66;2;216
2025-08-02;PM;??;100698;1;2;89;54;71;2;216
2025-08-02;PM;??;100315;1;2;96;49;65;5;215
2025-08-02;PM;??;100366;0;4;53;87;70;5;215
2025-08-02;PM;??;100587;0;4;76;60;78;1;215
2025-08-02;PM;??;100715;0;2;67;64;77;7;215
2025-08-02;PM;??;100437;1;1;84;67;60;3;214
2025-08-02;PM;??;100507;1;4;53;96;56;9;214
2025-08-02;PM;??;100647;1;3;94;64;54;2;214
2025-08-02;PM;??;100664;1;4;73;57;84;0;214
2025-08-02;PM;??;100320;1;2;68;72;71;2;213
2025-08-02;PM;??;100409;0;1;75;61;76;1;213
2025-08-02;PM;??;100653;0;4;74;67;63;9;213
2025-08-02;PM;??;100326;1;4;90;59;55;8;212
2025-08-02;PM;??;100568;1;2;63;61;78;10;212
2025-08-02;PM;??;100582;1;2;54;61;91;6;212
2025-08-02;PM;??;100595;1;2;83;57;70;2;212
2025-08-02;PM;??;100681;1;2;59;92;58;3;212
2025-08-02;PM;??;100693;0;1;93;60;53;6;212
2025-08-02;PM;??;100704;1;3;78;82;50;2;212
2025-08-02;PM;??;100560;1;2;86;57;61;7;211
2025-08-02;PM;??;100611;1;3;66;84;51;10;211
2025-08-02;PM;??;100648;1;3;53;56;99;3;211
2025-08-02;PM;??;100655;1;2;49;70;84;8;211
2025-08-02;PM;??;100707;1;4;50;52;99;10;211
2025-08-02;PM;??;100346;0;4;64;68;71;6;209
2025-08-02;PM;??;100488;0;4;77;50;80;2;209
2025-08-02;PM;??;100622;0;3;54;95;54;6;209
2025-08-02;PM;??;100634;1;4;74;70;63;2;209
2025-08-02;PM;??;100637;1;3;77;55;72;5;209
2025-08-02;PM;??;100337;1;4;62;64;75;7;208
2025-08-02;PM;??;100339;1;3;58;73;69;8;208
2025-08-02;PM;??;100535;1;3;63;68;73;4;208
2025-08-02;PM;??;100562;1;1;86;52;62;8;208
2025-08-02;PM;??;100613;1;3;78;77;53;0;208
2025-08-02;PM;??;100540;1;1;52;88;65;2;207
2025-08-02;PM;??;100547;1;1;84;70;52;1;207
2025-08-02;PM;??;100348;1;3;52;48;96;10;206
2025-08-02;PM;??;100660;1;4;59;74;70;2;205
2025-08-02;PM;??;100733;1;2;63;82;55;5;205
2025-08-02;PM;??;100410;1;1;51;60;85;8;204
2025-08-02;PM;??;100561;1;2;55;88;57;4;204
2025-08-02;PM;??;100730;1;1;55;85;62;2;204
2025-08-02;PM;??;100361;1;3;49;100;52;2;203
2025-08-02;PM;??;100512;1;1;62;61;72;8;203
2025-08-02;PM;??;100539;1;3;75;72;51;5;203
2025-08-02;PM;??;100310;1;4;70;50;75;7;202
2025-08-02;PM;??;100428;1;1;51;59;84;8;202
2025-08-02;PM;??;100590;0;3;54;97;49;2;202
2025-08-02;PM;??;100392;1;4;52;93;51;5;201
2025-08-02;PM;??;100405;1;4;57;88;51;5;201
2025-08-02;PM;??;100495;0;4;52;79;63;7;201
2025-08-02;PM;??;100360;0;2;51;73;73;3;200
2025-08-02;PM;??;100503;0;1;62;51;84;3;200
2025-08-02;PM;??;100697;0;1;67;76;53;4;200
2025-08-02;PM;??;100544;1;1;78;56;60;5;199
2025-08-02;PM;??;100517;1;2;58;69;71;0;198
2025-08-02;PM;??;100592;0;1;75;53;67;3;198
2025-08-02;PM;??;100608;0;3;59;67;66;6;198
2025-08-02;PM;??;100641;0;4;73;52;67;6;198
2025-08-02;PM;??;100724;1;4;59;53;76;10;198
2025-08-02;PM;??;100536;0;1;72;56;62;7;197
2025-08-02;PM;??;100728;1;2;66;63;58;10;197
2025-08-02;PM;??;100352;1;4;48;77;66;5;196
2025-08-02;PM;??;100679;0;1;51;68;72;5;196
2025-08-02;PM;??;100545;0;2;81;57;48;9;195
2025-08-02;PM;??;100691;0;3;62;79;51;3;195
2025-08-02;PM;??;100441;1;4;52;48;92;2;194
2025-08-02;PM;??;100667;1;1;72;58;58;6;194
2025-08-02;PM;??;100334;1;4;85;48;59;1;193
2025-08-02;PM;??;100413;0;1;51;69;72;1;193
2025-08-02;PM;??;100563;0;4;60;54;77;2;193
2025-08-02;PM;??;100644;0;2;55;50;86;2;193
2025-08-02;PM;??;100519;1;3;81;61;49;1;192
2025-08-02;PM;??;100723;0;3;65;52;75;0;192
2025-08-02;PM;??;100567;1;2;59;72;55;5;191
2025-08-02;PM;??;100408;0;2;50;55;80;4;189
2025-08-02;PM;??;100720;1;4;51;60;78;0;189
2025-08-02;PM;??;100357;0;1;65;70;52;1;188
2025-08-02;PM;??;100432;1;4;59;67;56;6;188
2025-08-02;PM;??;100601;0;4;57;50;80;1;188
2025-08-02;PM;??;100344;1;4;63;63;58;3;187
2025-08-02;PM;??;100404;1;2;62;60;64;1;187
2025-08-02;PM;??;100624;0;1;56;65;56;9;186
2025-08-02;PM;??;100520;0;2;56;55;63;9;183
2025-08-02;PM;??;100531;1;2;54;70;52;7;183
2025-08-02;PM;??;100542;1;4;64;52;63;4;183
2025-08-02;PM;??;100602;1;3;58;72;51;2;183
2025-08-02;PM;??;100673;1;4;54;58;63;8;183
2025-08-02;PM;??;100533;1;1;66;51;58;1;176
2025-08-02;PM;??;100591;1;1;65;53;56;0;174
2025-08-02;PM;??;100725;1;1;67;54;53;0;174
2025-08-02;PM;??;100537;1;4;55;57;51;5;168
2025-08-02;IVT;???;100248;1;3;100;100;98;3;301
2025-08-02;IVT;???;100513;1;2;96;100;100;5;301
2025-08-02;IVT;???;100521;1;1;96;100;100;1;297
2025-08-02;IVT;???;100756;1;2;100;99;89;8;296
2025-08-02;IVT;???;100530;1;4;87;100;99;8;294
2025-08-02;IVT;???;100390;1;4;84;99;100;9;292
2025-08-02;IVT;???;100399;1;3;100;88;97;6;291
2025-08-02;IVT;???;100435;1;1;100;87;100;4;291
2025-08-02;IVT;???;100748;0;3;98;85;100;8;291
2025-08-02;IVT;???;100456;1;3;100;95;94;1;290
2025-08-02;IVT;???;100745;1;2;96;97;96;0;289
2025-08-02;IVT;???;100483;0;3;85;100;93;10;288
2025-08-02;IVT;???;100528;1;2;100;87;96;5;288
2025-08-02;IVT;???;100233;0;2;100;91;92;2;285
2025-08-02;IVT;???;100380;1;2;100;83;100;0;283
2025-08-02;IVT;???;100534;1;2;89;100;93;1;283
2025-08-02;IVT;???;100194;1;2;93;88;95;6;282
2025-08-02;IVT;???;100247;0;4;74;100;99;6;279
2025-08-02;IVT;???;100388;1;3;94;99;77;9;279
2025-08-02;IVT;???;100185;1;2;87;88;99;4;278
2025-08-02;IVT;???;100500;1;3;88;80;100;10;278
2025-08-02;IVT;???;100775;0;1;100;85;88;2;275
2025-08-02;IVT;???;100184;0;3;91;74;99;10;274
2025-08-02;IVT;???;100309;1;2;89;99;78;8;274
2025-08-02;IVT;???;100321;1;3;77;94;100;3;274
2025-08-02;IVT;???;100379;0;2;87;100;84;3;274
2025-08-02;IVT;???;100382;1;2;100;86;78;10;274
2025-08-02;IVT;???;100509;1;3;76;97;94;7;274
2025-08-02;IVT;???;100211;0;2;96;100;71;5;272
2025-08-02;IVT;???;100270;1;1;79;92;98;3;272
2025-08-02;IVT;???;100411;0;3;71;100;94;7;272
2025-08-02;IVT;???;100556;1;3;83;86;100;3;272
2025-08-02;IVT;???;100438;1;3;98;66;98;9;271
2025-08-02;IVT;???;100482;0;2;81;100;81;9;271
2025-08-02;IVT;???;100758;0;3;99;70;100;2;271
2025-08-02;IVT;???;100374;0;1;87;93;80;10;270
2025-08-02;IVT;???;100514;1;2;90;85;86;9;270
2025-08-02;IVT;???;100245;1;3;90;90;85;4;269
2025-08-02;IVT;???;100578;1;3;100;100;63;6;269
2025-08-02;IVT;???;100373;1;2;100;63;94;10;267
2025-08-02;IVT;???;100743;0;1;74;100;90;3;267
2025-08-02;IVT;???;100177;0;2;87;74;100;5;266
2025-08-02;IVT;???;100200;1;2;96;100;68;2;266
2025-08-02;IVT;???;100327;1;3;80;82;96;8;266
2025-08-02;IVT;???;100427;1;3;96;94;75;1;266
2025-08-02;IVT;???;100181;1;2;100;70;91;4;265
2025-08-02;IVT;???;100329;0;1;86;96;79;4;265
2025-08-02;IVT;???;100395;1;3;95;75;91;4;265
2025-08-02;IVT;???;100479;1;3;82;100;79;4;265
2025-08-02;IVT;???;100527;1;4;67;99;98;1;265
2025-08-02;IVT;???;100166;1;3;78;85;98;3;264
2025-08-02;IVT;???;100174;1;3;98;62;96;8;264
2025-08-02;IVT;???;100271;0;3;98;100;57;9;264
2025-08-02;IVT;???;100370;1;2;100;66;91;7;264
2025-08-02;IVT;???;100502;1;3;99;68;89;8;264
2025-08-02;IVT;???;100319;1;2;75;88;100;0;263
2025-08-02;IVT;???;100336;0;3;99;71;85;8;263
2025-08-02;IVT;???;100402;0;2;100;82;75;6;263
2025-08-02;IVT;???;100518;0;3;99;98;65;1;263
2025-08-02;IVT;???;100767;0;3;100;100;60;3;263
2025-08-02;IVT;???;100208;1;2;83;89;82;8;262
2025-08-02;IVT;???;100223;1;3;81;85;95;1;262
2025-08-02;IVT;???;100340;0;3;64;98;100;0;262
2025-08-02;IVT;???;100385;1;2;91;88;76;7;262
2025-08-02;IVT;???;100420;1;1;61;94;100;7;262
2025-08-02;IVT;???;100529;1;1;97;70;94;1;262
2025-08-02;IVT;???;100167;0;3;74;100;82;5;261
2025-08-02;IVT;???;100189;1;1;73;95;89;4;261
2025-08-02;IVT;???;100222;1;1;96;92;65;8;261
2025-08-02;IVT;???;100406;1;2;89;95;67;10;261
2025-08-02;IVT;???;100207;1;2;77;100;78;5;260
2025-08-02;IVT;???;100343;1;3;84;92;82;2;260
2025-08-02;IVT;???;100345;1;2;100;73;81;6;260
2025-08-02;IVT;???;100377;1;2;100;71;89;0;260
2025-08-02;IVT;???;100397;1;2;92;86;73;9;260
2025-08-02;IVT;???;100403;1;4;72;96;82;10;260
2025-08-02;IVT;???;100566;0;3;91;84;77;8;260
2025-08-02;IVT;???;100757;1;2;80;81;94;5;260
2025-08-02;IVT;???;100765;1;3;74;97;83;6;260
2025-08-02;IVT;???;100213;0;2;78;86;93;2;259
2025-08-02;IVT;???;100532;1;2;87;100;63;9;259
2025-08-02;IVT;???;100558;0;3;89;68;96;6;259
2025-08-02;IVT;???;100183;0;1;95;63;97;3;258
2025-08-02;IVT;???;100239;1;3;85;96;67;9;257
2025-08-02;IVT;???;100325;1;3;73;78;100;6;257
2025-08-02;IVT;???;100458;1;4;87;94;72;4;257
2025-08-02;IVT;???;100523;1;3;67;94;95;1;257
2025-08-02;IVT;???;100209;1;2;93;62;100;1;256
2025-08-02;IVT;???;100311;1;3;99;76;76;5;256
2025-08-02;IVT;???;100328;1;2;79;70;100;7;256
2025-08-02;IVT;???;100422;0;2;98;57;92;9;256
2025-08-02;IVT;???;100425;0;2;84;92;77;3;256
2025-08-02;IVT;???;100499;1;2;65;86;100;5;256
2025-08-02;IVT;???;100749;1;2;73;84;96;3;256
2025-08-02;IVT;???;100317;0;2;80;91;83;1;255
2025-08-02;IVT;???;100415;0;1;76;73;100;6;255
2025-08-02;IVT;???;100490;1;3;81;71;94;9;255
2025-08-02;IVT;???;100754;1;1;86;70;97;2;255
2025-08-02;IVT;???;100766;1;3;79;97;79;0;255
2025-08-02;IVT;???;100193;1;2;52;98;97;7;254
2025-08-02;IVT;???;100257;0;1;95;57;100;2;254
2025-08-02;IVT;???;100524;1;3;57;97;91;9;254
2025-08-02;IVT;???;100322;1;4;77;91;82;2;252
2025-08-02;IVT;???;100426;0;3;100;71;81;0;252
2025-08-02;IVT;???;100506;0;3;98;79;74;1;252
2025-08-02;IVT;???;100525;1;3;88;97;58;9;252
2025-08-02;IVT;???;100555;0;4;88;100;63;1;252
2025-08-02;IVT;???;100198;0;3;70;71;100;10;251
2025-08-02;IVT;???;100434;1;1;68;74;100;9;251
2025-08-02;IVT;???;100755;1;3;100;58;86;7;251
2025-08-02;IVT;???;100763;1;3;100;54;96;1;251
2025-08-02;IVT;???;100372;0;3;87;73;80;10;250
2025-08-02;IVT;???;100762;0;4;94;56;98;2;250
2025-08-02;IVT;???;100202;0;2;71;90;84;4;249
2025-08-02;IVT;???;100216;0;3;81;96;63;9;249
2025-08-02;IVT;???;100324;0;2;100;55;84;10;249
2025-08-02;IVT;???;100398;0;3;58;97;93;1;249
2025-08-02;IVT;???;100498;0;4;73;76;95;5;249
2025-08-02;IVT;???;100504;0;3;92;69;88;0;249
2025-08-02;IVT;???;100232;1;2;63;94;89;2;248
2025-08-02;IVT;???;100277;1;2;68;98;81;1;248
2025-08-02;IVT;???;100416;1;3;100;63;77;8;248
2025-08-02;IVT;???;100516;1;2;96;61;91;0;248
2025-08-02;IVT;???;100541;1;1;83;91;64;10;248
2025-08-02;IVT;???;100572;0;3;90;79;72;7;248
2025-08-02;IVT;???;100773;0;4;75;82;84;7;248
2025-08-02;IVT;???;100313;0;2;87;87;68;5;247
2025-08-02;IVT;???;100323;0;2;76;100;71;0;247
2025-08-02;IVT;???;100484;1;2;64;79;100;4;247
2025-08-02;IVT;???;100486;0;3;100;92;54;1;247
2025-08-02;IVT;???;100489;0;3;97;65;83;2;247
2025-08-02;IVT;???;100206;1;3;75;93;74;4;246
2025-08-02;IVT;???;100227;1;2;57;93;91;5;246
2025-08-02;IVT;???;100387;1;3;75;70;92;9;246
2025-08-02;IVT;???;100450;1;3;73;89;80;4;246
2025-08-02;IVT;???;100452;0;3;90;55;93;8;246
2025-08-02;IVT;???;100496;1;3;100;78;60;8;246
2025-08-02;IVT;???;100204;1;3;85;71;83;6;245
2025-08-02;IVT;???;100225;0;3;100;78;57;10;245
2025-08-02;IVT;???;100347;1;2;89;95;58;3;245
2025-08-02;IVT;???;100752;0;2;84;83;72;6;245
2025-08-02;IVT;???;100259;0;3;69;80;95;0;244
2025-08-02;IVT;???;100739;1;3;51;93;92;8;244
2025-08-02;IVT;???;100278;0;2;91;50;95;7;243
2025-08-02;IVT;???;100330;0;1;61;79;100;3;243
2025-08-02;IVT;???;100378;1;3;62;96;85;0;243
2025-08-02;IVT;???;100394;1;1;81;76;79;7;243
2025-08-02;IVT;???;100417;1;2;89;100;53;1;243
2025-08-02;IVT;???;100431;1;4;79;57;100;7;243
2025-08-02;IVT;???;100551;0;3;63;85;92;3;243
2025-08-02;IVT;???;100168;0;1;78;67;89;8;242
2025-08-02;IVT;???;100197;0;3;81;61;98;2;242
2025-08-02;IVT;???;100235;0;3;73;59;100;10;242
2025-08-02;IVT;???;100261;0;3;79;57;100;6;242
2025-08-02;IVT;???;100275;0;1;76;73;90;3;242
2025-08-02;IVT;???;100316;1;3;82;97;62;1;242
2025-08-02;IVT;???;100423;1;2;64;69;100;9;242
2025-08-02;IVT;???;100557;1;3;82;95;59;6;242
2025-08-02;IVT;???;100744;1;3;50;89;100;3;242
2025-08-02;IVT;???;100199;1;2;85;51;95;10;241
2025-08-02;IVT;???;100220;0;3;93;61;79;8;241
2025-08-02;IVT;???;100237;0;4;74;100;59;8;241
2025-08-02;IVT;???;100240;0;1;68;72;96;5;241
2025-08-02;IVT;???;100253;0;1;93;53;93;2;241
2025-08-02;IVT;???;100262;1;3;77;85;72;7;241
2025-08-02;IVT;???;100497;1;4;100;87;53;1;241
2025-08-02;IVT;???;100526;0;3;70;100;63;8;241
2025-08-02;IVT;???;100553;1;3;86;66;79;10;241
2025-08-02;IVT;???;100774;1;1;97;51;89;4;241
2025-08-02;IVT;???;100400;1;3;57;85;93;5;240
2025-08-02;IVT;???;100419;1;2;52;100;78;10;240
2025-08-02;IVT;???;100430;0;2;81;97;54;8;240
2025-08-02;IVT;???;100577;0;3;83;54;100;3;240
2025-08-02;IVT;???;100169;0;1;100;81;57;1;239
2025-08-02;IVT;???;100201;0;3;65;95;77;2;239
2025-08-02;IVT;???;100243;1;2;100;53;78;8;239
2025-08-02;IVT;???;100375;1;2;66;90;82;1;239
2025-08-02;IVT;???;100421;0;3;71;100;58;10;239
2025-08-02;IVT;???;100575;0;2;94;60;82;3;239
2025-08-02;IVT;???;100576;1;2;89;80;69;1;239
2025-08-02;IVT;???;100741;0;3;61;98;79;1;239
2025-08-02;IVT;???;100190;0;3;66;85;81;6;238
2025-08-02;IVT;???;100570;1;4;96;61;76;5;238
2025-08-02;IVT;???;100176;1;2;71;59;100;7;237
2025-08-02;IVT;???;100210;1;2;81;76;80;0;237
2025-08-02;IVT;???;100229;1;1;74;94;66;3;237
2025-08-02;IVT;???;100242;1;2;82;95;55;5;237
2025-08-02;IVT;???;100480;1;2;55;99;76;7;237
2025-08-02;IVT;???;100565;1;2;70;65;99;3;237
2025-08-02;IVT;???;100255;1;2;59;97;70;10;236
2025-08-02;IVT;???;100335;1;2;67;100;60;9;236
2025-08-02;IVT;???;100424;1;2;52;87;92;5;236
2025-08-02;IVT;???;100492;1;3;72;87;73;4;236
2025-08-02;IVT;???;100740;1;4;72;84;76;4;236
2025-08-02;IVT;???;100407;0;2;76;55;97;7;235
2025-08-02;IVT;???;100412;0;3;77;98;58;2;235
2025-08-02;IVT;???;100455;1;1;100;66;65;4;235
2025-08-02;IVT;???;100188;1;2;86;69;71;8;234
2025-08-02;IVT;???;100238;1;2;66;90;77;1;234
2025-08-02;IVT;???;100332;1;3;69;87;74;4;234
2025-08-02;IVT;???;100393;0;2;70;68;94;2;234
2025-08-02;IVT;???;100173;0;3;80;66;80;7;233
2025-08-02;IVT;???;100186;0;1;100;53;73;7;233
2025-08-02;IVT;???;100276;1;4;100;66;67;0;233
2025-08-02;IVT;???;100314;1;3;58;86;85;4;233
2025-08-02;IVT;???;100433;0;3;49;92;90;2;233
2025-08-02;IVT;???;100554;1;1;65;83;79;6;233
2025-08-02;IVT;???;100436;1;3;97;64;63;8;232
2025-08-02;IVT;???;100487;1;2;67;64;95;6;232
2025-08-02;IVT;???;100552;1;3;83;64;75;10;232
2025-08-02;IVT;???;100172;0;3;85;53;84;9;231
2025-08-02;IVT;???;100212;0;3;91;76;56;8;231
2025-08-02;IVT;???;100215;0;3;100;62;68;1;231
2025-08-02;IVT;???;100274;1;3;68;99;64;0;231
2025-08-02;IVT;???;100493;1;3;73;75;82;1;231
2025-08-02;IVT;???;100548;0;2;73;66;85;7;231
2025-08-02;IVT;???;100564;0;1;59;68;96;8;231
2025-08-02;IVT;???;100746;1;3;79;71;77;4;231
2025-08-02;IVT;???;100196;0;2;65;62;100;3;230
2025-08-02;IVT;???;100269;1;3;49;100;81;0;230
2025-08-02;IVT;???;100272;1;3;100;75;52;3;230
2025-08-02;IVT;???;100538;0;2;54;86;84;6;230
2025-08-02;IVT;???;100182;0;3;75;97;54;3;229
2025-08-02;IVT;???;100481;0;2;66;97;64;2;229
2025-08-02;IVT;???;100515;1;2;73;93;61;2;229
2025-08-02;IVT;???;100546;0;3;87;81;58;3;229
2025-08-02;IVT;???;100742;0;2;88;51;81;9;229
2025-08-02;IVT;???;100179;0;4;62;80;77;9;228
2025-08-02;IVT;???;100251;1;2;78;74;75;1;228
2025-08-02;IVT;???;100256;0;1;100;66;62;0;228
2025-08-02;IVT;???;100268;0;2;100;56;67;5;228
2025-08-02;IVT;???;100318;1;4;67;100;57;4;228
2025-08-02;IVT;???;100396;0;2;98;64;58;8;228
2025-08-02;IVT;???;100429;1;3;54;74;100;0;228
2025-08-02;IVT;???;100501;1;3;72;66;86;4;228
2025-08-02;IVT;???;100569;1;2;55;83;90;0;228
2025-08-02;IVT;???;100226;1;3;56;100;67;4;227
2025-08-02;IVT;???;100510;0;3;84;73;65;5;227
2025-08-02;IVT;???;100205;1;2;65;70;84;7;226
2025-08-02;IVT;???;100331;0;4;56;70;90;10;226
2025-08-02;IVT;???;100389;1;1;56;61;100;9;226
2025-08-02;IVT;???;100485;1;3;96;63;59;7;225
2025-08-02;IVT;???;100522;1;2;49;79;90;7;225
2025-08-02;IVT;???;100192;1;1;67;95;59;3;224
2025-08-02;IVT;???;100195;0;1;51;69;99;5;224
2025-08-02;IVT;???;100342;1;1;62;81;72;9;224
2025-08-02;IVT;???;100376;0;2;99;51;67;7;224
2025-08-02;IVT;???;100391;0;2;68;71;84;1;224
2025-08-02;IVT;???;100401;0;2;55;92;72;5;224
2025-08-02;IVT;???;100574;1;3;52;69;100;3;224
2025-08-02;IVT;???;100772;0;2;91;75;57;1;224
2025-08-02;IVT;???;100266;1;3;62;78;73;10;223
2025-08-02;IVT;???;100453;1;3;89;66;60;8;223
2025-08-02;IVT;???;100170;1;3;99;50;72;1;222
2025-08-02;IVT;???;100338;0;4;82;83;53;4;222
2025-08-02;IVT;???;100386;1;2;59;90;72;1;222
2025-08-02;IVT;???;100418;1;3;66;69;78;9;222
2025-08-02;IVT;???;100175;1;2;75;53;85;8;221
2025-08-02;IVT;???;100230;1;2;83;76;53;9;221
2025-08-02;IVT;???;100312;1;1;65;52;98;6;221
2025-08-02;IVT;???;100511;0;2;66;92;55;8;221
2025-08-02;IVT;???;100549;0;2;95;60;57;9;221
2025-08-02;IVT;???;100550;1;2;64;86;61;10;221
2025-08-02;IVT;???;100171;1;2;52;81;86;1;220
2025-08-02;IVT;???;100178;0;4;64;53;100;3;220
2025-08-02;IVT;???;100187;0;4;51;61;100;8;220
2025-08-02;IVT;???;100341;1;3;100;65;54;1;220
2025-08-02;IVT;???;100571;1;3;86;80;52;2;220
2025-08-02;IVT;???;100203;0;2;56;100;62;1;219
2025-08-02;IVT;???;100414;1;3;68;91;50;10;219
2025-08-02;IVT;???;100454;1;3;52;100;65;2;219
2025-08-02;IVT;???;100505;1;2;58;53;100;8;219
2025-08-02;IVT;???;100508;0;4;63;60;89;7;219
2025-08-02;IVT;???;100543;1;3;49;94;72;4;219
2025-08-02;IVT;???;100333;0;2;91;69;55;3;218
2025-08-02;IVT;???;100381;0;3;64;81;69;4;218
2025-08-02;IVT;???;100384;0;3;58;98;62;0;218
2025-08-02;IVT;???;100559;1;3;92;59;64;3;218
2025-08-02;IVT;???;100573;0;2;69;98;48;3;218
2025-08-02;IVT;???;100747;1;1;55;98;59;6;218
2025-08-02;IVT;???;100750;0;4;91;55;67;5;218
2025-08-02;IVT;???;100764;1;2;93;62;62;1;218
2025-08-02;IVT;???;100214;0;2;58;66;93;0;217
2025-08-02;IVT;???;100369;1;3;55;67;89;6;217
2025-08-02;IVT;???;100449;0;3;49;70;92;5;216
2025-08-02;IVT;???;100491;0;2;60;55;99;2;216
2025-08-02;IVT;???;100494;1;2;72;66;73;5;216
2025-08-02;IVT;???;100228;1;1;60;66;82;7;215
2025-08-02;IVT;???;100236;0;2;67;88;60;0;215
2025-08-02;IVT;???;100315;1;4;96;49;65;5;215
2025-08-02;IVT;???;100241;0;3;49;70;92;3;214
2025-08-02;IVT;???;100265;0;3;55;94;58;7;214
2025-08-02;IVT;???;100437;1;2;84;67;60;3;214
2025-08-02;IVT;???;100507;1;3;53;96;56;9;214
2025-08-02;IVT;???;100751;1;2;62;70;74;8;214
2025-08-02;IVT;???;100760;0;2;71;60;83;0;214
2025-08-02;IVT;???;100258;0;2;86;52;72;3;213
2025-08-02;IVT;???;100320;1;3;68;72;71;2;213
2025-08-02;IVT;???;100409;0;2;75;61;76;1;213
2025-08-02;IVT;???;100451;1;2;57;74;75;7;213
2025-08-02;IVT;???;100219;1;3;65;67;73;7;212
2025-08-02;IVT;???;100326;1;3;90;59;55;8;212
2025-08-02;IVT;???;100568;1;4;63;61;78;10;212
2025-08-02;IVT;???;100560;1;4;86;57;61;7;211
2025-08-02;IVT;???;100753;0;3;90;52;69;0;211
2025-08-02;IVT;???;100180;0;3;60;50;100;0;210
2025-08-02;IVT;???;100260;1;2;68;56;76;10;210
2025-08-02;IVT;???;100769;0;3;83;68;50;9;210
2025-08-02;IVT;???;100221;0;3;54;82;73;0;209
2025-08-02;IVT;???;100273;0;2;83;54;66;6;209
2025-08-02;IVT;???;100346;0;3;64;68;71;6;209
2025-08-02;IVT;???;100488;0;3;77;50;80;2;209
2025-08-02;IVT;???;100771;0;2;80;66;59;4;209
2025-08-02;IVT;???;100337;1;1;62;64;75;7;208
2025-08-02;IVT;???;100339;1;2;58;73;69;8;208
2025-08-02;IVT;???;100383;1;2;58;83;59;8;208
2025-08-02;IVT;???;100535;1;2;63;68;73;4;208
2025-08-02;IVT;???;100562;1;2;86;52;62;8;208
2025-08-02;IVT;???;100759;0;3;80;56;66;6;208
2025-08-02;IVT;???;100218;0;2;92;56;59;0;207
2025-08-02;IVT;???;100263;1;3;63;55;83;6;207
2025-08-02;IVT;???;100540;1;3;52;88;65;2;207
2025-08-02;IVT;???;100547;1;2;84;70;52;1;207
2025-08-02;IVT;???;100348;1;2;52;48;96;10;206
2025-08-02;IVT;???;100246;1;2;57;89;57;2;205
2025-08-02;IVT;???;100410;1;3;51;60;85;8;204
2025-08-02;IVT;???;100561;1;1;55;88;57;4;204
2025-08-02;IVT;???;100512;1;2;62;61;72;8;203
2025-08-02;IVT;???;100539;1;2;75;72;51;5;203
2025-08-02;IVT;???;100267;1;2;78;61;59;4;202
2025-08-02;IVT;???;100310;1;3;70;50;75;7;202
2025-08-02;IVT;???;100428;1;4;51;59;84;8;202
2025-08-02;IVT;???;100392;1;3;52;93;51;5;201
2025-08-02;IVT;???;100405;1;3;57;88;51;5;201
2025-08-02;IVT;???;100495;0;3;52;79;63;7;201
2025-08-02;IVT;???;100503;0;2;62;51;84;3;200
2025-08-02;IVT;???;100544;1;3;78;56;60;5;199
2025-08-02;IVT;???;100517;1;4;58;69;71;0;198
2025-08-02;IVT;???;100264;0;2;56;56;84;1;197
2025-08-02;IVT;???;100536;0;3;72;56;62;7;197
2025-08-02;IVT;???;100545;0;4;81;57;48;9;195
2025-08-02;IVT;???;100334;1;2;85;48;59;1;193
2025-08-02;IVT;???;100413;0;3;51;69;72;1;193
2025-08-02;IVT;???;100563;0;3;60;54;77;2;193
2025-08-02;IVT;???;100768;0;1;56;75;55;7;193
2025-08-02;IVT;???;100244;1;2;53;55;78;6;192
2025-08-02;IVT;???;100519;1;2;81;61;49;1;192
2025-08-02;IVT;???;100371;0;2;61;70;53;7;191
2025-08-02;IVT;???;100457;1;3;51;53;85;2;191
2025-08-02;IVT;???;100567;1;3;59;72;55;5;191
2025-08-02;IVT;???;100770;0;3;71;62;57;0;190
2025-08-02;IVT;???;100408;0;1;50;55;80;4;189
2025-08-02;IVT;???;100761;0;3;54;71;56;8;189
2025-08-02;IVT;???;100432;1;3;59;67;56;6;188
2025-08-02;IVT;???;100344;1;1;63;63;58;3;187
2025-08-02;IVT;???;100404;1;1;62;60;64;1;187
2025-08-02;IVT;???;100231;1;3;59;56;63;7;185
2025-08-02;IVT;???;100520;0;1;56;55;63;9;183
2025-08-02;IVT;???;100531;1;4;54;70;52;7;183
2025-08-02;IVT;???;100542;1;3;64;52;63;4;183
2025-08-02;IVT;???;100224;0;2;61;52;60;7;180
2025-08-02;IVT;???;100254;0;2;58;65;56;1;180
2025-08-02;IVT;???;100217;0;2;68;52;56;3;179
2025-08-02;IVT;???;100249;1;3;58;49;66;3;176
2025-08-02;IVT;???;100533;1;2;66;51;58;1;176
2025-08-02;IVT;???;100250;1;2;59;51;60;4;174
2025-08-02;IVT;???;100252;1;3;57;51;58;8;174
2025-08-02;IVT;???;100537;1;2;55;57;51;5;168
2025-08-02;IVT;???;100191;1;3;61;52;51;3;167
2025-08-02;IVT;???;100234;1;3;54;50;51;6;161
2025-08-02;ITSS;????;100630;0;2;100;99;95;6;300
2025-08-02;ITSS;????;100661;1;3;98;92;100;10;300
2025-08-02;ITSS;????;100756;1;3;100;99;89;8;296
2025-08-02;ITSS;????;100294;1;2;100;85;100;9;294
2025-08-02;ITSS;????;100593;1;4;99;89;100;5;293
2025-08-02;ITSS;????;100390;1;2;84;99;100;9;292
2025-08-02;ITSS;????;100399;1;1;100;88;97;6;291
2025-08-02;ITSS;????;100435;1;3;100;87;100;4;291
2025-08-02;ITSS;????;100594;1;2;88;100;100;3;291
2025-08-02;ITSS;????;100748;0;2;98;85;100;8;291
2025-08-02;ITSS;????;100368;1;2;100;99;84;6;289
2025-08-02;ITSS;????;100745;1;3;96;97;96;0;289
2025-08-02;ITSS;????;100354;0;2;100;83;99;6;288
2025-08-02;ITSS;????;100605;1;3;85;100;93;8;286
2025-08-02;ITSS;????;100676;1;3;100;87;93;5;285
2025-08-02;ITSS;????;100380;1;3;100;83;100;0;283
2025-08-02;ITSS;????;100194;1;3;93;88;95;6;282
2025-08-02;ITSS;????;100388;1;2;94;99;77;9;279
2025-08-02;ITSS;????;100635;0;2;98;100;81;0;279
2025-08-02;ITSS;????;100185;1;4;87;88;99;4;278
2025-08-02;ITSS;????;100617;0;1;100;85;85;8;278
2025-08-02;ITSS;????;100356;1;4;90;78;100;9;277
2025-08-02;ITSS;????;100296;1;2;92;97;83;4;276
2025-08-02;ITSS;????;100367;1;4;77;94;100;4;275
2025-08-02;ITSS;????;100621;0;2;87;100;78;10;275
2025-08-02;ITSS;????;100775;0;2;100;85;88;2;275
2025-08-02;ITSS;????;100184;0;4;91;74;99;10;274
2025-08-02;ITSS;????;100309;1;4;89;99;78;8;274
2025-08-02;ITSS;????;100321;1;2;77;94;100;3;274
2025-08-02;ITSS;????;100379;0;3;87;100;84;3;274
2025-08-02;ITSS;????;100382;1;3;100;86;78;10;274
2025-08-02;ITSS;????;100291;0;1;100;86;85;2;273
2025-08-02;ITSS;????;100211;0;3;96;100;71;5;272
2025-08-02;ITSS;????;100280;1;4;89;94;80;9;272
2025-08-02;ITSS;????;100411;0;4;71;100;94;7;272
2025-08-02;ITSS;????;100650;1;3;78;88;100;6;272
2025-08-02;ITSS;????;100351;1;3;94;100;72;5;271
2025-08-02;ITSS;????;100438;1;2;98;66;98;9;271
2025-08-02;ITSS;????;100627;1;2;99;65;99;8;271
2025-08-02;ITSS;????;100758;0;2;99;70;100;2;271
2025-08-02;ITSS;????;100282;1;4;98;71;100;1;270
2025-08-02;ITSS;????;100374;0;3;87;93;80;10;270
2025-08-02;ITSS;????;100285;1;4;95;72;100;2;269
2025-08-02;ITSS;????;100603;0;3;97;84;87;1;269
2025-08-02;ITSS;????;100626;0;1;70;100;98;1;269
2025-08-02;ITSS;????;100638;1;3;95;81;87;6;269
2025-08-02;ITSS;????;100657;1;1;91;80;92;5;268
2025-08-02;ITSS;????;100288;0;4;87;95;81;4;267
2025-08-02;ITSS;????;100373;1;3;100;63;94;10;267
2025-08-02;ITSS;????;100743;0;3;74;100;90;3;267
2025-08-02;ITSS;????;100177;0;4;87;74;100;5;266
2025-08-02;ITSS;????;100200;1;4;96;100;68;2;266
2025-08-02;ITSS;????;100327;1;2;80;82;96;8;266
2025-08-02;ITSS;????;100427;1;1;96;94;75;1;266
2025-08-02;ITSS;????;100181;1;3;100;70;91;4;265
2025-08-02;ITSS;????;100395;1;2;95;75;91;4;265
2025-08-02;ITSS;????;100662;1;4;86;89;89;1;265
2025-08-02;ITSS;????;100166;1;1;78;85;98;3;264
2025-08-02;ITSS;????;100174;1;4;98;62;96;8;264
2025-08-02;ITSS;????;100293;1;1;98;67;92;7;264
2025-08-02;ITSS;????;100370;1;3;100;66;91;7;264
2025-08-02;ITSS;????;100589;0;3;89;84;87;4;264
2025-08-02;ITSS;????;100646;1;2;100;70;90;4;264
2025-08-02;ITSS;????;100674;0;4;82;92;80;10;264
2025-08-02;ITSS;????;100319;1;4;75;88;100;0;263
2025-08-02;ITSS;????;100402;0;3;100;82;75;6;263
2025-08-02;ITSS;????;100767;0;2;100;100;60;3;263
2025-08-02;ITSS;????;100208;1;3;83;89;82;8;262
2025-08-02;ITSS;????;100223;1;2;81;85;95;1;262
2025-08-02;ITSS;????;100385;1;4;91;88;76;7;262
2025-08-02;ITSS;????;100420;1;3;61;94;100;7;262
2025-08-02;ITSS;????;100672;0;3;100;99;59;4;262
2025-08-02;ITSS;????;100167;0;2;74;100;82;5;261
2025-08-02;ITSS;????;100189;1;3;73;95;89;4;261
2025-08-02;ITSS;????;100222;1;2;96;92;65;8;261
2025-08-02;ITSS;????;100406;1;4;89;95;67;10;261
2025-08-02;ITSS;????;100585;1;2;86;78;95;2;261
2025-08-02;ITSS;????;100671;0;3;89;98;65;9;261
2025-08-02;ITSS;????;100207;1;1;77;100;78;5;260
2025-08-02;ITSS;????;100377;1;4;100;71;89;0;260
2025-08-02;ITSS;????;100397;1;4;92;86;73;9;260
2025-08-02;ITSS;????;100403;1;2;72;96;82;10;260
2025-08-02;ITSS;????;100636;1;3;68;93;93;6;260
2025-08-02;ITSS;????;100757;1;3;80;81;94;5;260
2025-08-02;ITSS;????;100765;1;4;74;97;83;6;260
2025-08-02;ITSS;????;100213;0;1;78;86;93;2;259
2025-08-02;ITSS;????;100461;1;4;97;90;66;6;259
2025-08-02;ITSS;????;100580;1;4;69;100;81;9;259
2025-08-02;ITSS;????;100183;0;4;95;63;97;3;258
2025-08-02;ITSS;????;100292;1;4;64;98;96;0;258
2025-08-02;ITSS;????;100629;0;4;64;100;88;6;258
2025-08-02;ITSS;????;100325;1;4;73;78;100;6;257
2025-08-02;ITSS;????;100628;1;1;85;66;100;6;257
2025-08-02;ITSS;????;100209;1;4;93;62;100;1;256
2025-08-02;ITSS;????;100311;1;2;99;76;76;5;256
2025-08-02;ITSS;????;100328;1;3;79;70;100;7;256
2025-08-02;ITSS;????;100422;0;3;98;57;92;9;256
2025-08-02;ITSS;????;100425;0;1;84;92;77;3;256
2025-08-02;ITSS;????;100618;1;3;91;83;73;9;256
2025-08-02;ITSS;????;100639;0;2;54;100;97;5;256
2025-08-02;ITSS;????;100640;1;2;100;50;100;6;256
2025-08-02;ITSS;????;100749;1;3;73;84;96;3;256
2025-08-02;ITSS;????;100290;1;2;69;97;81;8;255
2025-08-02;ITSS;????;100317;0;1;80;91;83;1;255
2025-08-02;ITSS;????;100415;0;4;76;73;100;6;255
2025-08-02;ITSS;????;100586;1;4;63;85;100;7;255
2025-08-02;ITSS;????;100649;1;4;96;62;89;8;255
2025-08-02;ITSS;????;100754;1;4;86;70;97;2;255
2025-08-02;ITSS;????;100766;1;4;79;97;79;0;255
2025-08-02;ITSS;????;100193;1;4;52;98;97;7;254
2025-08-02;ITSS;????;100305;0;3;58;96;100;0;254
2025-08-02;ITSS;????;100353;0;2;94;80;72;8;254
2025-08-02;ITSS;????;100612;1;3;65;89;100;0;254
2025-08-02;ITSS;????;100302;0;2;52;97;100;3;252
2025-08-02;ITSS;????;100307;0;3;70;93;84;5;252
2025-08-02;ITSS;????;100322;1;3;77;91;82;2;252
2025-08-02;ITSS;????;100426;0;2;100;71;81;0;252
2025-08-02;ITSS;????;100468;1;4;55;90;100;7;252
2025-08-02;ITSS;????;100198;0;4;70;71;100;10;251
2025-08-02;ITSS;????;100355;0;2;91;87;64;9;251
2025-08-02;ITSS;????;100434;1;2;68;74;100;9;251
2025-08-02;ITSS;????;100755;1;4;100;58;86;7;251
2025-08-02;ITSS;????;100763;1;2;100;54;96;1;251
2025-08-02;ITSS;????;100372;0;2;87;73;80;10;250
2025-08-02;ITSS;????;100762;0;1;94;56;98;2;250
2025-08-02;ITSS;????;100202;0;3;71;90;84;4;249
2025-08-02;ITSS;????;100216;0;1;81;96;63;9;249
2025-08-02;ITSS;????;100324;0;1;100;55;84;10;249
2025-08-02;ITSS;????;100398;0;2;58;97;93;1;249
2025-08-02;ITSS;????;100652;1;4;86;54;100;9;249
2025-08-02;ITSS;????;100416;1;4;100;63;77;8;248
2025-08-02;ITSS;????;100459;0;2;85;72;90;1;248
2025-08-02;ITSS;????;100464;0;2;72;66;100;10;248
2025-08-02;ITSS;????;100632;1;1;97;96;51;4;248
2025-08-02;ITSS;????;100773;0;1;75;82;84;7;248
2025-08-02;ITSS;????;100313;0;4;87;87;68;5;247
2025-08-02;ITSS;????;100323;0;3;76;100;71;0;247
2025-08-02;ITSS;????;100206;1;1;75;93;74;4;246
2025-08-02;ITSS;????;100227;1;3;57;93;91;5;246
2025-08-02;ITSS;????;100304;1;2;93;89;55;9;246
2025-08-02;ITSS;????;100349;0;3;59;100;83;4;246
2025-08-02;ITSS;????;100350;0;1;73;79;85;9;246
2025-08-02;ITSS;????;100387;1;4;75;70;92;9;246
2025-08-02;ITSS;????;100460;0;1;86;97;54;9;246
2025-08-02;ITSS;????;100678;1;2;100;60;86;0;246
2025-08-02;ITSS;????;100204;1;2;85;71;83;6;245
2025-08-02;ITSS;????;100225;0;4;100;78;57;10;245
2025-08-02;ITSS;????;100598;1;2;81;58;97;9;245
2025-08-02;ITSS;????;100620;1;4;52;90;95;8;245
2025-08-02;ITSS;????;100651;1;4;71;100;69;5;245
2025-08-02;ITSS;????;100752;0;4;84;83;72;6;245
2025-08-02;ITSS;????;100739;1;4;51;93;92;8;244
2025-08-02;ITSS;????;100289;1;2;90;80;69;4;243
2025-08-02;ITSS;????;100378;1;2;62;96;85;0;243
2025-08-02;ITSS;????;100394;1;4;81;76;79;7;243
2025-08-02;ITSS;????;100417;1;3;89;100;53;1;243
2025-08-02;ITSS;????;100431;1;1;79;57;100;7;243
2025-08-02;ITSS;????;100168;0;3;78;67;89;8;242
2025-08-02;ITSS;????;100197;0;1;81;61;98;2;242
2025-08-02;ITSS;????;100316;1;2;82;97;62;1;242
2025-08-02;ITSS;????;100423;1;3;64;69;100;9;242
2025-08-02;ITSS;????;100744;1;4;50;89;100;3;242
2025-08-02;ITSS;????;100199;1;3;85;51;95;10;241
2025-08-02;ITSS;????;100220;0;1;93;61;79;8;241
2025-08-02;ITSS;????;100619;0;3;100;54;86;1;241
2025-08-02;ITSS;????;100654;1;4;100;70;70;1;241
2025-08-02;ITSS;????;100774;1;3;97;51;89;4;241
2025-08-02;ITSS;????;100286;0;3;78;67;95;0;240
2025-08-02;ITSS;????;100400;1;2;57;85;93;5;240
2025-08-02;ITSS;????;100419;1;3;52;100;78;10;240
2025-08-02;ITSS;????;100430;0;4;81;97;54;8;240
2025-08-02;ITSS;????;100169;0;3;100;81;57;1;239
2025-08-02;ITSS;????;100201;0;2;65;95;77;2;239
2025-08-02;ITSS;????;100295;1;2;100;52;81;6;239
2025-08-02;ITSS;????;100375;1;3;66;90;82;1;239
2025-08-02;ITSS;????;100421;0;4;71;100;58;10;239
2025-08-02;ITSS;????;100588;1;3;53;89;88;9;239
2025-08-02;ITSS;????;100741;0;4;61;98;79;1;239
2025-08-02;ITSS;????;100190;0;2;66;85;81;6;238
2025-08-02;ITSS;????;100281;0;4;98;55;75;10;238
2025-08-02;ITSS;????;100300;0;2;80;94;59;5;238
2025-08-02;ITSS;????;100462;0;4;52;100;77;9;238
2025-08-02;ITSS;????;100625;1;3;78;100;57;3;238
2025-08-02;ITSS;????;100176;1;3;71;59;100;7;237
2025-08-02;ITSS;????;100210;1;1;81;76;80;0;237
2025-08-02;ITSS;????;100604;0;3;55;85;94;3;237
2025-08-02;ITSS;????;100607;1;4;92;75;63;7;237
2025-08-02;ITSS;????;100615;1;4;70;100;65;2;237
2025-08-02;ITSS;????;100301;0;1;76;61;90;9;236
2025-08-02;ITSS;????;100424;1;1;52;87;92;5;236
2025-08-02;ITSS;????;100579;0;4;71;86;76;3;236
2025-08-02;ITSS;????;100614;0;3;95;54;85;2;236
2025-08-02;ITSS;????;100669;0;4;98;61;75;2;236
2025-08-02;ITSS;????;100740;1;2;72;84;76;4;236
2025-08-02;ITSS;????;100306;0;1;77;56;98;4;235
2025-08-02;ITSS;????;100407;0;4;76;55;97;7;235
2025-08-02;ITSS;????;100412;0;2;77;98;58;2;235
2025-08-02;ITSS;????;100596;1;4;86;66;73;10;235
2025-08-02;ITSS;????;100610;0;2;92;79;54;10;235
2025-08-02;ITSS;????;100188;1;4;86;69;71;8;234
2025-08-02;ITSS;????;100393;0;3;70;68;94;2;234
2025-08-02;ITSS;????;100173;0;2;80;66;80;7;233
2025-08-02;ITSS;????;100186;0;4;100;53;73;7;233
2025-08-02;ITSS;????;100314;1;2;58;86;85;4;233
2025-08-02;ITSS;????;100358;0;1;54;99;70;10;233
2025-08-02;ITSS;????;100433;0;2;49;92;90;2;233
2025-08-02;ITSS;????;100581;1;4;92;78;56;7;233
2025-08-02;ITSS;????;100599;1;4;75;61;87;10;233
2025-08-02;ITSS;????;100436;1;4;97;64;63;8;232
2025-08-02;ITSS;????;100631;0;1;62;99;64;7;232
2025-08-02;ITSS;????;100172;0;2;85;53;84;9;231
2025-08-02;ITSS;????;100212;0;2;91;76;56;8;231
2025-08-02;ITSS;????;100215;0;4;100;62;68;1;231
2025-08-02;ITSS;????;100297;1;2;96;50;77;8;231
2025-08-02;ITSS;????;100308;1;2;100;76;53;2;231
2025-08-02;ITSS;????;100746;1;2;79;71;77;4;231
2025-08-02;ITSS;????;100196;0;4;65;62;100;3;230
2025-08-02;ITSS;????;100299;1;3;81;75;74;0;230
2025-08-02;ITSS;????;100182;0;2;75;97;54;3;229
2025-08-02;ITSS;????;100359;1;2;100;72;51;6;229
2025-08-02;ITSS;????;100742;0;1;88;51;81;9;229
2025-08-02;ITSS;????;100179;0;2;62;80;77;9;228
2025-08-02;ITSS;????;100318;1;2;67;100;57;4;228
2025-08-02;ITSS;????;100363;1;1;53;97;73;5;228
2025-08-02;ITSS;????;100396;0;4;98;64;58;8;228
2025-08-02;ITSS;????;100429;1;2;54;74;100;0;228
2025-08-02;ITSS;????;100656;1;3;68;55;97;8;228
2025-08-02;ITSS;????;100226;1;2;56;100;67;4;227
2025-08-02;ITSS;????;100616;1;2;93;66;61;7;227
2025-08-02;ITSS;????;100665;1;4;77;50;100;0;227
2025-08-02;ITSS;????;100205;1;1;65;70;84;7;226
2025-08-02;ITSS;????;100389;1;3;56;61;100;9;226
2025-08-02;ITSS;????;100597;1;1;58;92;74;1;225
2025-08-02;ITSS;????;100642;0;1;86;60;73;6;225
2025-08-02;ITSS;????;100643;1;2;77;69;71;8;225
2025-08-02;ITSS;????;100192;1;2;67;95;59;3;224
2025-08-02;ITSS;????;100195;0;3;51;69;99;5;224
2025-08-02;ITSS;????;100364;1;4;77;55;87;5;224
2025-08-02;ITSS;????;100376;0;3;99;51;67;7;224
2025-08-02;ITSS;????;100391;0;3;68;71;84;1;224
2025-08-02;ITSS;????;100401;0;3;55;92;72;5;224
2025-08-02;ITSS;????;100465;1;2;61;71;87;5;224
2025-08-02;ITSS;????;100606;1;3;77;76;66;5;224
2025-08-02;ITSS;????;100772;0;4;91;75;57;1;224
2025-08-02;ITSS;????;100623;1;2;59;84;70;10;223
2025-08-02;ITSS;????;100170;1;2;99;50;72;1;222
2025-08-02;ITSS;????;100362;1;2;67;92;61;2;222
2025-08-02;ITSS;????;100386;1;3;59;90;72;1;222
2025-08-02;ITSS;????;100418;1;1;66;69;78;9;222
2025-08-02;ITSS;????;100467;1;4;100;52;62;8;222
2025-08-02;ITSS;????;100584;0;4;88;74;59;1;222
2025-08-02;ITSS;????;100633;1;1;57;74;84;7;222
2025-08-02;ITSS;????;100659;0;4;64;57;100;1;222
2025-08-02;ITSS;????;100675;0;4;54;94;72;2;222
2025-08-02;ITSS;????;100175;1;3;75;53;85;8;221
2025-08-02;ITSS;????;100312;1;3;65;52;98;6;221
2025-08-02;ITSS;????;100365;0;3;91;70;58;2;221
2025-08-02;ITSS;????;100666;1;3;60;60;100;1;221
2025-08-02;ITSS;????;100171;1;4;52;81;86;1;220
2025-08-02;ITSS;????;100178;0;3;64;53;100;3;220
2025-08-02;ITSS;????;100187;0;1;51;61;100;8;220
2025-08-02;ITSS;????;100658;1;4;74;89;49;8;220
2025-08-02;ITSS;????;100203;0;3;56;100;62;1;219
2025-08-02;ITSS;????;100414;1;2;68;91;50;10;219
2025-08-02;ITSS;????;100600;0;4;74;73;71;1;219
2025-08-02;ITSS;????;100609;1;3;51;93;71;4;219
2025-08-02;ITSS;????;100645;0;3;60;66;93;0;219
2025-08-02;ITSS;????;100381;0;2;64;81;69;4;218
2025-08-02;ITSS;????;100384;0;1;58;98;62;0;218
2025-08-02;ITSS;????;100466;1;4;51;64;95;8;218
2025-08-02;ITSS;????;100670;1;4;90;55;73;0;218
2025-08-02;ITSS;????;100747;1;4;55;98;59;6;218
2025-08-02;ITSS;????;100750;0;2;91;55;67;5;218
2025-08-02;ITSS;????;100764;1;3;93;62;62;1;218
2025-08-02;ITSS;????;100214;0;4;58;66;93;0;217
2025-08-02;ITSS;????;100369;1;1;55;67;89;6;217
2025-08-02;ITSS;????;100663;1;3;78;72;66;1;217
2025-08-02;ITSS;????;100668;1;1;100;64;48;5;217
2025-08-02;ITSS;????;100583;0;3;76;70;64;6;216
2025-08-02;ITSS;????;100677;1;1;88;60;66;2;216
2025-08-02;ITSS;????;100228;1;4;60;66;82;7;215
2025-08-02;ITSS;????;100315;1;3;96;49;65;5;215
2025-08-02;ITSS;????;100366;0;1;53;87;70;5;215
2025-08-02;ITSS;????;100587;0;2;76;60;78;1;215
2025-08-02;ITSS;????;100437;1;4;84;67;60;3;214
2025-08-02;ITSS;????;100647;1;4;94;64;54;2;214
2025-08-02;ITSS;????;100664;1;2;73;57;84;0;214
2025-08-02;ITSS;????;100751;1;1;62;70;74;8;214
2025-08-02;ITSS;????;100760;0;1;71;60;83;0;214
2025-08-02;ITSS;????;100320;1;4;68;72;71;2;213
2025-08-02;ITSS;????;100409;0;3;75;61;76;1;213
2025-08-02;ITSS;????;100653;0;2;74;67;63;9;213
2025-08-02;ITSS;????;100219;1;2;65;67;73;7;212
2025-08-02;ITSS;????;100326;1;2;90;59;55;8;212
2025-08-02;ITSS;????;100582;1;4;54;61;91;6;212
2025-08-02;ITSS;????;100595;1;1;83;57;70;2;212
2025-08-02;ITSS;????;100611;1;1;66;84;51;10;211
2025-08-02;ITSS;????;100648;1;2;53;56;99;3;211
2025-08-02;ITSS;????;100655;1;1;49;70;84;8;211
2025-08-02;ITSS;????;100753;0;4;90;52;69;0;211
2025-08-02;ITSS;????;100180;0;4;60;50;100;0;210
2025-08-02;ITSS;????;100284;0;3;75;51;78;6;210
2025-08-02;ITSS;????;100769;0;2;83;68;50;9;210
2025-08-02;ITSS;????;100221;0;4;54;82;73;0;209
2025-08-02;ITSS;????;100622;0;1;54;95;54;6;209
2025-08-02;ITSS;????;100634;1;2;74;70;63;2;209
2025-08-02;ITSS;????;100637;1;2;77;55;72;5;209
2025-08-02;ITSS;????;100771;0;4;80;66;59;4;209
2025-08-02;ITSS;????;100287;1;4;55;86;58;9;208
2025-08-02;ITSS;????;100383;1;4;58;83;59;8;208
2025-08-02;ITSS;????;100613;1;2;78;77;53;0;208
2025-08-02;ITSS;????;100759;0;2;80;56;66;6;208
2025-08-02;ITSS;????;100218;0;3;92;56;59;0;207
2025-08-02;ITSS;????;100283;0;3;52;51;100;4;207
2025-08-02;ITSS;????;100660;1;2;59;74;70;2;205
2025-08-02;ITSS;????;100410;1;4;51;60;85;8;204
2025-08-02;ITSS;????;100361;1;1;49;100;52;2;203
2025-08-02;ITSS;????;100310;1;2;70;50;75;7;202
2025-08-02;ITSS;????;100428;1;2;51;59;84;8;202
2025-08-02;ITSS;????;100590;0;4;54;97;49;2;202
2025-08-02;ITSS;????;100392;1;2;52;93;51;5;201
2025-08-02;ITSS;????;100405;1;2;57;88;51;5;201
2025-08-02;ITSS;????;100303;1;3;74;62;55;9;200
2025-08-02;ITSS;????;100360;0;1;51;73;73;3;200
2025-08-02;ITSS;????;100463;1;3;61;75;59;5;200
2025-08-02;ITSS;????;100592;0;3;75;53;67;3;198
2025-08-02;ITSS;????;100608;0;4;59;67;66;6;198
2025-08-02;ITSS;????;100641;0;2;73;52;67;6;198
2025-08-02;ITSS;????;100352;1;1;48;77;66;5;196
2025-08-02;ITSS;????;100667;1;2;72;58;58;6;194
2025-08-02;ITSS;????;100413;0;4;51;69;72;1;193
2025-08-02;ITSS;????;100644;0;3;55;50;86;2;193
2025-08-02;ITSS;????;100768;0;3;56;75;55;7;193
2025-08-02;ITSS;????;100371;0;1;61;70;53;7;191
2025-08-02;ITSS;????;100770;0;2;71;62;57;0;190
2025-08-02;ITSS;????;100408;0;4;50;55;80;4;189
2025-08-02;ITSS;????;100761;0;1;54;71;56;8;189
2025-08-02;ITSS;????;100357;0;2;65;70;52;1;188
2025-08-02;ITSS;????;100432;1;2;59;67;56;6;188
2025-08-02;ITSS;????;100601;0;1;57;50;80;1;188
2025-08-02;ITSS;????;100279;1;1;58;67;56;6;187
2025-08-02;ITSS;????;100404;1;3;62;60;64;1;187
2025-08-02;ITSS;????;100624;0;3;56;65;56;9;186
2025-08-02;ITSS;????;100298;1;4;54;51;74;6;185
2025-08-02;ITSS;????;100602;1;4;58;72;51;2;183
2025-08-02;ITSS;????;100673;1;2;54;58;63;8;183
2025-08-02;ITSS;????;100224;0;4;61;52;60;7;180
2025-08-02;ITSS;????;100217;0;3;68;52;56;3;179
2025-08-02;ITSS;????;100591;1;4;65;53;56;0;174
2025-08-02;ITSS;????;100191;1;2;61;52;51;3;167
2025-08-02;IB;??;100248;1;2;100;100;98;3;301
2025-08-02;IB;??;100470;1;2;94;100;96;9;299
2025-08-02;IB;??;100294;1;1;100;85;100;9;294
2025-08-02;IB;??;100390;1;3;84;99;100;9;292
2025-08-02;IB;??;100399;1;2;100;88;97;6;291
2025-08-02;IB;??;100435;1;2;100;87;100;4;291
2025-08-02;IB;??;100368;1;1;100;99;84;6;289
2025-08-02;IB;??;100354;0;1;100;83;99;6;288
2025-08-02;IB;??;100233;0;3;100;91;92;2;285
2025-08-02;IB;??;100380;1;4;100;83;100;0;283
2025-08-02;IB;??;100247;0;1;74;100;99;6;279
2025-08-02;IB;??;100388;1;1;94;99;77;9;279
2025-08-02;IB;??;100729;0;1;98;79;98;4;279
2025-08-02;IB;??;100472;1;1;87;90;100;1;278
2025-08-02;IB;??;100356;1;2;90;78;100;9;277
2025-08-02;IB;??;100702;0;2;88;92;94;3;277
2025-08-02;IB;??;100296;1;4;92;97;83;4;276
2025-08-02;IB;??;100367;1;3;77;94;100;4;275
2025-08-02;IB;??;100379;0;4;87;100;84;3;274
2025-08-02;IB;??;100382;1;4;100;86;78;10;274
2025-08-02;IB;??;100688;1;4;87;87;94;6;274
2025-08-02;IB;??;100291;0;2;100;86;85;2;273
2025-08-02;IB;??;100270;1;3;79;92;98;3;272
2025-08-02;IB;??;100280;1;3;89;94;80;9;272
2025-08-02;IB;??;100411;0;1;71;100;94;7;272
2025-08-02;IB;??;100351;1;4;94;100;72;5;271
2025-08-02;IB;??;100438;1;4;98;66;98;9;271
2025-08-02;IB;??;100689;0;3;87;98;82;4;271
2025-08-02;IB;??;100282;1;3;98;71;100;1;270
2025-08-02;IB;??;100374;0;4;87;93;80;10;270
2025-08-02;IB;??;100695;1;4;98;73;94;5;270
2025-08-02;IB;??;100736;1;3;87;100;82;1;270
2025-08-02;IB;??;100245;1;1;90;90;85;4;269
2025-08-02;IB;??;100285;1;2;95;72;100;2;269
2025-08-02;IB;??;100687;0;2;92;81;93;3;269
2025-08-02;IB;??;100288;0;1;87;95;81;4;267
2025-08-02;IB;??;100373;1;4;100;63;94;10;267
2025-08-02;IB;??;100680;1;3;69;100;90;8;267
2025-08-02;IB;??;100696;1;1;84;84;92;7;267
2025-08-02;IB;??;100731;0;4;100;70;89;8;267
2025-08-02;IB;??;100427;1;2;96;94;75;1;266
2025-08-02;IB;??;100329;0;2;86;96;79;4;265
2025-08-02;IB;??;100395;1;1;95;75;91;4;265
2025-08-02;IB;??;100271;0;1;98;100;57;9;264
2025-08-02;IB;??;100293;1;4;98;67;92;7;264
2025-08-02;IB;??;100370;1;4;100;66;91;7;264
2025-08-02;IB;??;100336;0;2;99;71;85;8;263
2025-08-02;IB;??;100402;0;4;100;82;75;6;263
2025-08-02;IB;??;100340;0;1;64;98;100;0;262
2025-08-02;IB;??;100385;1;1;91;88;76;7;262
2025-08-02;IB;??;100420;1;4;61;94;100;7;262
2025-08-02;IB;??;100706;0;3;85;76;98;3;262
2025-08-02;IB;??;100738;1;4;67;97;90;8;262
2025-08-02;IB;??;100406;1;3;89;95;67;10;261
2025-08-02;IB;??;100343;1;1;84;92;82;2;260
2025-08-02;IB;??;100345;1;4;100;73;81;6;260
2025-08-02;IB;??;100377;1;3;100;71;89;0;260
2025-08-02;IB;??;100397;1;3;92;86;73;9;260
2025-08-02;IB;??;100403;1;1;72;96;82;10;260
2025-08-02;IB;??;100721;1;4;87;76;91;6;260
2025-08-02;IB;??;100292;1;1;64;98;96;0;258
2025-08-02;IB;??;100239;1;4;85;96;67;9;257
2025-08-02;IB;??;100422;0;4;98;57;92;9;256
2025-08-02;IB;??;100425;0;3;84;92;77;3;256
2025-08-02;IB;??;100290;1;1;69;97;81;8;255
2025-08-02;IB;??;100415;0;2;76;73;100;6;255
2025-08-02;IB;??;100685;1;1;82;68;99;6;255
2025-08-02;IB;??;100257;0;3;95;57;100;2;254
2025-08-02;IB;??;100305;0;1;58;96;100;0;254
2025-08-02;IB;??;100353;0;1;94;80;72;8;254
2025-08-02;IB;??;100302;0;3;52;97;100;3;252
2025-08-02;IB;??;100307;0;4;70;93;84;5;252
2025-08-02;IB;??;100426;0;1;100;71;81;0;252
2025-08-02;IB;??;100714;1;4;90;65;94;3;252
2025-08-02;IB;??;100355;0;1;91;87;64;9;251
2025-08-02;IB;??;100434;1;4;68;74;100;9;251
2025-08-02;IB;??;100372;0;1;87;73;80;10;250
2025-08-02;IB;??;100398;0;1;58;97;93;1;249
2025-08-02;IB;??;100232;1;4;63;94;89;2;248
2025-08-02;IB;??;100277;1;3;68;98;81;1;248
2025-08-02;IB;??;100416;1;1;100;63;77;8;248
2025-08-02;IB;??;100722;1;4;91;88;62;7;248
2025-08-02;IB;??;100474;0;2;100;65;73;9;247
2025-08-02;IB;??;100690;0;4;85;89;66;7;247
2025-08-02;IB;??;100304;1;4;93;89;55;9;246
2025-08-02;IB;??;100349;0;4;59;100;83;4;246
2025-08-02;IB;??;100350;0;3;73;79;85;9;246
2025-08-02;IB;??;100387;1;1;75;70;92;9;246
2025-08-02;IB;??;100732;1;4;87;76;80;3;246
2025-08-02;IB;??;100347;1;4;89;95;58;3;245
2025-08-02;IB;??;100259;0;1;69;80;95;0;244
2025-08-02;IB;??;100683;1;3;65;82;89;8;244
2025-08-02;IB;??;100734;1;3;100;56;84;4;244
2025-08-02;IB;??;100278;0;3;91;50;95;7;243
2025-08-02;IB;??;100289;1;1;90;80;69;4;243
2025-08-02;IB;??;100330;0;3;61;79;100;3;243
2025-08-02;IB;??;100378;1;1;62;96;85;0;243
2025-08-02;IB;??;100394;1;3;81;76;79;7;243
2025-08-02;IB;??;100417;1;4;89;100;53;1;243
2025-08-02;IB;??;100431;1;3;79;57;100;7;243
2025-08-02;IB;??;100719;0;1;100;67;73;3;243
2025-08-02;IB;??;100235;0;4;73;59;100;10;242
2025-08-02;IB;??;100261;0;2;79;57;100;6;242
2025-08-02;IB;??;100275;0;4;76;73;90;3;242
2025-08-02;IB;??;100423;1;4;64;69;100;9;242
2025-08-02;IB;??;100700;1;4;100;53;86;3;242
2025-08-02;IB;??;100705;1;1;77;92;69;4;242
2025-08-02;IB;??;100237;0;3;74;100;59;8;241
2025-08-02;IB;??;100240;0;4;68;72;96;5;241
2025-08-02;IB;??;100253;0;3;93;53;93;2;241
2025-08-02;IB;??;100262;1;2;77;85;72;7;241
2025-08-02;IB;??;100286;0;4;78;67;95;0;240
2025-08-02;IB;??;100400;1;1;57;85;93;5;240
2025-08-02;IB;??;100419;1;4;52;100;78;10;240
2025-08-02;IB;??;100430;0;3;81;97;54;8;240
2025-08-02;IB;??;100243;1;4;100;53;78;8;239
2025-08-02;IB;??;100295;1;1;100;52;81;6;239
2025-08-02;IB;??;100375;1;4;66;90;82;1;239
2025-08-02;IB;??;100421;0;2;71;100;58;10;239
2025-08-02;IB;??;100699;1;3;97;66;68;8;239
2025-08-02;IB;??;100281;0;2;98;55;75;10;238
2025-08-02;IB;??;100300;0;1;80;94;59;5;238
2025-08-02;IB;??;100711;1;4;55;95;80;8;238
2025-08-02;IB;??;100718;1;3;76;54;100;8;238
2025-08-02;IB;??;100229;1;4;74;94;66;3;237
2025-08-02;IB;??;100242;1;4;82;95;55;5;237
2025-08-02;IB;??;100716;0;1;90;50;93;4;237
2025-08-02;IB;??;100255;1;3;59;97;70;10;236
2025-08-02;IB;??;100301;0;3;76;61;90;9;236
2025-08-02;IB;??;100335;1;4;67;100;60;9;236
2025-08-02;IB;??;100424;1;3;52;87;92;5;236
2025-08-02;IB;??;100469;0;2;77;54;100;5;236
2025-08-02;IB;??;100306;0;3;77;56;98;4;235
2025-08-02;IB;??;100407;0;3;76;55;97;7;235
2025-08-02;IB;??;100412;0;1;77;98;58;2;235
2025-08-02;IB;??;100238;1;4;66;90;77;1;234
2025-08-02;IB;??;100332;1;1;69;87;74;4;234
2025-08-02;IB;??;100393;0;1;70;68;94;2;234
2025-08-02;IB;??;100709;1;1;54;80;99;1;234
2025-08-02;IB;??;100717;1;3;99;53;76;6;234
2025-08-02;IB;??;100276;1;2;100;66;67;0;233
2025-08-02;IB;??;100358;0;2;54;99;70;10;233
2025-08-02;IB;??;100433;0;1;49;92;90;2;233
2025-08-02;IB;??;100436;1;1;97;64;63;8;232
2025-08-02;IB;??;100684;0;4;67;69;93;3;232
2025-08-02;IB;??;100735;1;3;63;100;68;1;232
2025-08-02;IB;??;100274;1;4;68;99;64;0;231
2025-08-02;IB;??;100297;1;1;96;50;77;8;231
2025-08-02;IB;??;100308;1;4;100;76;53;2;231
2025-08-02;IB;??;100686;1;1;56;72;100;3;231
2025-08-02;IB;??;100710;1;4;60;75;90;6;231
2025-08-02;IB;??;100269;1;1;49;100;81;0;230
2025-08-02;IB;??;100272;1;1;100;75;52;3;230
2025-08-02;IB;??;100299;1;4;81;75;74;0;230
2025-08-02;IB;??;100359;1;3;100;72;51;6;229
2025-08-02;IB;??;100251;1;4;78;74;75;1;228
2025-08-02;IB;??;100256;0;2;100;66;62;0;228
2025-08-02;IB;??;100268;0;4;100;56;67;5;228
2025-08-02;IB;??;100363;1;2;53;97;73;5;228
2025-08-02;IB;??;100396;0;1;98;64;58;8;228
2025-08-02;IB;??;100429;1;1;54;74;100;0;228
2025-08-02;IB;??;100737;1;3;74;56;96;2;228
2025-08-02;IB;??;100708;0;2;72;100;55;0;227
2025-08-02;IB;??;100331;0;1;56;70;90;10;226
2025-08-02;IB;??;100389;1;4;56;61;100;9;226
2025-08-02;IB;??;100703;1;1;59;71;96;0;226
2025-08-02;IB;??;100682;1;3;64;60;97;4;225
2025-08-02;IB;??;100694;0;4;70;67;81;7;225
2025-08-02;IB;??;100701;1;3;84;82;50;9;225
2025-08-02;IB;??;100342;1;4;62;81;72;9;224
2025-08-02;IB;??;100364;1;3;77;55;87;5;224
2025-08-02;IB;??;100376;0;1;99;51;67;7;224
2025-08-02;IB;??;100391;0;4;68;71;84;1;224
2025-08-02;IB;??;100401;0;4;55;92;72;5;224
2025-08-02;IB;??;100477;1;2;78;87;52;7;224
2025-08-02;IB;??;100266;1;1;62;78;73;10;223
2025-08-02;IB;??;100338;0;3;82;83;53;4;222
2025-08-02;IB;??;100362;1;1;67;92;61;2;222
2025-08-02;IB;??;100386;1;4;59;90;72;1;222
2025-08-02;IB;??;100418;1;2;66;69;78;9;222
2025-08-02;IB;??;100230;1;4;83;76;53;9;221
2025-08-02;IB;??;100365;0;4;91;70;58;2;221
2025-08-02;IB;??;100713;0;1;89;57;72;3;221
2025-08-02;IB;??;100341;1;1;100;65;54;1;220
2025-08-02;IB;??;100478;0;1;65;94;52;9;220
2025-08-02;IB;??;100726;1;3;87;57;72;4;220
2025-08-02;IB;??;100414;1;1;68;91;50;10;219
2025-08-02;IB;??;100692;1;3;51;67;96;5;219
2025-08-02;IB;??;100333;0;4;91;69;55;3;218
2025-08-02;IB;??;100381;0;1;64;81;69;4;218
2025-08-02;IB;??;100384;0;2;58;98;62;0;218
2025-08-02;IB;??;100727;1;3;58;92;60;8;218
2025-08-02;IB;??;100369;1;2;55;67;89;6;217
2025-08-02;IB;??;100712;1;4;57;93;67;0;217
2025-08-02;IB;??;100698;1;3;89;54;71;2;216
2025-08-02;IB;??;100236;0;3;67;88;60;0;215
2025-08-02;IB;??;100366;0;2;53;87;70;5;215
2025-08-02;IB;??;100471;0;1;57;93;62;3;215
2025-08-02;IB;??;100715;0;3;67;64;77;7;215
2025-08-02;IB;??;100241;0;1;49;70;92;3;214
2025-08-02;IB;??;100265;0;2;55;94;58;7;214
2025-08-02;IB;??;100437;1;3;84;67;60;3;214
2025-08-02;IB;??;100258;0;4;86;52;72;3;213
2025-08-02;IB;??;100409;0;4;75;61;76;1;213
2025-08-02;IB;??;100473;0;3;80;68;65;0;213
2025-08-02;IB;??;100681;1;1;59;92;58;3;212
2025-08-02;IB;??;100693;0;3;93;60;53;6;212
2025-08-02;IB;??;100704;1;4;78;82;50;2;212
2025-08-02;IB;??;100707;1;2;50;52;99;10;211
2025-08-02;IB;??;100260;1;4;68;56;76;10;210
2025-08-02;IB;??;100284;0;4;75;51;78;6;210
2025-08-02;IB;??;100273;0;4;83;54;66;6;209
2025-08-02;IB;??;100346;0;1;64;68;71;6;209
2025-08-02;IB;??;100287;1;3;55;86;58;9;208
2025-08-02;IB;??;100337;1;3;62;64;75;7;208
2025-08-02;IB;??;100339;1;1;58;73;69;8;208
2025-08-02;IB;??;100383;1;3;58;83;59;8;208
2025-08-02;IB;??;100263;1;1;63;55;83;6;207
2025-08-02;IB;??;100283;0;4;52;51;100;4;207
2025-08-02;IB;??;100348;1;4;52;48;96;10;206
2025-08-02;IB;??;100246;1;1;57;89;57;2;205
2025-08-02;IB;??;100733;1;3;63;82;55;5;205
2025-08-02;IB;??;100410;1;2;51;60;85;8;204
2025-08-02;IB;??;100730;1;4;55;85;62;2;204
2025-08-02;IB;??;100361;1;4;49;100;52;2;203
2025-08-02;IB;??;100267;1;4;78;61;59;4;202
2025-08-02;IB;??;100428;1;3;51;59;84;8;202
2025-08-02;IB;??;100392;1;1;52;93;51;5;201
2025-08-02;IB;??;100405;1;1;57;88;51;5;201
2025-08-02;IB;??;100303;1;4;74;62;55;9;200
2025-08-02;IB;??;100360;0;3;51;73;73;3;200
2025-08-02;IB;??;100697;0;3;67;76;53;4;200
2025-08-02;IB;??;100724;1;1;59;53;76;10;198
2025-08-02;IB;??;100264;0;3;56;56;84;1;197
2025-08-02;IB;??;100728;1;1;66;63;58;10;197
2025-08-02;IB;??;100352;1;3;48;77;66;5;196
2025-08-02;IB;??;100475;1;2;71;68;54;3;196
2025-08-02;IB;??;100679;0;4;51;68;72;5;196
2025-08-02;IB;??;100691;0;2;62;79;51;3;195
2025-08-02;IB;??;100476;0;4;66;63;56;9;194
2025-08-02;IB;??;100334;1;3;85;48;59;1;193
2025-08-02;IB;??;100413;0;2;51;69;72;1;193
2025-08-02;IB;??;100244;1;4;53;55;78;6;192
2025-08-02;IB;??;100723;0;2;65;52;75;0;192
2025-08-02;IB;??;100371;0;4;61;70;53;7;191
2025-08-02;IB;??;100408;0;3;50;55;80;4;189
2025-08-02;IB;??;100720;1;3;51;60;78;0;189
2025-08-02;IB;??;100357;0;4;65;70;52;1;188
2025-08-02;IB;??;100432;1;1;59;67;56;6;188
2025-08-02;IB;??;100279;1;2;58;67;56;6;187
2025-08-02;IB;??;100344;1;3;63;63;58;3;187
2025-08-02;IB;??;100404;1;4;62;60;64;1;187
2025-08-02;IB;??;100231;1;1;59;56;63;7;185
2025-08-02;IB;??;100298;1;1;54;51;74;6;185
2025-08-02;IB;??;100254;0;4;58;65;56;1;180
2025-08-02;IB;??;100249;1;1;58;49;66;3;176
2025-08-02;IB;??;100250;1;4;59;51;60;4;174
2025-08-02;IB;??;100252;1;1;57;51;58;8;174
2025-08-02;IB;??;100725;1;4;67;54;53;0;174
2025-08-02;IB;??;100234;1;1;54;50;51;6;161
2025-08-03;PM;??;101627;0;1;98;100;100;9;307
2025-08-03;PM;??;101974;1;1;100;98;100;9;307
2025-08-03;PM;??;101155;1;1;100;100;100;5;305
2025-08-03;PM;??;101724;0;2;96;100;100;9;305
2025-08-03;PM;??;101412;1;3;100;100;99;5;304
2025-08-03;PM;??;101429;1;3;100;100;100;4;304
2025-08-03;PM;??;101897;1;1;100;100;95;9;304
2025-08-03;PM;??;101413;1;1;100;100;100;2;302
2025-08-03;PM;??;101050;0;1;98;100;100;3;301
2025-08-03;PM;??;101137;1;1;100;100;97;4;301
2025-08-03;PM;??;101269;1;1;100;100;100;0;300
2025-08-03;PM;??;101274;0;1;100;100;95;5;300
2025-08-03;PM;??;101330;0;1;100;100;100;0;300
2025-08-03;PM;??;101733;1;2;100;91;100;8;299
2025-08-03;PM;??;100788;1;1;89;100;100;9;298
2025-08-03;PM;??;100794;1;4;89;100;100;9;298
2025-08-03;PM;??;101403;1;4;99;97;100;2;298
2025-08-03;PM;??;101673;1;1;98;93;100;7;298
2025-08-03;PM;??;101257;1;1;100;91;100;4;295
2025-08-03;PM;??;101393;0;3;87;100;100;8;295
2025-08-03;PM;??;101450;0;1;100;100;91;4;295
2025-08-03;PM;??;101383;1;1;98;100;94;2;294
2025-08-03;PM;??;101428;0;1;92;100;95;7;294
2025-08-03;PM;??;100819;0;1;97;94;100;1;292
2025-08-03;PM;??;100873;1;1;100;89;95;8;292
2025-08-03;PM;??;101448;1;4;92;98;100;2;292
2025-08-03;PM;??;100875;1;1;95;94;97;5;291
2025-08-03;PM;??;101083;0;2;98;95;91;7;291
2025-08-03;PM;??;101363;1;2;88;98;100;5;291
2025-08-03;PM;??;101484;0;1;94;88;100;9;291
2025-08-03;PM;??;100973;1;1;100;95;92;3;290
2025-08-03;PM;??;101321;1;2;100;97;92;1;290
2025-08-03;PM;??;101781;1;3;100;86;100;4;290
2025-08-03;PM;??;101810;1;1;86;100;99;5;290
2025-08-03;PM;??;101932;0;1;91;93;100;6;290
2025-08-03;PM;??;101066;1;1;87;100;100;2;289
2025-08-03;PM;??;101129;0;1;98;100;90;1;289
2025-08-03;PM;??;101640;1;2;98;92;92;7;289
2025-08-03;PM;??;101717;1;3;90;100;98;1;289
2025-08-03;PM;??;100878;1;1;84;100;100;4;288
2025-08-03;PM;??;100969;1;1;100;96;88;4;288
2025-08-03;PM;??;100970;1;1;100;85;100;3;288
2025-08-03;PM;??;101026;1;1;93;95;100;0;288
2025-08-03;PM;??;101135;0;1;91;92;100;5;288
2025-08-03;PM;??;101332;0;4;100;88;95;5;288
2025-08-03;PM;??;101375;1;1;93;100;89;6;288
2025-08-03;PM;??;101469;0;4;91;98;98;1;288
2025-08-03;PM;??;100768;0;4;95;99;89;4;287
2025-08-03;PM;??;101364;0;1;96;100;87;4;287
2025-08-03;PM;??;101366;1;2;98;97;82;10;287
2025-08-03;PM;??;101910;1;3;92;93;95;7;287
2025-08-03;PM;??;100813;1;1;100;100;76;10;286
2025-08-03;PM;??;100951;1;1;100;91;94;1;286
2025-08-03;PM;??;101808;0;1;81;98;100;7;286
2025-08-03;PM;??;101856;1;2;80;100;99;7;286
2025-08-03;PM;??;101875;1;1;89;98;99;0;286
2025-08-03;PM;??;101958;1;1;84;100;97;5;286
2025-08-03;PM;??;101030;1;4;85;92;100;8;285
2025-08-03;PM;??;101040;0;1;91;100;85;9;285
2025-08-03;PM;??;101144;1;1;88;92;95;10;285
2025-08-03;PM;??;101853;0;4;100;85;92;8;285
2025-08-03;PM;??;100912;1;1;90;95;94;5;284
2025-08-03;PM;??;101628;1;1;100;82;100;2;284
2025-08-03;PM;??;101766;1;3;97;89;94;4;284
2025-08-03;PM;??;101111;1;2;96;100;85;2;283
2025-08-03;PM;??;101751;0;1;77;100;100;6;283
2025-08-03;PM;??;101938;1;2;100;100;78;5;283
2025-08-03;PM;??;100886;1;1;98;81;100;3;282
2025-08-03;PM;??;100892;1;1;94;82;100;6;282
2025-08-03;PM;??;101027;1;2;83;96;100;3;282
2025-08-03;PM;??;101141;0;4;87;100;88;7;282
2025-08-03;PM;??;101300;1;1;100;73;100;9;282
2025-08-03;PM;??;101476;0;4;91;97;88;6;282
2025-08-03;PM;??;101800;0;1;78;100;97;7;282
2025-08-03;PM;??;100777;1;4;78;100;100;3;281
2025-08-03;PM;??;100853;1;1;86;92;99;4;281
2025-08-03;PM;??;100993;0;4;84;91;100;6;281
2025-08-03;PM;??;101310;1;3;90;100;82;9;281
2025-08-03;PM;??;101335;0;1;100;91;83;7;281
2025-08-03;PM;??;101386;1;1;87;84;100;10;281
2025-08-03;PM;??;101653;1;2;77;100;100;4;281
2025-08-03;PM;??;100887;0;1;91;80;100;9;280
2025-08-03;PM;??;100901;1;2;93;87;95;5;280
2025-08-03;PM;??;100953;1;4;84;100;94;2;280
2025-08-03;PM;??;100971;1;1;84;100;93;3;280
2025-08-03;PM;??;100977;1;1;99;79;100;2;280
2025-08-03;PM;??;101431;1;2;82;92;100;6;280
2025-08-03;PM;??;101487;0;1;100;77;96;7;280
2025-08-03;PM;??;101939;1;1;73;100;100;7;280
2025-08-03;PM;??;101344;1;3;96;99;83;1;279
2025-08-03;PM;??;101390;0;1;81;92;100;6;279
2025-08-03;PM;??;100850;1;1;92;92;85;9;278
2025-08-03;PM;??;101074;1;1;77;100;100;1;278
2025-08-03;PM;??;101100;0;4;92;87;91;8;278
2025-08-03;PM;??;101379;1;3;100;86;83;9;278
2025-08-03;PM;??;101683;0;2;100;90;87;1;278
2025-08-03;PM;??;101707;1;1;92;100;79;7;278
2025-08-03;PM;??;100797;0;4;99;77;91;10;277
2025-08-03;PM;??;100959;1;1;74;100;98;5;277
2025-08-03;PM;??;101053;1;1;100;72;100;5;277
2025-08-03;PM;??;101293;0;1;100;70;100;7;277
2025-08-03;PM;??;101308;1;1;90;86;99;2;277
2025-08-03;PM;??;101312;1;3;100;96;77;4;277
2025-08-03;PM;??;101433;1;2;76;100;100;1;277
2025-08-03;PM;??;101787;0;3;98;100;75;4;277
2025-08-03;PM;??;101821;0;1;100;85;86;6;277
2025-08-03;PM;??;100752;1;4;90;81;95;10;276
2025-08-03;PM;??;100767;1;4;69;98;100;9;276
2025-08-03;PM;??;100900;1;1;89;100;79;8;276
2025-08-03;PM;??;101132;1;1;98;68;100;10;276
2025-08-03;PM;??;101280;1;1;99;77;100;0;276
2025-08-03;PM;??;101325;1;2;100;74;100;2;276
2025-08-03;PM;??;101494;0;1;100;92;82;2;276
2025-08-03;PM;??;101825;0;1;100;67;100;9;276
2025-08-03;PM;??;101890;0;3;100;91;80;5;276
2025-08-03;PM;??;100759;1;1;73;100;97;5;275
2025-08-03;PM;??;100859;1;1;100;71;100;4;275
2025-08-03;PM;??;100861;0;1;80;94;100;1;275
2025-08-03;PM;??;100922;1;2;88;88;95;4;275
2025-08-03;PM;??;100955;1;1;100;80;91;4;275
2025-08-03;PM;??;101007;0;1;100;67;100;8;275
2025-08-03;PM;??;101093;1;2;99;100;76;0;275
2025-08-03;PM;??;101396;1;4;100;68;98;9;275
2025-08-03;PM;??;101468;1;2;84;81;100;10;275
2025-08-03;PM;??;101664;0;1;76;97;100;2;275
2025-08-03;PM;??;101940;0;2;80;97;96;2;275
2025-08-03;PM;??;100940;1;1;100;100;70;4;274
2025-08-03;PM;??;101345;1;1;65;100;100;9;274
2025-08-03;PM;??;100772;0;1;100;86;80;7;273
2025-08-03;PM;??;101692;1;4;92;92;82;7;273
2025-08-03;PM;??;101799;1;4;73;98;96;6;273
2025-08-03;PM;??;101836;0;1;100;100;67;6;273
2025-08-03;PM;??;100972;0;1;100;69;100;3;272
2025-08-03;PM;??;101102;1;1;82;80;100;10;272
2025-08-03;PM;??;101349;1;2;78;92;93;9;272
2025-08-03;PM;??;101402;0;2;100;85;86;1;272
2025-08-03;PM;??;101485;1;3;95;71;100;6;272
2025-08-03;PM;??;101732;1;4;62;100;100;10;272
2025-08-03;PM;??;101775;0;2;94;100;78;0;272
2025-08-03;PM;??;101945;0;2;100;70;100;2;272
2025-08-03;PM;??;100851;0;4;82;97;87;5;271
2025-08-03;PM;??;100976;1;4;97;100;68;6;271
2025-08-03;PM;??;101902;1;4;80;90;92;9;271
2025-08-03;PM;??;101911;1;1;76;100;94;1;271
2025-08-03;PM;??;100812;0;2;89;88;88;5;270
2025-08-03;PM;??;100843;1;2;98;69;100;3;270
2025-08-03;PM;??;100865;0;4;90;83;92;5;270
2025-08-03;PM;??;100990;0;4;100;90;70;10;270
2025-08-03;PM;??;101267;1;1;100;100;65;5;270
2025-08-03;PM;??;101410;0;1;96;98;73;3;270
2025-08-03;PM;??;101471;1;1;85;96;82;7;270
2025-08-03;PM;??;101675;0;1;100;64;100;6;270
2025-08-03;PM;??;101963;0;1;94;90;78;8;270
2025-08-03;PM;??;100804;1;1;88;80;96;5;269
2025-08-03;PM;??;101128;1;4;71;100;95;3;269
2025-08-03;PM;??;101151;1;1;93;69;100;7;269
2025-08-03;PM;??;101447;0;1;100;66;100;3;269
2025-08-03;PM;??;101702;1;1;89;78;98;4;269
2025-08-03;PM;??;101806;1;1;74;86;100;9;269
2025-08-03;PM;??;101859;0;3;73;93;93;10;269
2025-08-03;PM;??;100870;1;4;89;99;80;0;268
2025-08-03;PM;??;100933;1;3;93;86;83;6;268
2025-08-03;PM;??;101660;0;2;96;68;96;8;268
2025-08-03;PM;??;101668;0;1;100;92;70;6;268
2025-08-03;PM;??;101848;1;3;88;85;91;4;268
2025-08-03;PM;??;101857;1;4;96;100;63;9;268
2025-08-03;PM;??;100961;0;3;72;94;96;5;267
2025-08-03;PM;??;101072;1;1;63;100;100;4;267
2025-08-03;PM;??;101446;0;4;71;87;100;9;267
2025-08-03;PM;??;101635;1;1;65;100;100;2;267
2025-08-03;PM;??;101641;0;1;70;100;95;2;267
2025-08-03;PM;??;101804;1;4;75;85;100;7;267
2025-08-03;PM;??;100867;1;4;78;98;88;2;266
2025-08-03;PM;??;100893;1;3;94;86;76;10;266
2025-08-03;PM;??;100925;1;1;87;71;100;8;266
2025-08-03;PM;??;101020;0;3;70;97;89;10;266
2025-08-03;PM;??;101658;1;1;100;84;72;10;266
2025-08-03;PM;??;101718;0;1;88;100;69;9;266
2025-08-03;PM;??;100921;1;1;74;94;89;8;265
2025-08-03;PM;??;100968;1;4;93;77;94;1;265
2025-08-03;PM;??;100988;1;4;92;87;86;0;265
2025-08-03;PM;??;101056;1;1;86;83;89;7;265
2025-08-03;PM;??;101394;1;1;58;97;100;10;265
2025-08-03;PM;??;101425;1;2;95;60;100;10;265
2025-08-03;PM;??;101684;1;4;88;100;69;8;265
2025-08-03;PM;??;101820;0;2;93;93;71;8;265
2025-08-03;PM;??;101851;1;4;82;84;93;6;265
2025-08-03;PM;??;101900;1;1;88;100;73;4;265
2025-08-03;PM;??;101943;1;3;86;87;87;5;265
2025-08-03;PM;??;100749;1;2;81;86;97;0;264
2025-08-03;PM;??;100787;1;4;59;100;100;5;264
2025-08-03;PM;??;100827;1;1;100;61;93;10;264
2025-08-03;PM;??;101289;1;1;100;100;61;3;264
2025-08-03;PM;??;101437;0;4;88;92;79;5;264
2025-08-03;PM;??;101462;0;1;68;100;89;7;264
2025-08-03;PM;??;101490;1;3;94;77;92;1;264
2025-08-03;PM;??;101869;1;1;89;95;79;1;264
2025-08-03;PM;??;100852;0;4;94;63;100;6;263
2025-08-03;PM;??;100931;0;1;100;96;61;6;263
2025-08-03;PM;??;101306;0;3;91;70;100;2;263
2025-08-03;PM;??;101359;1;1;100;79;76;8;263
2025-08-03;PM;??;101495;1;1;79;85;95;4;263
2025-08-03;PM;??;101688;0;4;91;81;81;10;263
2025-08-03;PM;??;101728;1;4;85;94;74;10;263
2025-08-03;PM;??;101878;0;1;90;66;97;10;263
2025-08-03;PM;??;101968;0;1;100;98;57;8;263
2025-08-03;PM;??;101970;1;3;94;100;69;0;263
2025-08-03;PM;??;100863;1;1;89;96;70;7;262
2025-08-03;PM;??;100997;0;2;78;100;78;6;262
2025-08-03;PM;??;101045;1;1;70;100;89;3;262
2025-08-03;PM;??;101078;1;1;98;75;87;2;262
2025-08-03;PM;??;101152;0;1;75;77;100;10;262
2025-08-03;PM;??;101296;1;4;83;98;72;9;262
2025-08-03;PM;??;101676;0;3;100;64;88;10;262
2025-08-03;PM;??;101835;0;2;83;82;93;4;262
2025-08-03;PM;??;101930;1;1;93;64;100;5;262
2025-08-03;PM;??;100792;0;1;97;92;66;6;261
2025-08-03;PM;??;100842;1;4;95;96;64;6;261
2025-08-03;PM;??;100882;0;4;100;69;90;2;261
2025-08-03;PM;??;100909;0;1;72;100;80;9;261
2025-08-03;PM;??;101096;1;3;100;98;55;8;261
2025-08-03;PM;??;101318;0;1;65;100;91;5;261
2025-08-03;PM;??;101815;1;2;74;84;100;3;261
2025-08-03;PM;??;100748;1;4;100;95;63;2;260
2025-08-03;PM;??;100981;1;4;93;86;79;2;260
2025-08-03;PM;??;101373;1;4;93;78;81;8;260
2025-08-03;PM;??;101457;1;3;96;86;68;10;260
2025-08-03;PM;??;101701;1;1;60;100;100;0;260
2025-08-03;PM;??;101749;1;2;88;69;100;3;260
2025-08-03;PM;??;101784;0;1;55;99;98;8;260
2025-08-03;PM;??;101955;1;1;76;76;100;8;260
2025-08-03;PM;??;100918;1;4;86;78;89;6;259
2025-08-03;PM;??;101287;1;1;92;73;85;9;259
2025-08-03;PM;??;101294;0;4;90;80;89;0;259
2025-08-03;PM;??;101392;1;1;97;68;87;7;259
2025-08-03;PM;??;101636;1;4;98;100;60;1;259
2025-08-03;PM;??;101693;0;1;64;100;85;10;259
2025-08-03;PM;??;101748;0;4;93;100;60;6;259
2025-08-03;PM;??;101862;0;4;97;94;58;10;259
2025-08-03;PM;??;101908;1;1;93;92;69;5;259
2025-08-03;PM;??;100764;1;2;73;88;87;10;258
2025-08-03;PM;??;100911;1;4;85;99;71;3;258
2025-08-03;PM;??;100917;1;4;72;98;86;2;258
2025-08-03;PM;??;100927;0;4;100;62;86;10;258
2025-08-03;PM;??;101081;1;1;88;70;100;0;258
2025-08-03;PM;??;101340;0;1;81;100;71;6;258
2025-08-03;PM;??;101347;1;4;76;100;81;1;258
2025-08-03;PM;??;101362;0;1;60;93;95;10;258
2025-08-03;PM;??;101367;1;1;82;100;71;5;258
2025-08-03;PM;??;101470;1;4;81;100;74;3;258
2025-08-03;PM;??;101480;1;4;98;51;100;9;258
2025-08-03;PM;??;101729;1;3;92;74;89;3;258
2025-08-03;PM;??;101757;1;4;98;66;94;0;258
2025-08-03;PM;??;101816;0;2;75;81;100;2;258
2025-08-03;PM;??;100888;1;1;100;96;55;6;257
2025-08-03;PM;??;100913;1;4;61;94;94;8;257
2025-08-03;PM;??;100920;1;3;95;82;75;5;257
2025-08-03;PM;??;100999;1;3;70;99;83;5;257
2025-08-03;PM;??;101011;1;1;72;96;86;3;257
2025-08-03;PM;??;101278;1;1;82;77;94;4;257
2025-08-03;PM;??;101419;0;4;85;86;77;9;257
2025-08-03;PM;??;101663;1;3;94;83;74;6;257
2025-08-03;PM;??;101754;1;4;69;83;99;6;257
2025-08-03;PM;??;101833;1;4;79;79;90;9;257
2025-08-03;PM;??;100884;0;4;71;96;82;7;256
2025-08-03;PM;??;101122;1;1;96;63;95;2;256
2025-08-03;PM;??;101262;1;4;90;63;94;9;256
2025-08-03;PM;??;101331;1;3;93;100;56;7;256
2025-08-03;PM;??;101376;0;1;62;95;89;10;256
2025-08-03;PM;??;101481;1;3;95;100;55;6;256
2025-08-03;PM;??;101630;1;2;94;100;53;9;256
2025-08-03;PM;??;101690;1;4;70;99;87;0;256
2025-08-03;PM;??;101792;1;3;81;95;75;5;256
2025-08-03;PM;??;101942;1;4;93;63;99;1;256
2025-08-03;PM;??;101975;1;4;91;96;64;5;256
2025-08-03;PM;??;100762;1;1;83;83;84;5;255
2025-08-03;PM;??;100833;1;3;69;96;90;0;255
2025-08-03;PM;??;100890;0;4;97;95;63;0;255
2025-08-03;PM;??;100905;0;4;73;93;88;1;255
2025-08-03;PM;??;101258;0;3;64;95;93;3;255
2025-08-03;PM;??;101316;0;3;90;71;87;7;255
2025-08-03;PM;??;101399;1;4;90;65;93;7;255
2025-08-03;PM;??;101423;1;1;61;100;85;9;255
2025-08-03;PM;??;101482;1;4;51;100;100;4;255
2025-08-03;PM;??;101652;0;1;63;86;100;6;255
2025-08-03;PM;??;101726;0;1;91;83;80;1;255
2025-08-03;PM;??;101854;1;1;99;75;75;6;255
2025-08-03;PM;??;101858;0;1;62;86;100;7;255
2025-08-03;PM;??;101866;0;1;59;90;100;6;255
2025-08-03;PM;??;101877;0;1;82;100;72;1;255
2025-08-03;PM;??;101884;1;3;87;94;65;9;255
2025-08-03;PM;??;101922;1;4;81;87;84;3;255
2025-08-03;PM;??;100776;1;1;93;57;97;7;254
2025-08-03;PM;??;100779;1;1;72;100;74;8;254
2025-08-03;PM;??;100822;0;4;78;92;77;7;254
2025-08-03;PM;??;100835;0;3;61;89;96;8;254
2025-08-03;PM;??;100856;1;3;57;96;100;1;254
2025-08-03;PM;??;100896;0;1;68;99;84;3;254
2025-08-03;PM;??;101037;1;1;93;97;63;1;254
2025-08-03;PM;??;101110;0;3;65;95;86;8;254
2025-08-03;PM;??;101285;1;4;47;100;100;7;254
2025-08-03;PM;??;101337;1;2;89;81;82;2;254
2025-08-03;PM;??;101435;1;1;100;89;64;1;254
2025-08-03;PM;??;101655;1;4;56;94;100;4;254
2025-08-03;PM;??;101785;1;4;98;78;71;7;254
2025-08-03;PM;??;101812;1;3;62;88;95;9;254
2025-08-03;PM;??;101864;0;1;69;100;85;0;254
2025-08-03;PM;??;101893;1;1;88;68;98;0;254
2025-08-03;PM;??;101951;1;3;75;73;100;6;254
2025-08-03;PM;??;101957;0;4;77;78;96;3;254
2025-08-03;PM;??;100840;0;2;53;98;100;2;253
2025-08-03;PM;??;101016;0;1;82;83;82;6;253
2025-08-03;PM;??;101068;1;2;61;99;84;9;253
2025-08-03;PM;??;101079;0;4;90;98;63;2;253
2025-08-03;PM;??;101131;1;3;100;86;64;3;253
2025-08-03;PM;??;101334;1;2;82;97;66;8;253
2025-08-03;PM;??;101779;1;4;73;77;93;10;253
2025-08-03;PM;??;101865;1;4;88;64;100;1;253
2025-08-03;PM;??;101892;1;4;95;70;82;6;253
2025-08-03;PM;??;100858;0;4;84;61;100;7;252
2025-08-03;PM;??;100904;0;1;93;89;69;1;252
2025-08-03;PM;??;101047;0;2;90;70;92;0;252
2025-08-03;PM;??;101466;0;1;54;100;89;9;252
2025-08-03;PM;??;101679;1;4;97;78;68;9;252
2025-08-03;PM;??;101682;0;4;61;96;87;8;252
2025-08-03;PM;??;101762;1;4;100;52;100;0;252
2025-08-03;PM;??;101852;1;2;97;62;89;4;252
2025-08-03;PM;??;100841;1;1;100;88;56;7;251
2025-08-03;PM;??;101004;1;1;100;87;55;9;251
2025-08-03;PM;??;101036;0;4;92;52;99;8;251
2025-08-03;PM;??;101041;1;3;87;79;79;6;251
2025-08-03;PM;??;101077;1;3;86;72;90;3;251
2025-08-03;PM;??;101106;1;2;58;88;100;5;251
2025-08-03;PM;??;101115;1;1;100;93;56;2;251
2025-08-03;PM;??;101271;1;2;100;63;88;0;251
2025-08-03;PM;??;101353;1;4;89;80;82;0;251
2025-08-03;PM;??;101639;1;3;81;83;81;6;251
2025-08-03;PM;??;101643;0;2;88;59;100;4;251
2025-08-03;PM;??;101807;0;3;73;79;99;0;251
2025-08-03;PM;??;101838;0;2;79;70;92;10;251
2025-08-03;PM;??;100774;0;2;72;83;87;8;250
2025-08-03;PM;??;100790;1;1;89;68;86;7;250
2025-08-03;PM;??;100807;1;2;80;73;92;5;250
2025-08-03;PM;??;100903;1;4;78;86;82;4;250
2025-08-03;PM;??;100907;0;4;71;79;90;10;250
2025-08-03;PM;??;101013;0;2;98;71;77;4;250
2025-08-03;PM;??;101105;0;1;100;78;62;10;250
2025-08-03;PM;??;101140;1;2;74;77;94;5;250
2025-08-03;PM;??;101146;1;1;81;69;100;0;250
2025-08-03;PM;??;101315;0;4;78;70;98;4;250
2025-08-03;PM;??;101372;1;2;58;88;96;8;250
2025-08-03;PM;??;101384;0;1;100;63;85;2;250
2025-08-03;PM;??;101473;1;4;88;96;65;1;250
2025-08-03;PM;??;101649;0;2;95;76;69;10;250
2025-08-03;PM;??;101755;0;1;86;79;82;3;250
2025-08-03;PM;??;101770;1;4;88;62;99;1;250
2025-08-03;PM;??;101772;1;4;73;93;75;9;250
2025-08-03;PM;??;101849;1;3;63;84;97;6;250
2025-08-03;PM;??;101850;1;1;100;83;65;2;250
2025-08-03;PM;??;101894;0;1;81;100;63;6;250
2025-08-03;PM;??;100770;1;3;79;85;79;6;249
2025-08-03;PM;??;100967;1;4;96;70;74;9;249
2025-08-03;PM;??;100980;1;2;86;62;100;1;249
2025-08-03;PM;??;101067;1;4;98;93;58;0;249
2025-08-03;PM;??;101086;0;1;90;84;74;1;249
2025-08-03;PM;??;101268;1;1;68;100;71;10;249
2025-08-03;PM;??;101314;1;1;95;71;74;9;249
2025-08-03;PM;??;101341;1;1;93;59;97;0;249
2025-08-03;PM;??;101357;1;2;100;93;51;5;249
2025-08-03;PM;??;101361;0;4;85;56;98;10;249
2025-08-03;PM;??;101747;1;2;91;97;54;7;249
2025-08-03;PM;??;101916;0;4;63;92;90;4;249
2025-08-03;PM;??;100750;1;1;90;54;94;10;248
2025-08-03;PM;??;100800;0;2;82;99;62;5;248
2025-08-03;PM;??;100910;1;1;90;94;55;9;248
2025-08-03;PM;??;101015;0;1;100;74;67;7;248
2025-08-03;PM;??;101133;1;1;88;60;93;7;248
2025-08-03;PM;??;101139;1;1;76;100;68;4;248
2025-08-03;PM;??;101143;1;3;100;71;69;8;248
2025-08-03;PM;??;101326;1;1;84;100;55;9;248
2025-08-03;PM;??;101328;0;1;55;97;91;5;248
2025-08-03;PM;??;101346;1;4;91;52;98;7;248
2025-08-03;PM;??;101691;1;2;87;97;61;3;248
2025-08-03;PM;??;101777;1;1;89;100;55;4;248
2025-08-03;PM;??;101802;1;4;82;95;66;5;248
2025-08-03;PM;??;101827;1;2;62;82;97;7;248
2025-08-03;PM;??;100765;0;4;59;85;96;7;247
2025-08-03;PM;??;100811;1;4;82;61;99;5;247
2025-08-03;PM;??;100872;1;4;87;90;70;0;247
2025-08-03;PM;??;100943;0;2;62;100;78;7;247
2025-08-03;PM;??;100952;1;4;90;100;49;8;247
2025-08-03;PM;??;100978;0;2;92;71;79;5;247
2025-08-03;PM;??;101019;1;1;63;76;98;10;247
2025-08-03;PM;??;101031;1;1;79;73;95;0;247
2025-08-03;PM;??;101076;0;2;83;83;71;10;247
2025-08-03;PM;??;101121;1;1;62;100;78;7;247
2025-08-03;PM;??;101264;1;3;85;69;85;8;247
2025-08-03;PM;??;101307;0;1;59;80;100;8;247
2025-08-03;PM;??;101646;1;1;56;90;91;10;247
2025-08-03;PM;??;101647;0;3;69;93;83;2;247
2025-08-03;PM;??;101801;1;3;91;62;91;3;247
2025-08-03;PM;??;101809;1;4;74;75;92;6;247
2025-08-03;PM;??;101886;1;4;96;47;100;4;247
2025-08-03;PM;??;101947;1;1;59;94;93;1;247
2025-08-03;PM;??;101976;0;3;58;91;95;3;247
2025-08-03;PM;??;100871;0;3;90;75;73;8;246
2025-08-03;PM;??;100877;0;1;61;100;77;8;246
2025-08-03;PM;??;101073;1;1;100;64;78;4;246
2025-08-03;PM;??;101323;1;1;76;89;76;5;246
2025-08-03;PM;??;101389;0;3;96;82;59;9;246
2025-08-03;PM;??;101407;1;1;100;55;82;9;246
2025-08-03;PM;??;101634;1;2;93;61;85;7;246
2025-08-03;PM;??;101650;1;4;96;51;90;9;246
2025-08-03;PM;??;101677;1;3;64;95;82;5;246
2025-08-03;PM;??;101721;1;1;95;61;81;9;246
2025-08-03;PM;??;101874;1;2;99;64;83;0;246
2025-08-03;PM;??;101880;1;2;55;85;100;6;246
2025-08-03;PM;??;101903;0;1;69;95;75;7;246
2025-08-03;PM;??;100824;1;1;100;70;75;0;245
2025-08-03;PM;??;100855;1;1;98;82;58;7;245
2025-08-03;PM;??;100958;1;1;87;81;75;2;245
2025-08-03;PM;??;101010;1;4;94;64;77;10;245
2025-08-03;PM;??;101059;0;1;79;67;98;1;245
2025-08-03;PM;??;101265;0;4;73;90;79;3;245
2025-08-03;PM;??;101409;1;1;74;71;94;6;245
2025-08-03;PM;??;101436;1;4;65;88;86;6;245
2025-08-03;PM;??;101455;1;3;75;97;73;0;245
2025-08-03;PM;??;101638;1;2;87;98;59;1;245
2025-08-03;PM;??;101651;1;3;94;79;68;4;245
2025-08-03;PM;??;101794;1;3;62;86;87;10;245
2025-08-03;PM;??;101826;1;1;61;100;80;4;245
2025-08-03;PM;??;101867;1;2;78;67;100;0;245
2025-08-03;PM;??;101872;0;4;48;89;100;8;245
2025-08-03;PM;??;100789;1;3;57;97;90;0;244
2025-08-03;PM;??;100929;1;1;87;77;79;1;244
2025-08-03;PM;??;100944;1;1;72;98;65;9;244
2025-08-03;PM;??;101022;1;2;96;71;77;0;244
2025-08-03;PM;??;101029;0;1;71;65;100;8;244
2025-08-03;PM;??;101284;0;1;63;95;76;10;244
2025-08-03;PM;??;101295;1;4;75;91;71;7;244
2025-08-03;PM;??;101317;0;3;62;88;87;7;244
2025-08-03;PM;??;101319;1;1;68;100;71;5;244
2025-08-03;PM;??;101338;1;1;83;82;78;1;244
2025-08-03;PM;??;101381;1;4;91;48;100;5;244
2025-08-03;PM;??;101740;1;1;90;77;73;4;244
2025-08-03;PM;??;101813;0;4;97;52;86;9;244
2025-08-03;PM;??;101819;1;2;75;66;95;8;244
2025-08-03;PM;??;100937;1;2;70;82;85;6;243
2025-08-03;PM;??;100946;1;2;73;80;87;3;243
2025-08-03;PM;??;100966;1;4;94;65;75;9;243
2025-08-03;PM;??;100998;0;2;79;61;98;5;243
2025-08-03;PM;??;101044;0;4;70;73;97;3;243
2025-08-03;PM;??;101327;1;4;82;100;58;3;243
2025-08-03;PM;??;101449;1;3;61;98;80;4;243
2025-08-03;PM;??;101452;1;1;77;70;89;7;243
2025-08-03;PM;??;101698;0;2;92;52;98;1;243
2025-08-03;PM;??;101708;0;4;54;86;100;3;243
2025-08-03;PM;??;101752;0;1;60;98;81;4;243
2025-08-03;PM;??;101771;1;3;54;85;100;4;243
2025-08-03;PM;??;101885;1;2;73;78;86;6;243
2025-08-03;PM;??;101972;0;1;70;71;100;2;243
2025-08-03;PM;??;100986;1;1;70;100;68;4;242
2025-08-03;PM;??;101055;1;4;89;62;91;0;242
2025-08-03;PM;??;101120;1;2;81;75;83;3;242
2025-08-03;PM;??;101134;0;4;93;82;58;9;242
2025-08-03;PM;??;101406;1;1;73;62;97;10;242
2025-08-03;PM;??;101935;1;1;86;69;80;7;242
2025-08-03;PM;??;100947;0;1;82;84;75;0;241
2025-08-03;PM;??;101046;0;4;78;100;63;0;241
2025-08-03;PM;??;101094;1;3;78;63;95;5;241
2025-08-03;PM;??;101095;1;4;77;67;93;4;241
2025-08-03;PM;??;101107;0;1;66;98;72;5;241
2025-08-03;PM;??;101117;0;1;63;89;89;0;241
2025-08-03;PM;??;101147;1;4;71;71;95;4;241
2025-08-03;PM;??;101313;1;3;52;80;100;9;241
2025-08-03;PM;??;101414;1;3;68;87;78;8;241
2025-08-03;PM;??;101434;1;2;84;79;72;6;241
2025-08-03;PM;??;101440;1;3;82;69;88;2;241
2025-08-03;PM;??;101479;1;4;58;82;93;8;241
2025-08-03;PM;??;101670;1;4;47;100;91;3;241
2025-08-03;PM;??;101823;1;1;55;84;100;2;241
2025-08-03;PM;??;100798;1;2;82;83;75;0;240
2025-08-03;PM;??;101057;0;4;85;72;80;3;240
2025-08-03;PM;??;101116;0;4;65;72;100;3;240
2025-08-03;PM;??;101266;1;2;60;87;85;8;240
2025-08-03;PM;??;101348;1;1;80;59;92;9;240
2025-08-03;PM;??;101380;1;2;82;88;70;0;240
2025-08-03;PM;??;101451;1;2;60;88;91;1;240
2025-08-03;PM;??;101456;0;1;62;99;75;4;240
2025-08-03;PM;??;101642;0;4;74;70;87;9;240
2025-08-03;PM;??;101753;1;1;75;65;100;0;240
2025-08-03;PM;??;101767;0;4;91;76;68;5;240
2025-08-03;PM;??;101898;0;3;87;53;93;7;240
2025-08-03;PM;??;100876;1;3;100;56;81;2;239
2025-08-03;PM;??;100919;0;4;88;49;100;2;239
2025-08-03;PM;??;101092;0;1;65;70;94;10;239
2025-08-03;PM;??;101108;1;4;49;95;92;3;239
2025-08-03;PM;??;101138;1;1;57;77;100;5;239
2025-08-03;PM;??;101654;0;1;71;72;92;4;239
2025-08-03;PM;??;101695;0;3;60;91;87;1;239
2025-08-03;PM;??;101814;0;2;61;77;100;1;239
2025-08-03;PM;??;101925;1;3;96;76;57;10;239
2025-08-03;PM;??;101931;1;3;52;98;79;10;239
2025-08-03;PM;??;100757;0;3;90;80;62;6;238
2025-08-03;PM;??;100760;1;1;75;100;61;2;238
2025-08-03;PM;??;100769;1;2;62;86;84;6;238
2025-08-03;PM;??;100784;0;1;76;54;100;8;238
2025-08-03;PM;??;100803;0;1;85;91;62;0;238
2025-08-03;PM;??;100809;0;4;95;58;76;9;238
2025-08-03;PM;??;100836;1;4;77;67;91;3;238
2025-08-03;PM;??;101017;0;2;100;69;62;7;238
2025-08-03;PM;??;101035;1;2;84;86;60;8;238
2025-08-03;PM;??;101279;0;4;76;65;93;4;238
2025-08-03;PM;??;101281;0;4;97;71;64;6;238
2025-08-03;PM;??;101351;1;4;88;57;89;4;238
2025-08-03;PM;??;101444;0;1;92;67;69;10;238
2025-08-03;PM;??;101700;0;2;96;61;77;4;238
2025-08-03;PM;??;101725;1;2;95;70;65;8;238
2025-08-03;PM;??;101745;1;1;78;99;61;0;238
2025-08-03;PM;??;101926;1;4;100;69;65;4;238
2025-08-03;PM;??;101937;0;4;91;62;82;3;238
2025-08-03;PM;??;100747;1;1;79;89;62;7;237
2025-08-03;PM;??;100754;1;4;54;80;100;3;237
2025-08-03;PM;??;100761;1;2;68;90;72;7;237
2025-08-03;PM;??;100808;0;4;91;82;62;2;237
2025-08-03;PM;??;101032;1;4;91;77;61;8;237
2025-08-03;PM;??;101062;1;4;67;68;93;9;237
2025-08-03;PM;??;101091;0;3;84;67;76;10;237
2025-08-03;PM;??;101154;1;3;81;50;96;10;237
2025-08-03;PM;??;101299;1;4;74;66;97;0;237
2025-08-03;PM;??;101343;0;1;85;65;80;7;237
2025-08-03;PM;??;101776;0;2;48;89;90;10;237
2025-08-03;PM;??;101919;1;1;55;100;75;7;237
2025-08-03;PM;??;100814;1;2;89;72;69;6;236
2025-08-03;PM;??;100844;1;4;70;77;88;1;236
2025-08-03;PM;??;100885;0;4;72;72;91;1;236
2025-08-03;PM;??;100945;1;4;75;100;53;8;236
2025-08-03;PM;??;101001;1;4;96;64;76;0;236
2025-08-03;PM;??;101098;1;2;52;78;99;7;236
2025-08-03;PM;??;101142;1;2;59;76;92;9;236
2025-08-03;PM;??;101301;0;3;65;87;74;10;236
2025-08-03;PM;??;101387;1;4;62;95;79;0;236
2025-08-03;PM;??;101408;1;4;72;88;75;1;236
2025-08-03;PM;??;101657;0;2;74;74;87;1;236
2025-08-03;PM;??;101666;1;2;76;51;99;10;236
2025-08-03;PM;??;101672;1;1;56;97;78;5;236
2025-08-03;PM;??;101719;1;4;73;80;79;4;236
2025-08-03;PM;??;101818;1;3;92;73;62;9;236
2025-08-03;PM;??;101842;0;1;73;100;63;0;236
2025-08-03;PM;??;100763;1;4;69;73;84;9;235
2025-08-03;PM;??;100782;1;4;71;64;92;8;235
2025-08-03;PM;??;100854;1;3;84;83;64;4;235
2025-08-03;PM;??;100897;1;1;90;54;82;9;235
2025-08-03;PM;??;100957;0;4;69;80;84;2;235
2025-08-03;PM;??;101071;1;3;61;91;78;5;235
2025-08-03;PM;??;101090;0;4;67;98;61;9;235
2025-08-03;PM;??;101282;1;1;55;85;88;7;235
2025-08-03;PM;??;101322;1;1;58;99;68;10;235
2025-08-03;PM;??;101356;1;4;96;63;73;3;235
2025-08-03;PM;??;101782;1;1;70;64;99;2;235
2025-08-03;PM;??;101870;0;1;55;94;86;0;235
2025-08-03;PM;??;101954;1;1;65;84;78;8;235
2025-08-03;PM;??;100781;1;1;59;100;73;2;234
2025-08-03;PM;??;100832;0;1;55;76;95;8;234
2025-08-03;PM;??;101696;0;2;88;47;99;0;234
2025-08-03;PM;??;101790;0;1;56;71;100;7;234
2025-08-03;PM;??;101844;1;1;67;76;81;10;234
2025-08-03;PM;??;101946;1;1;71;71;89;3;234
2025-08-03;PM;??;100793;0;4;66;78;89;0;233
2025-08-03;PM;??;100926;1;4;59;89;78;7;233
2025-08-03;PM;??;100932;1;1;83;68;79;3;233
2025-08-03;PM;??;100983;0;4;77;67;79;10;233
2025-08-03;PM;??;101061;0;1;70;68;86;9;233
2025-08-03;PM;??;101099;1;2;82;87;62;2;233
2025-08-03;PM;??;101333;0;1;78;93;55;7;233
2025-08-03;PM;??;101352;0;1;100;68;65;0;233
2025-08-03;PM;??;101354;1;3;78;94;61;0;233
2025-08-03;PM;??;101382;0;4;100;79;52;2;233
2025-08-03;PM;??;101432;1;4;68;63;92;10;233
2025-08-03;PM;??;101662;1;1;78;75;76;4;233
2025-08-03;PM;??;101731;0;4;62;77;93;1;233
2025-08-03;PM;??;101769;0;2;58;89;76;10;233
2025-08-03;PM;??;101773;0;1;70;72;90;1;233
2025-08-03;PM;??;101879;1;4;84;54;95;0;233
2025-08-03;PM;??;101899;1;3;65;73;93;2;233
2025-08-03;PM;??;101904;1;3;46;91;86;10;233
2025-08-03;PM;??;101962;1;3;73;84;74;2;233
2025-08-03;PM;??;101973;1;4;70;79;81;3;233
2025-08-03;PM;??;100899;1;4;55;71;97;9;232
2025-08-03;PM;??;100965;0;4;49;98;76;9;232
2025-08-03;PM;??;101038;1;1;88;66;75;3;232
2025-08-03;PM;??;101395;1;1;78;78;69;7;232
2025-08-03;PM;??;101475;1;3;77;86;62;7;232
2025-08-03;PM;??;101659;1;1;82;65;81;4;232
2025-08-03;PM;??;101669;0;4;89;61;82;0;232
2025-08-03;PM;??;101765;1;2;80;58;88;6;232
2025-08-03;PM;??;101847;1;1;92;67;67;6;232
2025-08-03;PM;??;101855;1;1;62;96;67;7;232
2025-08-03;PM;??;101950;0;4;63;83;77;9;232
2025-08-03;PM;??;100810;1;1;91;74;62;4;231
2025-08-03;PM;??;101064;0;3;62;100;59;10;231
2025-08-03;PM;??;101085;1;1;54;73;99;5;231
2025-08-03;PM;??;101087;1;1;68;91;62;10;231
2025-08-03;PM;??;101113;1;1;63;100;64;4;231
2025-08-03;PM;??;101355;1;3;73;50;98;10;231
2025-08-03;PM;??;101385;0;1;61;93;75;2;231
2025-08-03;PM;??;101391;1;1;59;82;88;2;231
2025-08-03;PM;??;101467;1;1;66;100;56;9;231
2025-08-03;PM;??;101477;0;2;69;73;80;9;231
2025-08-03;PM;??;101681;1;4;54;94;83;0;231
2025-08-03;PM;??;101699;1;3;86;79;66;0;231
2025-08-03;PM;??;101832;1;1;57;74;98;2;231
2025-08-03;PM;??;100881;1;4;91;63;73;3;230
2025-08-03;PM;??;100889;1;4;94;69;60;7;230
2025-08-03;PM;??;100982;0;1;82;57;83;8;230
2025-08-03;PM;??;101118;1;1;86;57;84;3;230
2025-08-03;PM;??;101119;1;3;85;47;90;8;230
2025-08-03;PM;??;101130;1;1;66;54;100;10;230
2025-08-03;PM;??;101276;1;3;64;80;84;2;230
2025-08-03;PM;??;101297;1;2;67;91;64;8;230
2025-08-03;PM;??;101443;0;4;60;77;84;9;230
2025-08-03;PM;??;101667;1;2;64;64;100;2;230
2025-08-03;PM;??;101948;1;4;83;63;84;0;230
2025-08-03;PM;??;101964;0;4;77;83;62;8;230
2025-08-03;PM;??;100783;1;1;96;55;78;0;229
2025-08-03;PM;??;100848;1;3;61;76;86;6;229
2025-08-03;PM;??;100883;0;1;88;70;67;4;229
2025-08-03;PM;??;100963;1;2;53;74;92;10;229
2025-08-03;PM;??;101048;0;3;97;66;65;1;229
2025-08-03;PM;??;101438;0;2;64;83;75;7;229
2025-08-03;PM;??;101458;0;3;100;72;48;9;229
2025-08-03;PM;??;101759;1;4;88;87;53;1;229
2025-08-03;PM;??;101839;1;4;64;74;90;1;229
2025-08-03;PM;??;101913;1;4;96;68;55;10;229
2025-08-03;PM;??;101967;0;1;71;80;78;0;229
2025-08-03;PM;??;100805;1;1;82;62;82;2;228
2025-08-03;PM;??;100857;1;4;88;71;62;7;228
2025-08-03;PM;??;100894;1;1;67;67;92;2;228
2025-08-03;PM;??;101058;0;1;94;62;64;8;228
2025-08-03;PM;??;101644;1;1;54;96;77;1;228
2025-08-03;PM;??;101703;0;1;74;79;66;9;228
2025-08-03;PM;??;101716;1;3;81;67;76;4;228
2025-08-03;PM;??;101722;0;2;68;75;80;5;228
2025-08-03;PM;??;101735;1;1;90;65;68;5;228
2025-08-03;PM;??;101921;0;1;67;61;100;0;228
2025-08-03;PM;??;100756;1;4;89;63;66;9;227
2025-08-03;PM;??;100802;1;4;100;53;68;6;227
2025-08-03;PM;??;100846;0;2;61;66;99;1;227
2025-08-03;PM;??;100939;1;1;97;68;57;5;227
2025-08-03;PM;??;100962;1;2;97;46;79;5;227
2025-08-03;PM;??;100984;0;1;73;54;100;0;227
2025-08-03;PM;??;101014;0;1;84;69;67;7;227
2025-08-03;PM;??;101368;0;1;59;73;85;10;227
2025-08-03;PM;??;101730;1;3;74;57;95;1;227
2025-08-03;PM;??;101761;1;1;82;57;79;9;227
2025-08-03;PM;??;101868;1;2;78;63;80;6;227
2025-08-03;PM;??;101914;1;1;77;67;73;10;227
2025-08-03;PM;??;101929;1;4;50;77;92;8;227
2025-08-03;PM;??;101933;1;1;63;65;99;0;227
2025-08-03;PM;??;100801;1;1;84;82;57;3;226
2025-08-03;PM;??;100956;1;1;72;72;79;3;226
2025-08-03;PM;??;100989;1;4;47;78;94;7;226
2025-08-03;PM;??;101006;1;1;91;56;75;4;226
2025-08-03;PM;??;101008;1;1;64;84;69;9;226
2025-08-03;PM;??;101065;0;4;82;51;91;2;226
2025-08-03;PM;??;101070;0;3;55;79;92;0;226
2025-08-03;PM;??;101123;1;1;66;74;83;3;226
2025-08-03;PM;??;101124;1;3;80;82;60;4;226
2025-08-03;PM;??;101149;1;2;57;87;81;1;226
2025-08-03;PM;??;101418;0;4;87;65;72;2;226
2025-08-03;PM;??;101715;0;4;49;80;94;3;226
2025-08-03;PM;??;101764;1;4;55;62;99;10;226
2025-08-03;PM;??;101871;0;1;61;95;62;8;226
2025-08-03;PM;??;101882;1;3;65;69;82;10;226
2025-08-03;PM;??;101909;1;4;56;88;77;5;226
2025-08-03;PM;??;101953;1;4;65;64;91;6;226
2025-08-03;PM;??;100831;1;2;66;75;82;2;225
2025-08-03;PM;??;101003;1;4;90;80;50;5;225
2025-08-03;PM;??;101024;1;2;96;62;60;7;225
2025-08-03;PM;??;101039;0;1;84;55;80;6;225
2025-08-03;PM;??;101156;1;4;91;68;64;2;225
2025-08-03;PM;??;101275;0;2;93;79;48;5;225
2025-08-03;PM;??;101286;1;3;60;76;79;10;225
2025-08-03;PM;??;101309;0;1;68;72;85;0;225
2025-08-03;PM;??;101442;0;4;62;75;84;4;225
2025-08-03;PM;??;101697;1;1;71;69;75;10;225
2025-08-03;PM;??;100753;1;1;100;60;58;6;224
2025-08-03;PM;??;100786;0;2;81;84;56;3;224
2025-08-03;PM;??;100818;1;2;52;80;89;3;224
2025-08-03;PM;??;100874;1;3;89;83;50;2;224
2025-08-03;PM;??;101104;1;4;71;51;95;7;224
2025-08-03;PM;??;101365;1;2;51;87;85;1;224
2025-08-03;PM;??;101397;0;4;91;51;76;6;224
2025-08-03;PM;??;101474;1;3;73;71;72;8;224
2025-08-03;PM;??;101629;0;4;58;67;90;9;224
2025-08-03;PM;??;101763;1;2;100;49;66;9;224
2025-08-03;PM;??;101798;1;3;85;78;59;2;224
2025-08-03;PM;??;101896;1;3;90;49;82;3;224
2025-08-03;PM;??;101969;1;3;66;68;85;5;224
2025-08-03;PM;??;100826;1;1;59;84;75;5;223
2025-08-03;PM;??;100930;1;4;52;71;96;4;223
2025-08-03;PM;??;101023;0;1;58;100;64;1;223
2025-08-03;PM;??;101097;1;4;68;64;82;9;223
2025-08-03;PM;??;101303;0;4;68;73;73;9;223
2025-08-03;PM;??;101358;1;4;90;67;60;6;223
2025-08-03;PM;??;101374;1;2;94;66;58;5;223
2025-08-03;PM;??;101783;0;4;73;76;70;4;223
2025-08-03;PM;??;101822;0;4;73;48;98;4;223
2025-08-03;PM;??;101834;1;2;77;83;56;7;223
2025-08-03;PM;??;101941;0;4;64;63;87;9;223
2025-08-03;PM;??;101971;1;2;66;61;96;0;223
2025-08-03;PM;??;100908;0;4;60;65;93;4;222
2025-08-03;PM;??;101082;1;1;90;62;63;7;222
2025-08-03;PM;??;101084;1;4;71;90;55;6;222
2025-08-03;PM;??;101148;0;3;73;71;69;9;222
2025-08-03;PM;??;101272;1;1;65;97;58;2;222
2025-08-03;PM;??;101421;1;2;75;63;82;2;222
2025-08-03;PM;??;101685;0;1;63;62;94;3;222
2025-08-03;PM;??;101791;0;3;64;92;60;6;222
2025-08-03;PM;??;101793;1;1;100;58;59;5;222
2025-08-03;PM;??;101887;0;4;98;64;51;9;222
2025-08-03;PM;??;100778;1;3;90;66;60;5;221
2025-08-03;PM;??;100825;0;3;60;80;75;6;221
2025-08-03;PM;??;100950;1;1;59;97;60;5;221
2025-08-03;PM;??;101043;1;1;73;80;65;3;221
2025-08-03;PM;??;101263;1;4;50;75;90;6;221
2025-08-03;PM;??;101689;1;4;63;69;85;4;221
2025-08-03;PM;??;101712;1;2;50;90;79;2;221
2025-08-03;PM;??;101739;1;1;89;62;69;1;221
2025-08-03;PM;??;101841;0;3;56;59;99;7;221
2025-08-03;PM;??;101891;1;1;62;77;76;6;221
2025-08-03;PM;??;100942;1;4;58;68;90;4;220
2025-08-03;PM;??;101049;1;3;80;46;93;1;220
2025-08-03;PM;??;101051;0;4;59;82;76;3;220
2025-08-03;PM;??;101069;1;2;62;77;76;5;220
2025-08-03;PM;??;101291;1;2;92;52;76;0;220
2025-08-03;PM;??;101292;1;3;91;53;74;2;220
2025-08-03;PM;??;101441;1;1;77;77;63;3;220
2025-08-03;PM;??;101496;1;2;88;65;67;0;220
2025-08-03;PM;??;101656;0;4;67;100;51;2;220
2025-08-03;PM;??;101741;1;1;77;67;66;10;220
2025-08-03;PM;??;101768;1;4;51;83;78;8;220
2025-08-03;PM;??;101795;1;1;73;65;77;5;220
2025-08-03;PM;??;101920;1;3;71;75;67;7;220
2025-08-03;PM;??;101961;1;1;78;74;66;2;220
2025-08-03;PM;??;100773;1;4;87;57;72;3;219
2025-08-03;PM;??;101021;1;1;58;74;86;1;219
2025-08-03;PM;??;101052;0;4;47;100;63;9;219
2025-08-03;PM;??;101088;1;4;59;74;77;9;219
2025-08-03;PM;??;101324;1;2;74;60;81;4;219
2025-08-03;PM;??;101811;0;3;100;53;58;8;219
2025-08-03;PM;??;101860;0;1;73;64;75;7;219
2025-08-03;PM;??;101876;1;2;85;84;50;0;219
2025-08-03;PM;??;100796;1;4;57;89;66;6;218
2025-08-03;PM;??;100820;0;2;93;60;59;6;218
2025-08-03;PM;??;100845;1;2;59;100;51;8;218
2025-08-03;PM;??;100866;1;3;66;64;83;5;218
2025-08-03;PM;??;100879;1;1;90;70;57;1;218
2025-08-03;PM;??;101427;1;3;61;68;82;7;218
2025-08-03;PM;??;101489;0;3;85;80;47;6;218
2025-08-03;PM;??;101637;0;3;71;78;63;6;218
2025-08-03;PM;??;101788;1;1;63;64;82;9;218
2025-08-03;PM;??;101817;1;1;67;81;61;9;218
2025-08-03;PM;??;101828;0;4;62;77;72;7;218
2025-08-03;PM;??;101960;0;4;59;53;100;6;218
2025-08-03;PM;??;100771;0;2;64;57;86;10;217
2025-08-03;PM;??;100806;1;1;63;69;77;8;217
2025-08-03;PM;??;100928;0;3;66;77;72;2;217
2025-08-03;PM;??;101089;1;2;58;83;69;7;217
2025-08-03;PM;??;101145;1;2;66;77;68;6;217
2025-08-03;PM;??;101360;1;4;94;58;57;8;217
2025-08-03;PM;??;101738;1;4;72;68;70;7;217
2025-08-03;PM;??;101797;1;4;91;55;63;8;217
2025-08-03;PM;??;101831;1;2;63;84;70;0;217
2025-08-03;PM;??;101845;0;1;55;99;61;2;217
2025-08-03;PM;??;101907;1;4;83;58;68;8;217
2025-08-03;PM;??;101923;1;1;67;84;61;5;217
2025-08-03;PM;??;100979;0;4;90;47;76;3;216
2025-08-03;PM;??;101260;1;1;61;77;74;4;216
2025-08-03;PM;??;101694;1;1;65;63;84;4;216
2025-08-03;PM;??;101949;0;1;85;58;70;3;216
2025-08-03;PM;??;100902;0;4;77;75;55;8;215
2025-08-03;PM;??;100906;1;1;78;67;64;6;215
2025-08-03;PM;??;101109;1;1;95;55;55;10;215
2025-08-03;PM;??;101492;1;3;75;74;60;6;215
2025-08-03;PM;??;101686;0;4;52;90;64;9;215
2025-08-03;PM;??;101709;0;4;72;83;58;2;215
2025-08-03;PM;??;101774;1;4;61;80;72;2;215
2025-08-03;PM;??;101873;0;4;75;70;67;3;215
2025-08-03;PM;??;101889;1;1;82;70;57;6;215
2025-08-03;PM;??;100785;1;4;64;72;74;4;214
2025-08-03;PM;??;100821;1;3;74;69;63;8;214
2025-08-03;PM;??;101302;1;3;56;94;63;1;214
2025-08-03;PM;??;101401;1;4;65;59;80;10;214
2025-08-03;PM;??;101405;1;1;84;55;66;9;214
2025-08-03;PM;??;101422;1;1;58;95;61;0;214
2025-08-03;PM;??;101464;1;4;66;69;73;6;214
2025-08-03;PM;??;101744;1;1;64;85;61;4;214
2025-08-03;PM;??;101756;1;3;89;66;57;2;214
2025-08-03;PM;??;101805;1;4;65;77;72;0;214
2025-08-03;PM;??;100864;1;4;64;85;59;5;213
2025-08-03;PM;??;101125;0;1;77;56;76;4;213
2025-08-03;PM;??;101261;0;3;71;47;90;5;213
2025-08-03;PM;??;101705;1;3;68;59;85;1;213
2025-08-03;PM;??;101714;0;3;99;48;60;6;213
2025-08-03;PM;??;101883;0;4;88;73;48;4;213
2025-08-03;PM;??;101936;0;4;54;97;54;8;213
2025-08-03;PM;??;100795;0;3;71;71;70;0;212
2025-08-03;PM;??;100954;1;2;73;62;67;10;212
2025-08-03;PM;??;100991;0;1;90;67;55;0;212
2025-08-03;PM;??;101002;0;3;60;58;86;8;212
2025-08-03;PM;??;101150;0;3;89;48;65;10;212
2025-08-03;PM;??;101378;1;4;57;81;65;9;212
2025-08-03;PM;??;101454;1;1;73;54;78;7;212
2025-08-03;PM;??;100751;1;4;78;68;61;4;211
2025-08-03;PM;??;101009;1;3;57;100;54;0;211
2025-08-03;PM;??;101080;1;4;50;66;87;8;211
2025-08-03;PM;??;101311;0;1;66;76;64;5;211
2025-08-03;PM;??;101398;1;1;54;74;77;6;211
2025-08-03;PM;??;101453;1;4;61;69;81;0;211
2025-08-03;PM;??;101723;1;1;69;54;84;4;211
2025-08-03;PM;??;101746;0;1;78;69;56;8;211
2025-08-03;PM;??;101789;0;3;61;73;76;1;211
2025-08-03;PM;??;101906;1;2;64;72;71;4;211
2025-08-03;PM;??;100816;0;2;49;100;58;3;210
2025-08-03;PM;??;100935;0;2;51;92;63;4;210
2025-08-03;PM;??;101304;1;1;73;59;76;2;210
2025-08-03;PM;??;101415;1;1;68;59;73;10;210
2025-08-03;PM;??;101430;0;4;57;61;91;1;210
2025-08-03;PM;??;101483;1;2;55;54;94;7;210
2025-08-03;PM;??;101645;1;4;57;96;50;7;210
2025-08-03;PM;??;100948;0;1;67;69;69;4;209
2025-08-03;PM;??;101277;1;1;60;75;70;4;209
2025-08-03;PM;??;101661;0;2;85;47;67;10;209
2025-08-03;PM;??;101665;1;3;81;65;55;8;209
2025-08-03;PM;??;101843;1;3;91;47;67;4;209
2025-08-03;PM;??;101439;1;2;54;96;56;2;208
2025-08-03;PM;??;101713;1;3;71;77;53;7;208
2025-08-03;PM;??;100938;1;4;82;47;75;3;207
2025-08-03;PM;??;100949;1;3;78;80;46;3;207
2025-08-03;PM;??;101305;1;4;50;77;71;9;207
2025-08-03;PM;??;101371;1;4;72;53;80;2;207
2025-08-03;PM;??;101416;1;4;80;69;53;5;207
2025-08-03;PM;??;101417;0;3;86;67;54;0;207
2025-08-03;PM;??;101491;1;1;57;65;83;2;207
2025-08-03;PM;??;101631;0;1;59;56;84;8;207
2025-08-03;PM;??;101680;1;2;59;58;89;1;207
2025-08-03;PM;??;101888;1;4;58;83;63;3;207
2025-08-03;PM;??;101912;1;4;50;84;63;10;207
2025-08-03;PM;??;101965;0;3;74;52;78;3;207
2025-08-03;PM;??;101966;1;4;63;70;71;3;207
2025-08-03;PM;??;100830;0;4;82;66;54;4;206
2025-08-03;PM;??;101012;0;3;62;90;54;0;206
2025-08-03;PM;??;101028;1;2;53;100;52;1;206
2025-08-03;PM;??;101060;1;1;80;67;55;4;206
2025-08-03;PM;??;101420;0;1;69;58;75;4;206
2025-08-03;PM;??;101459;0;1;74;60;67;5;206
2025-08-03;PM;??;101460;1;2;69;84;51;2;206
2025-08-03;PM;??;101478;1;4;46;78;81;1;206
2025-08-03;PM;??;101488;0;4;62;81;55;8;206
2025-08-03;PM;??;101750;1;1;62;72;67;5;206
2025-08-03;PM;??;101778;0;3;56;67;73;10;206
2025-08-03;PM;??;101796;1;1;72;72;55;7;206
2025-08-03;PM;??;101905;0;2;57;55;93;1;206
2025-08-03;PM;??;101018;1;4;48;64;93;0;205
2025-08-03;PM;??;101720;1;4;48;51;97;9;205
2025-08-03;PM;??;101727;0;2;53;74;74;4;205
2025-08-03;PM;??;101803;0;2;55;66;75;9;205
2025-08-03;PM;??;101837;1;1;66;69;64;6;205
2025-08-03;PM;??;101881;1;4;61;70;69;5;205
2025-08-03;PM;??;101927;1;4;73;55;74;3;205
2025-08-03;PM;??;100862;0;4;50;65;81;8;204
2025-08-03;PM;??;100974;1;1;62;79;63;0;204
2025-08-03;PM;??;101025;1;2;99;47;49;9;204
2025-08-03;PM;??;101112;1;4;53;64;83;4;204
2025-08-03;PM;??;101273;0;1;59;59;76;10;204
2025-08-03;PM;??;101736;1;1;54;72;71;7;204
2025-08-03;PM;??;101737;1;4;67;55;75;7;204
2025-08-03;PM;??;100898;0;3;69;47;85;2;203
2025-08-03;PM;??;100915;0;3;61;69;68;5;203
2025-08-03;PM;??;101786;1;4;59;70;70;4;203
2025-08-03;PM;??;100817;1;4;82;59;58;3;202
2025-08-03;PM;??;101127;1;3;60;66;68;8;202
2025-08-03;PM;??;101350;1;4;90;49;60;3;202
2025-08-03;PM;??;101424;0;1;70;67;58;7;202
2025-08-03;PM;??;100847;1;3;84;46;64;7;201
2025-08-03;PM;??;100880;1;3;57;80;55;9;201
2025-08-03;PM;??;101472;0;4;96;49;47;9;201
2025-08-03;PM;??;101633;1;4;47;100;50;4;201
2025-08-03;PM;??;101687;1;2;51;58;83;9;201
2025-08-03;PM;??;100791;1;2;65;75;54;6;200
2025-08-03;PM;??;100815;1;3;87;51;60;2;200
2025-08-03;PM;??;100829;0;3;46;78;70;6;200
2025-08-03;PM;??;100996;1;4;83;58;59;0;200
2025-08-03;PM;??;101388;0;1;76;54;60;10;200
2025-08-03;PM;??;101924;0;4;66;84;49;1;200
2025-08-03;PM;??;101952;1;3;48;89;63;0;200
2025-08-03;PM;??;101956;1;2;62;71;63;4;200
2025-08-03;PM;??;101126;1;4;67;62;65;5;199
2025-08-03;PM;??;101136;0;4;71;63;58;7;199
2025-08-03;PM;??;101493;0;4;59;66;70;4;199
2025-08-03;PM;??;100823;1;4;71;72;50;5;198
2025-08-03;PM;??;101114;1;4;76;69;47;6;198
2025-08-03;PM;??;101283;0;3;52;77;64;5;198
2025-08-03;PM;??;101336;0;1;54;77;57;10;198
2025-08-03;PM;??;101840;0;2;56;69;72;1;198
2025-08-03;PM;??;100837;1;2;50;82;57;8;197
2025-08-03;PM;??;100860;1;4;58;53;84;2;197
2025-08-03;PM;??;100992;1;4;60;73;58;6;197
2025-08-03;PM;??;101033;1;4;57;77;54;9;197
2025-08-03;PM;??;101063;1;4;46;71;73;7;197
2025-08-03;PM;??;101959;1;1;63;65;65;4;197
2025-08-03;PM;??;100891;1;4;53;66;76;1;196
2025-08-03;PM;??;100994;1;4;54;70;69;3;196
2025-08-03;PM;??;101426;1;1;58;56;75;7;196
2025-08-03;PM;??;101461;0;2;59;82;53;2;196
2025-08-03;PM;??;101780;0;2;60;47;88;1;196
2025-08-03;PM;??;100780;1;4;69;48;75;3;195
2025-08-03;PM;??;101901;1;4;70;53;67;5;195
2025-08-03;PM;??;100869;1;4;59;62;71;2;194
2025-08-03;PM;??;100923;1;2;78;56;54;6;194
2025-08-03;PM;??;101034;1;4;57;49;81;7;194
2025-08-03;PM;??;101671;1;1;72;62;58;2;194
2025-08-03;PM;??;100834;1;2;56;47;86;4;193
2025-08-03;PM;??;100914;0;4;56;69;59;9;193
2025-08-03;PM;??;101101;1;4;56;52;76;9;193
2025-08-03;PM;??;101743;1;4;74;58;52;9;193
2025-08-03;PM;??;101917;1;4;49;48;93;3;193
2025-08-03;PM;??;100828;0;4;56;58;78;0;192
2025-08-03;PM;??;100868;0;4;52;78;59;3;192
2025-08-03;PM;??;100936;0;4;57;48;86;1;192
2025-08-03;PM;??;101075;0;4;70;56;65;1;192
2025-08-03;PM;??;101298;1;1;59;54;70;9;192
2025-08-03;PM;??;101678;1;3;79;49;58;6;192
2025-08-03;PM;??;101895;1;4;59;46;79;8;192
2025-08-03;PM;??;101259;0;2;61;50;71;9;191
2025-08-03;PM;??;101290;1;4;49;80;59;3;191
2025-08-03;PM;??;101320;1;3;53;75;54;9;191
2025-08-03;PM;??;101824;1;2;57;59;69;6;191
2025-08-03;PM;??;100964;1;4;54;73;55;8;190
2025-08-03;PM;??;100985;1;2;62;66;52;10;190
2025-08-03;PM;??;101710;0;4;49;86;55;0;190
2025-08-03;PM;??;101339;1;2;52;58;72;7;189
2025-08-03;PM;??;101711;1;2;71;66;52;0;189
2025-08-03;PM;??;100755;1;2;69;47;62;10;188
2025-08-03;PM;??;100758;0;1;68;55;57;8;188
2025-08-03;PM;??;100839;0;2;86;46;51;5;188
2025-08-03;PM;??;100934;0;4;69;65;49;5;188
2025-08-03;PM;??;101829;1;4;48;82;50;8;188
2025-08-03;PM;??;100924;1;4;74;60;52;1;187
2025-08-03;PM;??;100995;0;2;83;48;47;9;187
2025-08-03;PM;??;101270;0;1;66;58;59;4;187
2025-08-03;PM;??;101463;1;4;77;61;49;0;187
2025-08-03;PM;??;101861;1;1;58;61;58;10;187
2025-08-03;PM;??;101103;1;4;53;55;68;10;186
2025-08-03;PM;??;101934;0;4;62;69;46;9;186
2025-08-03;PM;??;100960;1;3;58;59;67;1;185
2025-08-03;PM;??;100775;1;2;58;70;52;4;184
2025-08-03;PM;??;101704;0;4;60;52;69;3;184
2025-08-03;PM;??;101005;0;4;73;51;52;7;183
2025-08-03;PM;??;101377;1;4;53;52;71;7;183
2025-08-03;PM;??;101445;1;3;68;48;62;5;183
2025-08-03;PM;??;101734;0;4;49;46;86;2;183
2025-08-03;PM;??;100838;1;3;70;56;48;8;182
2025-08-03;PM;??;100941;1;4;50;54;68;9;181
2025-08-03;PM;??;101846;0;4;50;53;77;1;181
2025-08-03;PM;??;101863;0;2;56;58;63;4;181
2025-08-03;PM;??;100987;0;4;52;70;48;10;180
2025-08-03;PM;??;101000;1;1;64;58;57;1;180
2025-08-03;PM;??;101674;0;3;53;68;51;8;180
2025-08-03;PM;??;100975;1;2;61;49;68;1;179
2025-08-03;PM;??;101329;0;2;47;66;57;9;179
2025-08-03;PM;??;101400;0;1;59;54;57;8;178
2025-08-03;PM;??;101411;1;4;60;61;47;10;178
2025-08-03;PM;??;101915;1;4;53;47;68;10;178
2025-08-03;PM;??;100766;0;4;50;59;61;7;177
2025-08-03;PM;??;101288;1;2;57;53;59;8;177
2025-08-03;PM;??;101944;1;4;50;48;70;9;177
2025-08-03;PM;??;101153;1;1;57;56;56;7;176
2025-08-03;PM;??;101054;0;2;76;47;48;4;175
2025-08-03;PM;??;101370;0;4;54;64;48;9;175
2025-08-03;PM;??;101648;0;3;63;57;50;5;175
2025-08-03;PM;??;101760;0;2;67;53;46;8;174
2025-08-03;PM;??;101918;1;4;60;58;47;9;174
2025-08-03;PM;??;101342;1;4;48;55;65;5;173
2025-08-03;PM;??;101632;0;3;55;63;54;1;173
2025-08-03;PM;??;101758;1;2;52;59;59;1;171
2025-08-03;PM;??;101742;0;4;52;61;54;3;170
2025-08-03;PM;??;101830;0;2;47;47;73;3;170
2025-08-03;PM;??;101706;1;2;54;51;56;8;169
2025-08-03;PM;??;101928;0;2;57;49;59;4;169
2025-08-03;PM;??;101404;1;3;61;49;48;10;168
2025-08-03;PM;??;100895;1;3;66;52;49;0;167
2025-08-03;PM;??;100916;0;4;52;65;46;0;163
2025-08-03;PM;??;101042;0;3;46;50;57;10;163
2025-08-03;PM;??;100799;1;3;49;48;59;5;161
2025-08-03;PM;??;101369;0;3;47;57;49;6;159
2025-08-03;PM;??;100849;1;4;48;53;48;9;158
2025-08-03;PM;??;101465;1;2;57;49;47;4;157
2025-08-03;PM;??;101486;0;4;47;54;48;3;152
2025-08-03;IVT;???;101627;0;2;98;100;100;9;307
2025-08-03;IVT;???;101724;0;1;96;100;100;9;305
2025-08-03;IVT;???;101412;1;1;100;100;99;5;304
2025-08-03;IVT;???;101429;1;1;100;100;100;4;304
2025-08-03;IVT;???;101500;1;2;100;100;100;4;304
2025-08-03;IVT;???;101413;1;2;100;100;100;2;302
2025-08-03;IVT;???;101050;0;2;98;100;100;3;301
2025-08-03;IVT;???;101269;1;2;100;100;100;0;300
2025-08-03;IVT;???;101274;0;2;100;100;95;5;300
2025-08-03;IVT;???;101330;0;2;100;100;100;0;300
2025-08-03;IVT;???;101733;1;3;100;91;100;8;299
2025-08-03;IVT;???;100788;1;2;89;100;100;9;298
2025-08-03;IVT;???;100794;1;3;89;100;100;9;298
2025-08-03;IVT;???;101403;1;3;99;97;100;2;298
2025-08-03;IVT;???;101673;1;2;98;93;100;7;298
2025-08-03;IVT;???;101989;0;2;97;100;99;2;298
2025-08-03;IVT;???;101257;1;3;100;91;100;4;295
2025-08-03;IVT;???;101393;0;1;87;100;100;8;295
2025-08-03;IVT;???;101450;0;2;100;100;91;4;295
2025-08-03;IVT;???;101383;1;4;98;100;94;2;294
2025-08-03;IVT;???;101428;0;2;92;100;95;7;294
2025-08-03;IVT;???;101529;1;2;97;92;100;4;293
2025-08-03;IVT;???;100819;0;3;97;94;100;1;292
2025-08-03;IVT;???;100873;1;3;100;89;95;8;292
2025-08-03;IVT;???;101448;1;3;92;98;100;2;292
2025-08-03;IVT;???;102004;1;2;95;100;92;5;292
2025-08-03;IVT;???;102181;1;1;84;100;100;8;292
2025-08-03;IVT;???;102193;0;2;100;85;98;9;292
2025-08-03;IVT;???;102225;1;3;100;84;100;8;292
2025-08-03;IVT;???;100875;1;2;95;94;97;5;291
2025-08-03;IVT;???;101083;0;3;98;95;91;7;291
2025-08-03;IVT;???;101363;1;1;88;98;100;5;291
2025-08-03;IVT;???;102054;0;2;100;81;100;10;291
2025-08-03;IVT;???;100973;1;2;100;95;92;3;290
2025-08-03;IVT;???;101321;1;1;100;97;92;1;290
2025-08-03;IVT;???;101781;1;1;100;86;100;4;290
2025-08-03;IVT;???;101810;1;2;86;100;99;5;290
2025-08-03;IVT;???;102022;0;2;100;90;100;0;290
2025-08-03;IVT;???;102103;0;3;100;96;94;0;290
2025-08-03;IVT;???;101066;1;2;87;100;100;2;289
2025-08-03;IVT;???;101219;1;2;100;80;100;9;289
2025-08-03;IVT;???;101640;1;1;98;92;92;7;289
2025-08-03;IVT;???;101717;1;1;90;100;98;1;289
2025-08-03;IVT;???;102152;1;2;100;87;98;4;289
2025-08-03;IVT;???;100878;1;2;84;100;100;4;288
2025-08-03;IVT;???;100969;1;3;100;96;88;4;288
2025-08-03;IVT;???;100970;1;2;100;85;100;3;288
2025-08-03;IVT;???;101026;1;3;93;95;100;0;288
2025-08-03;IVT;???;101332;0;3;100;88;95;5;288
2025-08-03;IVT;???;101375;1;2;93;100;89;6;288
2025-08-03;IVT;???;100768;0;3;95;99;89;4;287
2025-08-03;IVT;???;101171;0;1;100;80;99;8;287
2025-08-03;IVT;???;101205;1;1;100;100;81;6;287
2025-08-03;IVT;???;101364;0;2;96;100;87;4;287
2025-08-03;IVT;???;101366;1;1;98;97;82;10;287
2025-08-03;IVT;???;100813;1;3;100;100;76;10;286
2025-08-03;IVT;???;100951;1;2;100;91;94;1;286
2025-08-03;IVT;???;101808;0;2;81;98;100;7;286
2025-08-03;IVT;???;102165;0;3;100;84;100;2;286
2025-08-03;IVT;???;101030;1;3;85;92;100;8;285
2025-08-03;IVT;???;101040;0;3;91;100;85;9;285
2025-08-03;IVT;???;100912;1;2;90;95;94;5;284
2025-08-03;IVT;???;101628;1;3;100;82;100;2;284
2025-08-03;IVT;???;101766;1;1;97;89;94;4;284
2025-08-03;IVT;???;101170;1;2;100;91;85;7;283
2025-08-03;IVT;???;101751;0;4;77;100;100;6;283
2025-08-03;IVT;???;100886;1;2;98;81;100;3;282
2025-08-03;IVT;???;100892;1;4;94;82;100;6;282
2025-08-03;IVT;???;101027;1;1;83;96;100;3;282
2025-08-03;IVT;???;101254;0;4;94;79;100;9;282
2025-08-03;IVT;???;101300;1;2;100;73;100;9;282
2025-08-03;IVT;???;101800;0;2;78;100;97;7;282
2025-08-03;IVT;???;102047;1;1;100;100;80;2;282
2025-08-03;IVT;???;100777;1;3;78;100;100;3;281
2025-08-03;IVT;???;100853;1;4;86;92;99;4;281
2025-08-03;IVT;???;100993;0;2;84;91;100;6;281
2025-08-03;IVT;???;101310;1;1;90;100;82;9;281
2025-08-03;IVT;???;101335;0;2;100;91;83;7;281
2025-08-03;IVT;???;101386;1;2;87;84;100;10;281
2025-08-03;IVT;???;101653;1;1;77;100;100;4;281
2025-08-03;IVT;???;102188;0;2;85;88;100;8;281
2025-08-03;IVT;???;100887;0;2;91;80;100;9;280
2025-08-03;IVT;???;100901;1;1;93;87;95;5;280
2025-08-03;IVT;???;100953;1;3;84;100;94;2;280
2025-08-03;IVT;???;100971;1;2;84;100;93;3;280
2025-08-03;IVT;???;100977;1;3;99;79;100;2;280
2025-08-03;IVT;???;101206;1;2;97;94;89;0;280
2025-08-03;IVT;???;101431;1;1;82;92;100;6;280
2025-08-03;IVT;???;102161;1;2;89;94;92;5;280
2025-08-03;IVT;???;101162;0;1;100;96;81;2;279
2025-08-03;IVT;???;101344;1;4;96;99;83;1;279
2025-08-03;IVT;???;101390;0;2;81;92;100;6;279
2025-08-03;IVT;???;100850;1;2;92;92;85;9;278
2025-08-03;IVT;???;101074;1;3;77;100;100;1;278
2025-08-03;IVT;???;101100;0;3;92;87;91;8;278
2025-08-03;IVT;???;101379;1;1;100;86;83;9;278
2025-08-03;IVT;???;101683;0;3;100;90;87;1;278
2025-08-03;IVT;???;101707;1;2;92;100;79;7;278
2025-08-03;IVT;???;102134;0;2;89;88;95;6;278
2025-08-03;IVT;???;102168;1;1;100;97;80;1;278
2025-08-03;IVT;???;100797;0;3;99;77;91;10;277
2025-08-03;IVT;???;100959;1;2;74;100;98;5;277
2025-08-03;IVT;???;101053;1;2;100;72;100;5;277
2025-08-03;IVT;???;101293;0;2;100;70;100;7;277
2025-08-03;IVT;???;101308;1;2;90;86;99;2;277
2025-08-03;IVT;???;101312;1;1;100;96;77;4;277
2025-08-03;IVT;???;101433;1;1;76;100;100;1;277
2025-08-03;IVT;???;101526;1;2;100;69;100;8;277
2025-08-03;IVT;???;101787;0;1;98;100;75;4;277
2025-08-03;IVT;???;101821;0;2;100;85;86;6;277
2025-08-03;IVT;???;102202;0;2;100;100;67;10;277
2025-08-03;IVT;???;100752;1;2;90;81;95;10;276
2025-08-03;IVT;???;100767;1;1;69;98;100;9;276
2025-08-03;IVT;???;100900;1;2;89;100;79;8;276
2025-08-03;IVT;???;101189;0;1;77;100;92;7;276
2025-08-03;IVT;???;101280;1;2;99;77;100;0;276
2025-08-03;IVT;???;101325;1;1;100;74;100;2;276
2025-08-03;IVT;???;101825;0;2;100;67;100;9;276
2025-08-03;IVT;???;100759;1;2;73;100;97;5;275
2025-08-03;IVT;???;100859;1;2;100;71;100;4;275
2025-08-03;IVT;???;100861;0;2;80;94;100;1;275
2025-08-03;IVT;???;100922;1;3;88;88;95;4;275
2025-08-03;IVT;???;100955;1;2;100;80;91;4;275
2025-08-03;IVT;???;101007;0;2;100;67;100;8;275
2025-08-03;IVT;???;101093;1;3;99;100;76;0;275
2025-08-03;IVT;???;101199;0;2;82;100;87;6;275
2025-08-03;IVT;???;101230;1;2;99;100;69;7;275
2025-08-03;IVT;???;101396;1;3;100;68;98;9;275
2025-08-03;IVT;???;101664;0;3;76;97;100;2;275
2025-08-03;IVT;???;100940;1;2;100;100;70;4;274
2025-08-03;IVT;???;101345;1;2;65;100;100;9;274
2025-08-03;IVT;???;102085;1;2;100;64;100;10;274
2025-08-03;IVT;???;100772;0;2;100;86;80;7;273
2025-08-03;IVT;???;101188;1;1;97;100;76;0;273
2025-08-03;IVT;???;101255;0;2;100;99;69;5;273
2025-08-03;IVT;???;101692;1;3;92;92;82;7;273
2025-08-03;IVT;???;101799;1;2;73;98;96;6;273
2025-08-03;IVT;???;102061;1;3;68;100;100;5;273
2025-08-03;IVT;???;100972;0;3;100;69;100;3;272
2025-08-03;IVT;???;101102;1;3;82;80;100;10;272
2025-08-03;IVT;???;101238;1;1;99;100;64;9;272
2025-08-03;IVT;???;101349;1;3;78;92;93;9;272
2025-08-03;IVT;???;101402;0;1;100;85;86;1;272
2025-08-03;IVT;???;101732;1;1;62;100;100;10;272
2025-08-03;IVT;???;101775;0;1;94;100;78;0;272
2025-08-03;IVT;???;102044;0;2;100;92;77;3;272
2025-08-03;IVT;???;100851;0;3;82;97;87;5;271
2025-08-03;IVT;???;100976;1;3;97;100;68;6;271
2025-08-03;IVT;???;102221;0;2;86;100;77;8;271
2025-08-03;IVT;???;100812;0;4;89;88;88;5;270
2025-08-03;IVT;???;100843;1;1;98;69;100;3;270
2025-08-03;IVT;???;100865;0;2;90;83;92;5;270
2025-08-03;IVT;???;100990;0;1;100;90;70;10;270
2025-08-03;IVT;???;101177;1;1;95;70;100;5;270
2025-08-03;IVT;???;101181;1;2;100;63;98;9;270
2025-08-03;IVT;???;101267;1;2;100;100;65;5;270
2025-08-03;IVT;???;101410;0;2;96;98;73;3;270
2025-08-03;IVT;???;101520;0;2;86;75;99;10;270
2025-08-03;IVT;???;101675;0;2;100;64;100;6;270
2025-08-03;IVT;???;102045;0;2;82;100;78;10;270
2025-08-03;IVT;???;102080;1;2;100;63;100;7;270
2025-08-03;IVT;???;102096;1;2;100;100;62;8;270
2025-08-03;IVT;???;100804;1;4;88;80;96;5;269
2025-08-03;IVT;???;101447;0;2;100;66;100;3;269
2025-08-03;IVT;???;101522;1;3;96;82;83;8;269
2025-08-03;IVT;???;101702;1;2;89;78;98;4;269
2025-08-03;IVT;???;101806;1;2;74;86;100;9;269
2025-08-03;IVT;???;102030;0;1;100;66;100;3;269
2025-08-03;IVT;???;102210;1;2;100;97;70;2;269
2025-08-03;IVT;???;100870;1;3;89;99;80;0;268
2025-08-03;IVT;???;100933;1;1;93;86;83;6;268
2025-08-03;IVT;???;101660;0;3;96;68;96;8;268
2025-08-03;IVT;???;101668;0;3;100;92;70;6;268
2025-08-03;IVT;???;102198;1;2;100;93;69;6;268
2025-08-03;IVT;???;102199;1;1;100;99;67;2;268
2025-08-03;IVT;???;100961;0;2;72;94;96;5;267
2025-08-03;IVT;???;101072;1;2;63;100;100;4;267
2025-08-03;IVT;???;101204;1;3;85;86;96;0;267
2025-08-03;IVT;???;101446;0;1;71;87;100;9;267
2025-08-03;IVT;???;101635;1;3;65;100;100;2;267
2025-08-03;IVT;???;101641;0;3;70;100;95;2;267
2025-08-03;IVT;???;101804;1;3;75;85;100;7;267
2025-08-03;IVT;???;101996;1;3;77;88;100;2;267
2025-08-03;IVT;???;102010;1;1;92;89;78;8;267
2025-08-03;IVT;???;102014;1;3;99;58;100;10;267
2025-08-03;IVT;???;102075;1;1;93;100;73;1;267
2025-08-03;IVT;???;100867;1;2;78;98;88;2;266
2025-08-03;IVT;???;100893;1;1;94;86;76;10;266
2025-08-03;IVT;???;100925;1;2;87;71;100;8;266
2025-08-03;IVT;???;101020;0;2;70;97;89;10;266
2025-08-03;IVT;???;101658;1;3;100;84;72;10;266
2025-08-03;IVT;???;101718;0;3;88;100;69;9;266
2025-08-03;IVT;???;102020;0;4;85;100;78;3;266
2025-08-03;IVT;???;100921;1;2;74;94;89;8;265
2025-08-03;IVT;???;100968;1;2;93;77;94;1;265
2025-08-03;IVT;???;100988;1;3;92;87;86;0;265
2025-08-03;IVT;???;101056;1;4;86;83;89;7;265
2025-08-03;IVT;???;101180;1;2;98;100;66;1;265
2025-08-03;IVT;???;101207;1;2;59;100;100;6;265
2025-08-03;IVT;???;101246;1;2;79;89;87;10;265
2025-08-03;IVT;???;101394;1;2;58;97;100;10;265
2025-08-03;IVT;???;101425;1;1;95;60;100;10;265
2025-08-03;IVT;???;101535;1;2;57;98;100;10;265
2025-08-03;IVT;???;101684;1;1;88;100;69;8;265
2025-08-03;IVT;???;101820;0;3;93;93;71;8;265
2025-08-03;IVT;???;102026;0;3;95;77;91;2;265
2025-08-03;IVT;???;102077;1;3;77;83;100;5;265
2025-08-03;IVT;???;102078;1;2;93;75;96;1;265
2025-08-03;IVT;???;102157;1;2;80;94;86;5;265
2025-08-03;IVT;???;100749;1;1;81;86;97;0;264
2025-08-03;IVT;???;100787;1;1;59;100;100;5;264
2025-08-03;IVT;???;100827;1;2;100;61;93;10;264
2025-08-03;IVT;???;101190;1;2;91;100;68;5;264
2025-08-03;IVT;???;101229;0;3;90;80;89;5;264
2025-08-03;IVT;???;101245;1;2;75;83;100;6;264
2025-08-03;IVT;???;101289;1;2;100;100;61;3;264
2025-08-03;IVT;???;101437;0;1;88;92;79;5;264
2025-08-03;IVT;???;101536;1;2;65;89;100;10;264
2025-08-03;IVT;???;101984;1;3;95;100;59;10;264
2025-08-03;IVT;???;102028;0;3;84;88;82;10;264
2025-08-03;IVT;???;100852;0;2;94;63;100;6;263
2025-08-03;IVT;???;100931;0;2;100;96;61;6;263
2025-08-03;IVT;???;101306;0;1;91;70;100;2;263
2025-08-03;IVT;???;101359;1;2;100;79;76;8;263
2025-08-03;IVT;???;101688;0;3;91;81;81;10;263
2025-08-03;IVT;???;101728;1;2;85;94;74;10;263
2025-08-03;IVT;???;101978;0;3;83;90;90;0;263
2025-08-03;IVT;???;102009;0;2;56;100;100;7;263
2025-08-03;IVT;???;102066;1;3;99;66;95;3;263
2025-08-03;IVT;???;102124;1;2;78;83;100;2;263
2025-08-03;IVT;???;102135;1;3;100;69;91;3;263
2025-08-03;IVT;???;102182;0;1;90;98;74;1;263
2025-08-03;IVT;???;100863;1;2;89;96;70;7;262
2025-08-03;IVT;???;100997;0;1;78;100;78;6;262
2025-08-03;IVT;???;101045;1;3;70;100;89;3;262
2025-08-03;IVT;???;101078;1;2;98;75;87;2;262
2025-08-03;IVT;???;101296;1;3;83;98;72;9;262
2025-08-03;IVT;???;101497;1;2;98;54;100;10;262
2025-08-03;IVT;???;101676;0;2;100;64;88;10;262
2025-08-03;IVT;???;102000;1;2;90;91;75;6;262
2025-08-03;IVT;???;102024;1;2;99;96;63;4;262
2025-08-03;IVT;???;102038;1;3;74;89;96;3;262
2025-08-03;IVT;???;100792;0;2;97;92;66;6;261
2025-08-03;IVT;???;100842;1;2;95;96;64;6;261
2025-08-03;IVT;???;100882;0;2;100;69;90;2;261
2025-08-03;IVT;???;100909;0;2;72;100;80;9;261
2025-08-03;IVT;???;101096;1;2;100;98;55;8;261
2025-08-03;IVT;???;101191;1;2;87;100;64;10;261
2025-08-03;IVT;???;101318;0;3;65;100;91;5;261
2025-08-03;IVT;???;101516;0;2;77;82;98;4;261
2025-08-03;IVT;???;101815;1;1;74;84;100;3;261
2025-08-03;IVT;???;102130;1;3;88;73;90;10;261
2025-08-03;IVT;???;102156;0;3;100;81;71;9;261
2025-08-03;IVT;???;100748;1;2;100;95;63;2;260
2025-08-03;IVT;???;100981;1;2;93;86;79;2;260
2025-08-03;IVT;???;101164;1;2;88;81;90;1;260
2025-08-03;IVT;???;101373;1;3;93;78;81;8;260
2025-08-03;IVT;???;101527;1;2;56;98;100;6;260
2025-08-03;IVT;???;101701;1;2;60;100;100;0;260
2025-08-03;IVT;???;101749;1;1;88;69;100;3;260
2025-08-03;IVT;???;101784;0;3;55;99;98;8;260
2025-08-03;IVT;???;102003;0;2;77;88;87;8;260
2025-08-03;IVT;???;102029;1;2;100;84;69;7;260
2025-08-03;IVT;???;102220;0;3;69;97;84;10;260
2025-08-03;IVT;???;100918;1;1;86;78;89;6;259
2025-08-03;IVT;???;101234;1;2;100;74;78;7;259
2025-08-03;IVT;???;101287;1;3;92;73;85;9;259
2025-08-03;IVT;???;101294;0;3;90;80;89;0;259
2025-08-03;IVT;???;101392;1;2;97;68;87;7;259
2025-08-03;IVT;???;101515;1;3;98;96;63;2;259
2025-08-03;IVT;???;101523;0;2;74;84;100;1;259
2025-08-03;IVT;???;101636;1;3;98;100;60;1;259
2025-08-03;IVT;???;101693;0;2;64;100;85;10;259
2025-08-03;IVT;???;101748;0;3;93;100;60;6;259
2025-08-03;IVT;???;102057;1;1;56;95;100;8;259
2025-08-03;IVT;???;102107;1;3;99;59;96;5;259
2025-08-03;IVT;???;100764;1;3;73;88;87;10;258
2025-08-03;IVT;???;100911;1;3;85;99;71;3;258
2025-08-03;IVT;???;100917;1;3;72;98;86;2;258
2025-08-03;IVT;???;100927;0;1;100;62;86;10;258
2025-08-03;IVT;???;101081;1;2;88;70;100;0;258
2025-08-03;IVT;???;101172;0;3;85;85;81;7;258
2025-08-03;IVT;???;101340;0;3;81;100;71;6;258
2025-08-03;IVT;???;101347;1;3;76;100;81;1;258
2025-08-03;IVT;???;101362;0;2;60;93;95;10;258
2025-08-03;IVT;???;101367;1;2;82;100;71;5;258
2025-08-03;IVT;???;101729;1;2;92;74;89;3;258
2025-08-03;IVT;???;101757;1;2;98;66;94;0;258
2025-08-03;IVT;???;101816;0;1;75;81;100;2;258
2025-08-03;IVT;???;102035;1;3;99;58;96;5;258
2025-08-03;IVT;???;102048;0;2;100;80;76;2;258
2025-08-03;IVT;???;102123;1;2;90;64;97;7;258
2025-08-03;IVT;???;102140;1;3;100;56;93;9;258
2025-08-03;IVT;???;100888;1;3;100;96;55;6;257
2025-08-03;IVT;???;100913;1;3;61;94;94;8;257
2025-08-03;IVT;???;100920;1;2;95;82;75;5;257
2025-08-03;IVT;???;100999;1;2;70;99;83;5;257
2025-08-03;IVT;???;101011;1;4;72;96;86;3;257
2025-08-03;IVT;???;101278;1;3;82;77;94;4;257
2025-08-03;IVT;???;101419;0;3;85;86;77;9;257
2025-08-03;IVT;???;101663;1;2;94;83;74;6;257
2025-08-03;IVT;???;101754;1;3;69;83;99;6;257
2025-08-03;IVT;???;101981;0;3;100;100;52;5;257
2025-08-03;IVT;???;101983;0;3;100;92;62;3;257
2025-08-03;IVT;???;102001;0;2;93;84;72;8;257
2025-08-03;IVT;???;102011;1;1;69;84;96;8;257
2025-08-03;IVT;???;102105;1;3;100;86;71;0;257
2025-08-03;IVT;???;102167;1;3;70;99;81;7;257
2025-08-03;IVT;???;100884;0;3;71;96;82;7;256
2025-08-03;IVT;???;101169;0;3;57;95;94;10;256
2025-08-03;IVT;???;101221;1;2;77;74;95;10;256
2025-08-03;IVT;???;101262;1;3;90;63;94;9;256
2025-08-03;IVT;???;101331;1;1;93;100;56;7;256
2025-08-03;IVT;???;101376;0;4;62;95;89;10;256
2025-08-03;IVT;???;101510;0;3;77;87;92;0;256
2025-08-03;IVT;???;101630;1;1;94;100;53;9;256
2025-08-03;IVT;???;101690;1;3;70;99;87;0;256
2025-08-03;IVT;???;101792;1;2;81;95;75;5;256
2025-08-03;IVT;???;100762;1;2;83;83;84;5;255
2025-08-03;IVT;???;100833;1;1;69;96;90;0;255
2025-08-03;IVT;???;100890;0;2;97;95;63;0;255
2025-08-03;IVT;???;100905;0;3;73;93;88;1;255
2025-08-03;IVT;???;101157;0;2;98;55;100;2;255
2025-08-03;IVT;???;101197;1;2;89;62;100;4;255
2025-08-03;IVT;???;101223;0;2;92;59;100;4;255
2025-08-03;IVT;???;101258;0;2;64;95;93;3;255
2025-08-03;IVT;???;101316;0;2;90;71;87;7;255
2025-08-03;IVT;???;101399;1;3;90;65;93;7;255
2025-08-03;IVT;???;101423;1;3;61;100;85;9;255
2025-08-03;IVT;???;101652;0;2;63;86;100;6;255
2025-08-03;IVT;???;101726;0;2;91;83;80;1;255
2025-08-03;IVT;???;102095;1;2;99;68;84;4;255
2025-08-03;IVT;???;100776;1;3;93;57;97;7;254
2025-08-03;IVT;???;100779;1;3;72;100;74;8;254
2025-08-03;IVT;???;100822;0;3;78;92;77;7;254
2025-08-03;IVT;???;100835;0;4;61;89;96;8;254
2025-08-03;IVT;???;100856;1;1;57;96;100;1;254
2025-08-03;IVT;???;100896;0;2;68;99;84;3;254
2025-08-03;IVT;???;101037;1;2;93;97;63;1;254
2025-08-03;IVT;???;101158;0;3;85;92;75;2;254
2025-08-03;IVT;???;101250;1;3;97;86;68;3;254
2025-08-03;IVT;???;101285;1;2;47;100;100;7;254
2025-08-03;IVT;???;101337;1;3;89;81;82;2;254
2025-08-03;IVT;???;101435;1;2;100;89;64;1;254
2025-08-03;IVT;???;101503;1;3;72;100;74;8;254
2025-08-03;IVT;???;101655;1;3;56;94;100;4;254
2025-08-03;IVT;???;101785;1;3;98;78;71;7;254
2025-08-03;IVT;???;101812;1;1;62;88;95;9;254
2025-08-03;IVT;???;102005;0;2;68;84;100;2;254
2025-08-03;IVT;???;102025;1;2;85;96;67;6;254
2025-08-03;IVT;???;102104;1;2;79;77;96;2;254
2025-08-03;IVT;???;102141;1;3;99;75;77;3;254
2025-08-03;IVT;???;102208;1;3;95;100;53;6;254
2025-08-03;IVT;???;100840;0;1;53;98;100;2;253
2025-08-03;IVT;???;101016;0;2;82;83;82;6;253
2025-08-03;IVT;???;101068;1;1;61;99;84;9;253
2025-08-03;IVT;???;101079;0;3;90;98;63;2;253
2025-08-03;IVT;???;101176;0;2;100;81;71;1;253
2025-08-03;IVT;???;101334;1;1;82;97;66;8;253
2025-08-03;IVT;???;101498;1;2;55;91;100;7;253
2025-08-03;IVT;???;101779;1;3;73;77;93;10;253
2025-08-03;IVT;???;102178;1;1;60;89;99;5;253
2025-08-03;IVT;???;100858;0;3;84;61;100;7;252
2025-08-03;IVT;???;100904;0;2;93;89;69;1;252
2025-08-03;IVT;???;101047;0;1;90;70;92;0;252
2025-08-03;IVT;???;101183;1;3;89;91;66;6;252
2025-08-03;IVT;???;101184;1;4;76;100;70;6;252
2025-08-03;IVT;???;101679;1;3;97;78;68;9;252
2025-08-03;IVT;???;101682;0;3;61;96;87;8;252
2025-08-03;IVT;???;101762;1;2;100;52;100;0;252
2025-08-03;IVT;???;102064;1;3;76;95;77;4;252
2025-08-03;IVT;???;102110;1;2;67;96;80;9;252
2025-08-03;IVT;???;102143;1;3;100;66;80;6;252
2025-08-03;IVT;???;102160;1;3;94;93;57;8;252
2025-08-03;IVT;???;102162;1;2;100;62;81;9;252
2025-08-03;IVT;???;100841;1;2;100;88;56;7;251
2025-08-03;IVT;???;101004;1;3;100;87;55;9;251
2025-08-03;IVT;???;101036;0;3;92;52;99;8;251
2025-08-03;IVT;???;101041;1;2;87;79;79;6;251
2025-08-03;IVT;???;101077;1;1;86;72;90;3;251
2025-08-03;IVT;???;101106;1;1;58;88;100;5;251
2025-08-03;IVT;???;101248;1;2;71;100;71;9;251
2025-08-03;IVT;???;101271;1;3;100;63;88;0;251
2025-08-03;IVT;???;101353;1;3;89;80;82;0;251
2025-08-03;IVT;???;101639;1;4;81;83;81;6;251
2025-08-03;IVT;???;101643;0;1;88;59;100;4;251
2025-08-03;IVT;???;101807;0;4;73;79;99;0;251
2025-08-03;IVT;???;101998;1;2;92;54;98;7;251
2025-08-03;IVT;???;102094;1;2;71;94;81;5;251
2025-08-03;IVT;???;102116;1;3;99;54;90;8;251
2025-08-03;IVT;???;102218;0;3;52;98;99;2;251
2025-08-03;IVT;???;100774;0;3;72;83;87;8;250
2025-08-03;IVT;???;100790;1;4;89;68;86;7;250
2025-08-03;IVT;???;100807;1;3;80;73;92;5;250
2025-08-03;IVT;???;100903;1;3;78;86;82;4;250
2025-08-03;IVT;???;100907;0;3;71;79;90;10;250
2025-08-03;IVT;???;101013;0;4;98;71;77;4;250
2025-08-03;IVT;???;101105;0;4;100;78;62;10;250
2025-08-03;IVT;???;101214;0;2;100;71;71;8;250
2025-08-03;IVT;???;101218;0;1;80;94;70;6;250
2025-08-03;IVT;???;101315;0;3;78;70;98;4;250
2025-08-03;IVT;???;101372;1;1;58;88;96;8;250
2025-08-03;IVT;???;101384;0;3;100;63;85;2;250
2025-08-03;IVT;???;101649;0;3;95;76;69;10;250
2025-08-03;IVT;???;101755;0;3;86;79;82;3;250
2025-08-03;IVT;???;101770;1;3;88;62;99;1;250
2025-08-03;IVT;???;101772;1;2;73;93;75;9;250
2025-08-03;IVT;???;101991;1;2;63;89;93;5;250
2025-08-03;IVT;???;102043;0;3;74;91;81;4;250
2025-08-03;IVT;???;102158;1;2;100;57;93;0;250
2025-08-03;IVT;???;100770;1;1;79;85;79;6;249
2025-08-03;IVT;???;100967;1;3;96;70;74;9;249
2025-08-03;IVT;???;100980;1;1;86;62;100;1;249
2025-08-03;IVT;???;101067;1;3;98;93;58;0;249
2025-08-03;IVT;???;101086;0;4;90;84;74;1;249
2025-08-03;IVT;???;101225;1;3;90;76;81;2;249
2025-08-03;IVT;???;101231;0;1;73;81;85;10;249
2025-08-03;IVT;???;101244;0;3;85;67;89;8;249
2025-08-03;IVT;???;101268;1;2;68;100;71;10;249
2025-08-03;IVT;???;101314;1;3;95;71;74;9;249
2025-08-03;IVT;???;101341;1;3;93;59;97;0;249
2025-08-03;IVT;???;101357;1;3;100;93;51;5;249
2025-08-03;IVT;???;101361;0;3;85;56;98;10;249
2025-08-03;IVT;???;101747;1;3;91;97;54;7;249
2025-08-03;IVT;???;102062;1;4;81;93;71;4;249
2025-08-03;IVT;???;102072;0;3;88;100;57;4;249
2025-08-03;IVT;???;102195;1;4;100;97;49;3;249
2025-08-03;IVT;???;100750;1;2;90;54;94;10;248
2025-08-03;IVT;???;100800;0;1;82;99;62;5;248
2025-08-03;IVT;???;100910;1;2;90;94;55;9;248
2025-08-03;IVT;???;101015;0;2;100;74;67;7;248
2025-08-03;IVT;???;101179;1;3;55;83;100;10;248
2025-08-03;IVT;???;101212;1;3;90;51;100;7;248
2025-08-03;IVT;???;101326;1;3;84;100;55;9;248
2025-08-03;IVT;???;101328;0;3;55;97;91;5;248
2025-08-03;IVT;???;101346;1;2;91;52;98;7;248
2025-08-03;IVT;???;101691;1;3;87;97;61;3;248
2025-08-03;IVT;???;101777;1;4;89;100;55;4;248
2025-08-03;IVT;???;101802;1;3;82;95;66;5;248
2025-08-03;IVT;???;102098;0;3;65;90;89;4;248
2025-08-03;IVT;???;100765;0;3;59;85;96;7;247
2025-08-03;IVT;???;100811;1;3;82;61;99;5;247
2025-08-03;IVT;???;100872;1;2;87;90;70;0;247
2025-08-03;IVT;???;100943;0;1;62;100;78;7;247
2025-08-03;IVT;???;100952;1;3;90;100;49;8;247
2025-08-03;IVT;???;100978;0;1;92;71;79;5;247
2025-08-03;IVT;???;101019;1;2;63;76;98;10;247
2025-08-03;IVT;???;101031;1;2;79;73;95;0;247
2025-08-03;IVT;???;101076;0;4;83;83;71;10;247
2025-08-03;IVT;???;101232;0;1;91;59;91;6;247
2025-08-03;IVT;???;101264;1;2;85;69;85;8;247
2025-08-03;IVT;???;101307;0;2;59;80;100;8;247
2025-08-03;IVT;???;101646;1;2;56;90;91;10;247
2025-08-03;IVT;???;101647;0;1;69;93;83;2;247
2025-08-03;IVT;???;101801;1;2;91;62;91;3;247
2025-08-03;IVT;???;101809;1;3;74;75;92;6;247
2025-08-03;IVT;???;102067;1;3;88;79;78;2;247
2025-08-03;IVT;???;102082;1;3;58;88;100;1;247
2025-08-03;IVT;???;102089;1;2;100;68;70;9;247
2025-08-03;IVT;???;102122;1;2;93;57;89;8;247
2025-08-03;IVT;???;102151;0;2;60;87;92;8;247
2025-08-03;IVT;???;102173;1;2;82;81;74;10;247
2025-08-03;IVT;???;102176;1;2;57;100;85;5;247
2025-08-03;IVT;???;100871;0;2;90;75;73;8;246
2025-08-03;IVT;???;100877;0;3;61;100;77;8;246
2025-08-03;IVT;???;101073;1;3;100;64;78;4;246
2025-08-03;IVT;???;101252;1;2;100;80;64;2;246
2025-08-03;IVT;???;101323;1;2;76;89;76;5;246
2025-08-03;IVT;???;101389;0;1;96;82;59;9;246
2025-08-03;IVT;???;101407;1;2;100;55;82;9;246
2025-08-03;IVT;???;101634;1;1;93;61;85;7;246
2025-08-03;IVT;???;101650;1;3;96;51;90;9;246
2025-08-03;IVT;???;101677;1;2;64;95;82;5;246
2025-08-03;IVT;???;101721;1;3;95;61;81;9;246
2025-08-03;IVT;???;101995;0;3;93;78;74;1;246
2025-08-03;IVT;???;102115;1;4;72;64;100;10;246
2025-08-03;IVT;???;102149;0;2;63;100;77;6;246
2025-08-03;IVT;???;102194;1;3;72;96;70;8;246
2025-08-03;IVT;???;102209;1;2;100;54;86;6;246
2025-08-03;IVT;???;102222;1;4;50;89;98;9;246
2025-08-03;IVT;???;100824;1;3;100;70;75;0;245
2025-08-03;IVT;???;100855;1;2;98;82;58;7;245
2025-08-03;IVT;???;100958;1;2;87;81;75;2;245
2025-08-03;IVT;???;101010;1;3;94;64;77;10;245
2025-08-03;IVT;???;101059;0;3;79;67;98;1;245
2025-08-03;IVT;???;101173;1;2;70;78;93;4;245
2025-08-03;IVT;???;101249;1;4;67;88;83;7;245
2025-08-03;IVT;???;101265;0;3;73;90;79;3;245
2025-08-03;IVT;???;101409;1;2;74;71;94;6;245
2025-08-03;IVT;???;101436;1;3;65;88;86;6;245
2025-08-03;IVT;???;101455;1;2;75;97;73;0;245
2025-08-03;IVT;???;101638;1;3;87;98;59;1;245
2025-08-03;IVT;???;101651;1;2;94;79;68;4;245
2025-08-03;IVT;???;101794;1;4;62;86;87;10;245
2025-08-03;IVT;???;101826;1;2;61;100;80;4;245
2025-08-03;IVT;???;102017;0;1;80;65;100;0;245
2025-08-03;IVT;???;102059;1;3;91;52;100;2;245
2025-08-03;IVT;???;102206;1;1;60;81;95;9;245
2025-08-03;IVT;???;102215;1;3;71;93;76;5;245
2025-08-03;IVT;???;102217;1;1;100;63;75;7;245
2025-08-03;IVT;???;100789;1;4;57;97;90;0;244
2025-08-03;IVT;???;100929;1;2;87;77;79;1;244
2025-08-03;IVT;???;100944;1;2;72;98;65;9;244
2025-08-03;IVT;???;101022;1;1;96;71;77;0;244
2025-08-03;IVT;???;101029;0;2;71;65;100;8;244
2025-08-03;IVT;???;101284;0;3;63;95;76;10;244
2025-08-03;IVT;???;101295;1;3;75;91;71;7;244
2025-08-03;IVT;???;101317;0;4;62;88;87;7;244
2025-08-03;IVT;???;101319;1;2;68;100;71;5;244
2025-08-03;IVT;???;101338;1;3;83;82;78;1;244
2025-08-03;IVT;???;101381;1;3;91;48;100;5;244
2025-08-03;IVT;???;101740;1;2;90;77;73;4;244
2025-08-03;IVT;???;101813;0;3;97;52;86;9;244
2025-08-03;IVT;???;101819;1;3;75;66;95;8;244
2025-08-03;IVT;???;102037;1;2;92;98;51;3;244
2025-08-03;IVT;???;102060;1;4;75;64;99;6;244
2025-08-03;IVT;???;102125;1;1;64;89;88;3;244
2025-08-03;IVT;???;102126;1;3;65;76;100;3;244
2025-08-03;IVT;???;100937;1;1;70;82;85;6;243
2025-08-03;IVT;???;100946;1;4;73;80;87;3;243
2025-08-03;IVT;???;100966;1;2;94;65;75;9;243
2025-08-03;IVT;???;100998;0;3;79;61;98;5;243
2025-08-03;IVT;???;101044;0;3;70;73;97;3;243
2025-08-03;IVT;???;101327;1;3;82;100;58;3;243
2025-08-03;IVT;???;101449;1;4;61;98;80;4;243
2025-08-03;IVT;???;101452;1;3;77;70;89;7;243
2025-08-03;IVT;???;101502;1;4;93;61;79;10;243
2025-08-03;IVT;???;101698;0;3;92;52;98;1;243
2025-08-03;IVT;???;101708;0;2;54;86;100;3;243
2025-08-03;IVT;???;101752;0;2;60;98;81;4;243
2025-08-03;IVT;???;101771;1;1;54;85;100;4;243
2025-08-03;IVT;???;102013;1;2;64;91;85;3;243
2025-08-03;IVT;???;102092;0;2;67;76;100;0;243
2025-08-03;IVT;???;102131;1;3;82;72;80;9;243
2025-08-03;IVT;???;100986;1;2;70;100;68;4;242
2025-08-03;IVT;???;101055;1;3;89;62;91;0;242
2025-08-03;IVT;???;101228;0;2;67;70;100;5;242
2025-08-03;IVT;???;101406;1;4;73;62;97;10;242
2025-08-03;IVT;???;101512;1;3;75;92;69;6;242
2025-08-03;IVT;???;101530;1;3;84;64;88;6;242
2025-08-03;IVT;???;102012;1;3;100;65;67;10;242
2025-08-03;IVT;???;102049;1;1;65;82;88;7;242
2025-08-03;IVT;???;102063;1;3;89;75;76;2;242
2025-08-03;IVT;???;100947;0;2;82;84;75;0;241
2025-08-03;IVT;???;101046;0;2;78;100;63;0;241
2025-08-03;IVT;???;101094;1;2;78;63;95;5;241
2025-08-03;IVT;???;101095;1;3;77;67;93;4;241
2025-08-03;IVT;???;101313;1;4;52;80;100;9;241
2025-08-03;IVT;???;101414;1;1;68;87;78;8;241
2025-08-03;IVT;???;101434;1;4;84;79;72;6;241
2025-08-03;IVT;???;101440;1;1;82;69;88;2;241
2025-08-03;IVT;???;101670;1;3;47;100;91;3;241
2025-08-03;IVT;???;101823;1;4;55;84;100;2;241
2025-08-03;IVT;???;102036;0;3;60;100;79;2;241
2025-08-03;IVT;???;100798;1;3;82;83;75;0;240
2025-08-03;IVT;???;101057;0;3;85;72;80;3;240
2025-08-03;IVT;???;101253;1;3;56;100;80;4;240
2025-08-03;IVT;???;101266;1;3;60;87;85;8;240
2025-08-03;IVT;???;101348;1;3;80;59;92;9;240
2025-08-03;IVT;???;101380;1;3;82;88;70;0;240
2025-08-03;IVT;???;101451;1;4;60;88;91;1;240
2025-08-03;IVT;???;101456;0;3;62;99;75;4;240
2025-08-03;IVT;???;101505;1;1;63;67;100;10;240
2025-08-03;IVT;???;101531;1;3;73;59;100;8;240
2025-08-03;IVT;???;101642;0;3;74;70;87;9;240
2025-08-03;IVT;???;101753;1;3;75;65;100;0;240
2025-08-03;IVT;???;101767;0;3;91;76;68;5;240
2025-08-03;IVT;???;102073;0;4;86;62;83;9;240
2025-08-03;IVT;???;102136;0;4;84;79;71;6;240
2025-08-03;IVT;???;100876;1;4;100;56;81;2;239
2025-08-03;IVT;???;100919;0;2;88;49;100;2;239
2025-08-03;IVT;???;101092;0;2;65;70;94;10;239
2025-08-03;IVT;???;101198;1;2;74;80;81;4;239
2025-08-03;IVT;???;101654;0;2;71;72;92;4;239
2025-08-03;IVT;???;101695;0;2;60;91;87;1;239
2025-08-03;IVT;???;101814;0;3;61;77;100;1;239
2025-08-03;IVT;???;101986;1;2;100;55;75;9;239
2025-08-03;IVT;???;102056;1;1;81;55;100;3;239
2025-08-03;IVT;???;102113;1;1;100;62;76;1;239
2025-08-03;IVT;???;102133;1;2;81;87;66;5;239
2025-08-03;IVT;???;100757;0;1;90;80;62;6;238
2025-08-03;IVT;???;100760;1;2;75;100;61;2;238
2025-08-03;IVT;???;100769;1;1;62;86;84;6;238
2025-08-03;IVT;???;100784;0;2;76;54;100;8;238
2025-08-03;IVT;???;100803;0;2;85;91;62;0;238
2025-08-03;IVT;???;100809;0;3;95;58;76;9;238
2025-08-03;IVT;???;100836;1;3;77;67;91;3;238
2025-08-03;IVT;???;101017;0;3;100;69;62;7;238
2025-08-03;IVT;???;101035;1;1;84;86;60;8;238
2025-08-03;IVT;???;101279;0;3;76;65;93;4;238
2025-08-03;IVT;???;101281;0;3;97;71;64;6;238
2025-08-03;IVT;???;101351;1;2;88;57;89;4;238
2025-08-03;IVT;???;101444;0;3;92;67;69;10;238
2025-08-03;IVT;???;101508;1;3;59;100;70;9;238
2025-08-03;IVT;???;101700;0;3;96;61;77;4;238
2025-08-03;IVT;???;101725;1;1;95;70;65;8;238
2025-08-03;IVT;???;101745;1;2;78;99;61;0;238
2025-08-03;IVT;???;102016;0;3;80;93;59;6;238
2025-08-03;IVT;???;102033;1;2;62;72;96;8;238
2025-08-03;IVT;???;102084;1;2;59;95;76;8;238
2025-08-03;IVT;???;102099;1;1;60;89;88;1;238
2025-08-03;IVT;???;102108;1;2;75;78;82;3;238
2025-08-03;IVT;???;102185;1;2;55;89;85;9;238
2025-08-03;IVT;???;102186;0;3;76;100;60;2;238
2025-08-03;IVT;???;102191;1;3;95;63;79;1;238
2025-08-03;IVT;???;100747;1;2;79;89;62;7;237
2025-08-03;IVT;???;100754;1;3;54;80;100;3;237
2025-08-03;IVT;???;100761;1;1;68;90;72;7;237
2025-08-03;IVT;???;100808;0;3;91;82;62;2;237
2025-08-03;IVT;???;101032;1;3;91;77;61;8;237
2025-08-03;IVT;???;101062;1;3;67;68;93;9;237
2025-08-03;IVT;???;101091;0;2;84;67;76;10;237
2025-08-03;IVT;???;101239;1;4;89;75;69;4;237
2025-08-03;IVT;???;101299;1;3;74;66;97;0;237
2025-08-03;IVT;???;101343;0;3;85;65;80;7;237
2025-08-03;IVT;???;101519;1;2;86;89;60;2;237
2025-08-03;IVT;???;101534;1;2;73;70;84;10;237
2025-08-03;IVT;???;101776;0;3;48;89;90;10;237
2025-08-03;IVT;???;101977;0;1;86;90;57;4;237
2025-08-03;IVT;???;102086;1;2;87;81;67;2;237
2025-08-03;IVT;???;102088;0;2;100;78;59;0;237
2025-08-03;IVT;???;102138;1;3;100;47;84;6;237
2025-08-03;IVT;???;102139;1;3;84;65;84;4;237
2025-08-03;IVT;???;102171;1;2;100;55;72;10;237
2025-08-03;IVT;???;100814;1;3;89;72;69;6;236
2025-08-03;IVT;???;100844;1;3;70;77;88;1;236
2025-08-03;IVT;???;100885;0;3;72;72;91;1;236
2025-08-03;IVT;???;100945;1;3;75;100;53;8;236
2025-08-03;IVT;???;101001;1;2;96;64;76;0;236
2025-08-03;IVT;???;101098;1;3;52;78;99;7;236
2025-08-03;IVT;???;101163;0;2;82;78;66;10;236
2025-08-03;IVT;???;101233;1;2;79;65;84;8;236
2025-08-03;IVT;???;101301;0;1;65;87;74;10;236
2025-08-03;IVT;???;101387;1;2;62;95;79;0;236
2025-08-03;IVT;???;101408;1;2;72;88;75;1;236
2025-08-03;IVT;???;101657;0;1;74;74;87;1;236
2025-08-03;IVT;???;101666;1;3;76;51;99;10;236
2025-08-03;IVT;???;101672;1;2;56;97;78;5;236
2025-08-03;IVT;???;101719;1;3;73;80;79;4;236
2025-08-03;IVT;???;101818;1;4;92;73;62;9;236
2025-08-03;IVT;???;101982;0;3;99;47;80;10;236
2025-08-03;IVT;???;102091;0;1;77;100;58;1;236
2025-08-03;IVT;???;100763;1;3;69;73;84;9;235
2025-08-03;IVT;???;100782;1;3;71;64;92;8;235
2025-08-03;IVT;???;100854;1;2;84;83;64;4;235
2025-08-03;IVT;???;100897;1;3;90;54;82;9;235
2025-08-03;IVT;???;100957;0;3;69;80;84;2;235
2025-08-03;IVT;???;101071;1;1;61;91;78;5;235
2025-08-03;IVT;???;101090;0;3;67;98;61;9;235
2025-08-03;IVT;???;101282;1;3;55;85;88;7;235
2025-08-03;IVT;???;101322;1;3;58;99;68;10;235
2025-08-03;IVT;???;101356;1;3;96;63;73;3;235
2025-08-03;IVT;???;101782;1;3;70;64;99;2;235
2025-08-03;IVT;???;102070;1;2;63;68;100;4;235
2025-08-03;IVT;???;102155;1;2;63;92;79;1;235
2025-08-03;IVT;???;102159;1;3;61;94;77;3;235
2025-08-03;IVT;???;102172;1;2;84;97;51;3;235
2025-08-03;IVT;???;102204;1;3;82;95;48;10;235
2025-08-03;IVT;???;100781;1;2;59;100;73;2;234
2025-08-03;IVT;???;100832;0;2;55;76;95;8;234
2025-08-03;IVT;???;101506;0;3;54;100;80;0;234
2025-08-03;IVT;???;101696;0;4;88;47;99;0;234
2025-08-03;IVT;???;101790;0;2;56;71;100;7;234
2025-08-03;IVT;???;101980;1;4;71;74;87;2;234
2025-08-03;IVT;???;102074;0;2;73;80;78;3;234
2025-08-03;IVT;???;102154;1;2;99;88;46;1;234
2025-08-03;IVT;???;100793;0;3;66;78;89;0;233
2025-08-03;IVT;???;100926;1;2;59;89;78;7;233
2025-08-03;IVT;???;100932;1;2;83;68;79;3;233
2025-08-03;IVT;???;100983;0;3;77;67;79;10;233
2025-08-03;IVT;???;101061;0;2;70;68;86;9;233
2025-08-03;IVT;???;101099;1;3;82;87;62;2;233
2025-08-03;IVT;???;101333;0;2;78;93;55;7;233
2025-08-03;IVT;???;101352;0;2;100;68;65;0;233
2025-08-03;IVT;???;101354;1;2;78;94;61;0;233
2025-08-03;IVT;???;101382;0;2;100;79;52;2;233
2025-08-03;IVT;???;101432;1;3;68;63;92;10;233
2025-08-03;IVT;???;101662;1;2;78;75;76;4;233
2025-08-03;IVT;???;101731;0;3;62;77;93;1;233
2025-08-03;IVT;???;101769;0;1;58;89;76;10;233
2025-08-03;IVT;???;101773;0;3;70;72;90;1;233
2025-08-03;IVT;???;101985;1;2;100;60;67;6;233
2025-08-03;IVT;???;102065;1;3;75;72;81;5;233
2025-08-03;IVT;???;102148;0;4;59;68;100;6;233
2025-08-03;IVT;???;102211;0;1;99;60;72;2;233
2025-08-03;IVT;???;100899;1;3;55;71;97;9;232
2025-08-03;IVT;???;100965;0;3;49;98;76;9;232
2025-08-03;IVT;???;101038;1;2;88;66;75;3;232
2025-08-03;IVT;???;101186;1;3;97;65;64;6;232
2025-08-03;IVT;???;101226;1;3;85;79;59;9;232
2025-08-03;IVT;???;101395;1;2;78;78;69;7;232
2025-08-03;IVT;???;101517;1;3;56;75;98;3;232
2025-08-03;IVT;???;101659;1;2;82;65;81;4;232
2025-08-03;IVT;???;101669;0;2;89;61;82;0;232
2025-08-03;IVT;???;101765;1;1;80;58;88;6;232
2025-08-03;IVT;???;102050;0;1;60;76;96;0;232
2025-08-03;IVT;???;102055;1;1;91;83;56;2;232
2025-08-03;IVT;???;102069;0;3;57;66;100;9;232
2025-08-03;IVT;???;102071;0;2;86;70;74;2;232
2025-08-03;IVT;???;102146;1;2;47;99;79;7;232
2025-08-03;IVT;???;102201;1;2;89;71;63;9;232
2025-08-03;IVT;???;100810;1;2;91;74;62;4;231
2025-08-03;IVT;???;101064;0;1;62;100;59;10;231
2025-08-03;IVT;???;101085;1;3;54;73;99;5;231
2025-08-03;IVT;???;101087;1;2;68;91;62;10;231
2025-08-03;IVT;???;101185;1;1;66;81;78;6;231
2025-08-03;IVT;???;101217;1;2;70;100;56;5;231
2025-08-03;IVT;???;101355;1;2;73;50;98;10;231
2025-08-03;IVT;???;101385;0;3;61;93;75;2;231
2025-08-03;IVT;???;101391;1;2;59;82;88;2;231
2025-08-03;IVT;???;101514;1;1;92;79;59;1;231
2025-08-03;IVT;???;101681;1;3;54;94;83;0;231
2025-08-03;IVT;???;101699;1;2;86;79;66;0;231
2025-08-03;IVT;???;102018;1;2;100;60;65;6;231
2025-08-03;IVT;???;102052;1;3;91;74;60;6;231
2025-08-03;IVT;???;102179;1;4;93;74;60;4;231
2025-08-03;IVT;???;100881;1;2;91;63;73;3;230
2025-08-03;IVT;???;100889;1;1;94;69;60;7;230
2025-08-03;IVT;???;100982;0;2;82;57;83;8;230
2025-08-03;IVT;???;101276;1;2;64;80;84;2;230
2025-08-03;IVT;???;101297;1;3;67;91;64;8;230
2025-08-03;IVT;???;101443;0;3;60;77;84;9;230
2025-08-03;IVT;???;101667;1;1;64;64;100;2;230
2025-08-03;IVT;???;102019;0;2;93;74;62;1;230
2025-08-03;IVT;???;102023;0;3;100;60;62;8;230
2025-08-03;IVT;???;102027;0;2;66;95;61;8;230
2025-08-03;IVT;???;102128;0;3;78;77;75;0;230
2025-08-03;IVT;???;102145;0;3;98;67;57;8;230
2025-08-03;IVT;???;102197;1;3;100;51;76;3;230
2025-08-03;IVT;???;100783;1;2;96;55;78;0;229
2025-08-03;IVT;???;100848;1;2;61;76;86;6;229
2025-08-03;IVT;???;100883;0;2;88;70;67;4;229
2025-08-03;IVT;???;100963;1;1;53;74;92;10;229
2025-08-03;IVT;???;101048;0;1;97;66;65;1;229
2025-08-03;IVT;???;101438;0;1;64;83;75;7;229
2025-08-03;IVT;???;101759;1;3;88;87;53;1;229
2025-08-03;IVT;???;102040;1;3;62;82;77;8;229
2025-08-03;IVT;???;100805;1;2;82;62;82;2;228
2025-08-03;IVT;???;100857;1;3;88;71;62;7;228
2025-08-03;IVT;???;100894;1;3;67;67;92;2;228
2025-08-03;IVT;???;101058;0;2;94;62;64;8;228
2025-08-03;IVT;???;101513;1;2;62;73;93;0;228
2025-08-03;IVT;???;101644;1;3;54;96;77;1;228
2025-08-03;IVT;???;101703;0;2;74;79;66;9;228
2025-08-03;IVT;???;101716;1;1;81;67;76;4;228
2025-08-03;IVT;???;101722;0;3;68;75;80;5;228
2025-08-03;IVT;???;101735;1;3;90;65;68;5;228
2025-08-03;IVT;???;102180;1;2;74;98;54;2;228
2025-08-03;IVT;???;100756;1;3;89;63;66;9;227
2025-08-03;IVT;???;100802;1;3;100;53;68;6;227
2025-08-03;IVT;???;100846;0;1;61;66;99;1;227
2025-08-03;IVT;???;100939;1;2;97;68;57;5;227
2025-08-03;IVT;???;100962;1;4;97;46;79;5;227
2025-08-03;IVT;???;100984;0;3;73;54;100;0;227
2025-08-03;IVT;???;101014;0;2;84;69;67;7;227
2025-08-03;IVT;???;101174;1;2;90;60;71;6;227
2025-08-03;IVT;???;101192;0;3;68;100;53;6;227
2025-08-03;IVT;???;101195;1;1;53;79;85;10;227
2025-08-03;IVT;???;101368;0;3;59;73;85;10;227
2025-08-03;IVT;???;101730;1;1;74;57;95;1;227
2025-08-03;IVT;???;101761;1;2;82;57;79;9;227
2025-08-03;IVT;???;101999;1;2;81;59;80;7;227
2025-08-03;IVT;???;102031;1;1;60;89;75;3;227
2025-08-03;IVT;???;102093;1;3;93;49;84;1;227
2025-08-03;IVT;???;100801;1;2;84;82;57;3;226
2025-08-03;IVT;???;100956;1;2;72;72;79;3;226
2025-08-03;IVT;???;100989;1;3;47;78;94;7;226
2025-08-03;IVT;???;101006;1;2;91;56;75;4;226
2025-08-03;IVT;???;101008;1;2;64;84;69;9;226
2025-08-03;IVT;???;101065;0;2;82;51;91;2;226
2025-08-03;IVT;???;101070;0;2;55;79;92;0;226
2025-08-03;IVT;???;101210;1;1;67;100;55;4;226
2025-08-03;IVT;???;101241;1;2;60;92;72;2;226
2025-08-03;IVT;???;101418;0;3;87;65;72;2;226
2025-08-03;IVT;???;101715;0;3;49;80;94;3;226
2025-08-03;IVT;???;101764;1;3;55;62;99;10;226
2025-08-03;IVT;???;102226;1;2;79;68;69;10;226
2025-08-03;IVT;???;100831;1;3;66;75;82;2;225
2025-08-03;IVT;???;101003;1;3;90;80;50;5;225
2025-08-03;IVT;???;101024;1;1;96;62;60;7;225
2025-08-03;IVT;???;101039;0;2;84;55;80;6;225
2025-08-03;IVT;???;101275;0;3;93;79;48;5;225
2025-08-03;IVT;???;101286;1;2;60;76;79;10;225
2025-08-03;IVT;???;101309;0;3;68;72;85;0;225
2025-08-03;IVT;???;101442;0;3;62;75;84;4;225
2025-08-03;IVT;???;101697;1;2;71;69;75;10;225
2025-08-03;IVT;???;102106;1;2;94;76;46;9;225
2025-08-03;IVT;???;102212;1;3;100;66;58;1;225
2025-08-03;IVT;???;100753;1;4;100;60;58;6;224
2025-08-03;IVT;???;100786;0;1;81;84;56;3;224
2025-08-03;IVT;???;100818;1;3;52;80;89;3;224
2025-08-03;IVT;???;100874;1;2;89;83;50;2;224
2025-08-03;IVT;???;101104;1;3;71;51;95;7;224
2025-08-03;IVT;???;101202;1;3;72;52;96;4;224
2025-08-03;IVT;???;101224;1;3;59;99;57;9;224
2025-08-03;IVT;???;101365;1;4;51;87;85;1;224
2025-08-03;IVT;???;101397;0;3;91;51;76;6;224
2025-08-03;IVT;???;101629;0;2;58;67;90;9;224
2025-08-03;IVT;???;101763;1;3;100;49;66;9;224
2025-08-03;IVT;???;101798;1;2;85;78;59;2;224
2025-08-03;IVT;???;102142;1;4;64;98;57;5;224
2025-08-03;IVT;???;102177;1;2;83;66;74;1;224
2025-08-03;IVT;???;100826;1;2;59;84;75;5;223
2025-08-03;IVT;???;100930;1;3;52;71;96;4;223
2025-08-03;IVT;???;101023;0;2;58;100;64;1;223
2025-08-03;IVT;???;101097;1;3;68;64;82;9;223
2025-08-03;IVT;???;101182;1;1;60;62;100;1;223
2025-08-03;IVT;???;101303;0;1;68;73;73;9;223
2025-08-03;IVT;???;101358;1;3;90;67;60;6;223
2025-08-03;IVT;???;101374;1;3;94;66;58;5;223
2025-08-03;IVT;???;101783;0;3;73;76;70;4;223
2025-08-03;IVT;???;101822;0;2;73;48;98;4;223
2025-08-03;IVT;???;101993;1;2;49;84;83;7;223
2025-08-03;IVT;???;102042;1;3;77;69;70;7;223
2025-08-03;IVT;???;102174;0;2;54;69;97;3;223
2025-08-03;IVT;???;100908;0;2;60;65;93;4;222
2025-08-03;IVT;???;101082;1;3;90;62;63;7;222
2025-08-03;IVT;???;101084;1;2;71;90;55;6;222
2025-08-03;IVT;???;101166;1;2;57;67;91;7;222
2025-08-03;IVT;???;101196;1;3;84;76;53;9;222
2025-08-03;IVT;???;101272;1;2;65;97;58;2;222
2025-08-03;IVT;???;101421;1;1;75;63;82;2;222
2025-08-03;IVT;???;101525;0;3;76;62;76;8;222
2025-08-03;IVT;???;101685;0;2;63;62;94;3;222
2025-08-03;IVT;???;101791;0;4;64;92;60;6;222
2025-08-03;IVT;???;101793;1;2;100;58;59;5;222
2025-08-03;IVT;???;101987;1;3;80;75;66;1;222
2025-08-03;IVT;???;102006;1;4;55;67;100;0;222
2025-08-03;IVT;???;102034;1;1;72;85;60;5;222
2025-08-03;IVT;???;102046;1;4;88;62;67;5;222
2025-08-03;IVT;???;100778;1;1;90;66;60;5;221
2025-08-03;IVT;???;100825;0;4;60;80;75;6;221
2025-08-03;IVT;???;100950;1;3;59;97;60;5;221
2025-08-03;IVT;???;101043;1;2;73;80;65;3;221
2025-08-03;IVT;???;101263;1;3;50;75;90;6;221
2025-08-03;IVT;???;101499;0;2;89;58;65;9;221
2025-08-03;IVT;???;101507;0;1;53;87;79;2;221
2025-08-03;IVT;???;101689;1;1;63;69;85;4;221
2025-08-03;IVT;???;101712;1;3;50;90;79;2;221
2025-08-03;IVT;???;101739;1;3;89;62;69;1;221
2025-08-03;IVT;???;102117;1;4;51;76;84;10;221
2025-08-03;IVT;???;100942;1;2;58;68;90;4;220
2025-08-03;IVT;???;101049;1;2;80;46;93;1;220
2025-08-03;IVT;???;101051;0;2;59;82;76;3;220
2025-08-03;IVT;???;101069;1;1;62;77;76;5;220
2025-08-03;IVT;???;101235;0;2;81;72;67;0;220
2025-08-03;IVT;???;101291;1;3;92;52;76;0;220
2025-08-03;IVT;???;101292;1;1;91;53;74;2;220
2025-08-03;IVT;???;101441;1;3;77;77;63;3;220
2025-08-03;IVT;???;101656;0;3;67;100;51;2;220
2025-08-03;IVT;???;101741;1;2;77;67;66;10;220
2025-08-03;IVT;???;101768;1;3;51;83;78;8;220
2025-08-03;IVT;???;101795;1;2;73;65;77;5;220
2025-08-03;IVT;???;101979;1;2;57;97;66;0;220
2025-08-03;IVT;???;102007;1;3;47;72;95;6;220
2025-08-03;IVT;???;102164;1;4;71;86;58;5;220
2025-08-03;IVT;???;102187;1;2;74;82;64;0;220
2025-08-03;IVT;???;100773;1;2;87;57;72;3;219
2025-08-03;IVT;???;101021;1;4;58;74;86;1;219
2025-08-03;IVT;???;101052;0;3;47;100;63;9;219
2025-08-03;IVT;???;101088;1;3;59;74;77;9;219
2025-08-03;IVT;???;101167;0;2;78;70;61;10;219
2025-08-03;IVT;???;101324;1;3;74;60;81;4;219
2025-08-03;IVT;???;101811;0;1;100;53;58;8;219
2025-08-03;IVT;???;102205;0;2;55;65;91;8;219
2025-08-03;IVT;???;100796;1;3;57;89;66;6;218
2025-08-03;IVT;???;100820;0;1;93;60;59;6;218
2025-08-03;IVT;???;100845;1;3;59;100;51;8;218
2025-08-03;IVT;???;100866;1;2;66;64;83;5;218
2025-08-03;IVT;???;100879;1;2;90;70;57;1;218
2025-08-03;IVT;???;101427;1;1;61;68;82;7;218
2025-08-03;IVT;???;101637;0;2;71;78;63;6;218
2025-08-03;IVT;???;101788;1;2;63;64;82;9;218
2025-08-03;IVT;???;101817;1;2;67;81;61;9;218
2025-08-03;IVT;???;101997;0;1;96;53;65;4;218
2025-08-03;IVT;???;102207;0;2;72;59;87;0;218
2025-08-03;IVT;???;100771;0;1;64;57;86;10;217
2025-08-03;IVT;???;100806;1;2;63;69;77;8;217
2025-08-03;IVT;???;100928;0;2;66;77;72;2;217
2025-08-03;IVT;???;101089;1;3;58;83;69;7;217
2025-08-03;IVT;???;101201;1;4;83;86;47;1;217
2025-08-03;IVT;???;101360;1;3;94;58;57;8;217
2025-08-03;IVT;???;101509;0;2;80;78;59;0;217
2025-08-03;IVT;???;101521;1;3;61;96;51;9;217
2025-08-03;IVT;???;101533;1;1;66;93;57;1;217
2025-08-03;IVT;???;101738;1;3;72;68;70;7;217
2025-08-03;IVT;???;101797;1;3;91;55;63;8;217
2025-08-03;IVT;???;102121;0;2;63;58;87;9;217
2025-08-03;IVT;???;100979;0;3;90;47;76;3;216
2025-08-03;IVT;???;101209;1;1;73;58;79;6;216
2025-08-03;IVT;???;101260;1;2;61;77;74;4;216
2025-08-03;IVT;???;101528;0;2;69;63;79;5;216
2025-08-03;IVT;???;101694;1;2;65;63;84;4;216
2025-08-03;IVT;???;102015;0;3;63;66;86;1;216
2025-08-03;IVT;???;100902;0;3;77;75;55;8;215
2025-08-03;IVT;???;100906;1;2;78;67;64;6;215
2025-08-03;IVT;???;101161;1;3;56;66;86;7;215
2025-08-03;IVT;???;101168;1;3;70;61;77;7;215
2025-08-03;IVT;???;101187;0;1;70;63;72;10;215
2025-08-03;IVT;???;101194;0;2;69;86;57;3;215
2025-08-03;IVT;???;101211;1;3;65;88;57;5;215
2025-08-03;IVT;???;101242;1;2;56;56;99;4;215
2025-08-03;IVT;???;101686;0;3;52;90;64;9;215
2025-08-03;IVT;???;101709;0;3;72;83;58;2;215
2025-08-03;IVT;???;101774;1;3;61;80;72;2;215
2025-08-03;IVT;???;102041;1;1;59;85;65;6;215
2025-08-03;IVT;???;102090;1;3;57;58;93;7;215
2025-08-03;IVT;???;102196;1;3;55;73;83;4;215
2025-08-03;IVT;???;100785;1;3;64;72;74;4;214
2025-08-03;IVT;???;100821;1;2;74;69;63;8;214
2025-08-03;IVT;???;101302;1;2;56;94;63;1;214
2025-08-03;IVT;???;101401;1;3;65;59;80;10;214
2025-08-03;IVT;???;101405;1;2;84;55;66;9;214
2025-08-03;IVT;???;101422;1;3;58;95;61;0;214
2025-08-03;IVT;???;101744;1;2;64;85;61;4;214
2025-08-03;IVT;???;101756;1;2;89;66;57;2;214
2025-08-03;IVT;???;101805;1;3;65;77;72;0;214
2025-08-03;IVT;???;102021;1;3;58;61;86;9;214
2025-08-03;IVT;???;102032;0;2;49;95;62;8;214
2025-08-03;IVT;???;102102;1;1;90;71;53;0;214
2025-08-03;IVT;???;102129;1;2;58;68;87;1;214
2025-08-03;IVT;???;100864;1;3;64;85;59;5;213
2025-08-03;IVT;???;101160;1;2;64;56;85;8;213
2025-08-03;IVT;???;101203;0;1;95;53;58;7;213
2025-08-03;IVT;???;101261;0;2;71;47;90;5;213
2025-08-03;IVT;???;101511;0;3;100;49;55;9;213
2025-08-03;IVT;???;101518;1;3;55;85;63;10;213
2025-08-03;IVT;???;101705;1;2;68;59;85;1;213
2025-08-03;IVT;???;101714;0;4;99;48;60;6;213
2025-08-03;IVT;???;102100;1;3;54;100;58;1;213
2025-08-03;IVT;???;102137;0;3;60;94;51;8;213
2025-08-03;IVT;???;100795;0;1;71;71;70;0;212
2025-08-03;IVT;???;100954;1;4;73;62;67;10;212
2025-08-03;IVT;???;100991;0;2;90;67;55;0;212
2025-08-03;IVT;???;101002;0;4;60;58;86;8;212
2025-08-03;IVT;???;101165;1;3;54;79;70;9;212
2025-08-03;IVT;???;101193;0;3;58;54;98;2;212
2025-08-03;IVT;???;101378;1;3;57;81;65;9;212
2025-08-03;IVT;???;101454;1;3;73;54;78;7;212
2025-08-03;IVT;???;102192;1;2;56;82;66;8;212
2025-08-03;IVT;???;100751;1;3;78;68;61;4;211
2025-08-03;IVT;???;101009;1;4;57;100;54;0;211
2025-08-03;IVT;???;101080;1;3;50;66;87;8;211
2025-08-03;IVT;???;101311;0;2;66;76;64;5;211
2025-08-03;IVT;???;101398;1;2;54;74;77;6;211
2025-08-03;IVT;???;101453;1;3;61;69;81;0;211
2025-08-03;IVT;???;101723;1;2;69;54;84;4;211
2025-08-03;IVT;???;101746;0;3;78;69;56;8;211
2025-08-03;IVT;???;101789;0;4;61;73;76;1;211
2025-08-03;IVT;???;100816;0;3;49;100;58;3;210
2025-08-03;IVT;???;100935;0;3;51;92;63;4;210
2025-08-03;IVT;???;101178;1;4;59;62;89;0;210
2025-08-03;IVT;???;101243;1;2;71;61;71;7;210
2025-08-03;IVT;???;101304;1;2;73;59;76;2;210
2025-08-03;IVT;???;101415;1;2;68;59;73;10;210
2025-08-03;IVT;???;101430;0;1;57;61;91;1;210
2025-08-03;IVT;???;101645;1;2;57;96;50;7;210
2025-08-03;IVT;???;101990;1;2;56;80;65;9;210
2025-08-03;IVT;???;102112;0;3;70;75;56;9;210
2025-08-03;IVT;???;102224;0;3;58;68;79;5;210
2025-08-03;IVT;???;100948;0;3;67;69;69;4;209
2025-08-03;IVT;???;101277;1;3;60;75;70;4;209
2025-08-03;IVT;???;101661;0;3;85;47;67;10;209
2025-08-03;IVT;???;101665;1;2;81;65;55;8;209
2025-08-03;IVT;???;101988;1;3;94;60;48;7;209
2025-08-03;IVT;???;102153;1;2;77;61;64;7;209
2025-08-03;IVT;???;101439;1;3;54;96;56;2;208
2025-08-03;IVT;???;101501;1;2;83;53;62;10;208
2025-08-03;IVT;???;101713;1;4;71;77;53;7;208
2025-08-03;IVT;???;102058;1;2;75;77;46;10;208
2025-08-03;IVT;???;102114;1;3;66;73;69;0;208
2025-08-03;IVT;???;102150;1;3;91;59;50;8;208
2025-08-03;IVT;???;100938;1;3;82;47;75;3;207
2025-08-03;IVT;???;100949;1;2;78;80;46;3;207
2025-08-03;IVT;???;101305;1;3;50;77;71;9;207
2025-08-03;IVT;???;101371;1;3;72;53;80;2;207
2025-08-03;IVT;???;101416;1;3;80;69;53;5;207
2025-08-03;IVT;???;101417;0;1;86;67;54;0;207
2025-08-03;IVT;???;101631;0;2;59;56;84;8;207
2025-08-03;IVT;???;101680;1;1;59;58;89;1;207
2025-08-03;IVT;???;102081;0;2;71;78;51;7;207
2025-08-03;IVT;???;100830;0;2;82;66;54;4;206
2025-08-03;IVT;???;101012;0;1;62;90;54;0;206
2025-08-03;IVT;???;101028;1;4;53;100;52;1;206
2025-08-03;IVT;???;101060;1;2;80;67;55;4;206
2025-08-03;IVT;???;101213;1;3;63;52;91;0;206
2025-08-03;IVT;???;101215;1;4;86;48;70;2;206
2025-08-03;IVT;???;101420;0;2;69;58;75;4;206
2025-08-03;IVT;???;101750;1;3;62;72;67;5;206
2025-08-03;IVT;???;101778;0;1;56;67;73;10;206
2025-08-03;IVT;???;101796;1;2;72;72;55;7;206
2025-08-03;IVT;???;102051;1;1;81;60;61;4;206
2025-08-03;IVT;???;102053;0;3;100;56;47;3;206
2025-08-03;IVT;???;101018;1;3;48;64;93;0;205
2025-08-03;IVT;???;101720;1;2;48;51;97;9;205
2025-08-03;IVT;???;101727;0;3;53;74;74;4;205
2025-08-03;IVT;???;101803;0;1;55;66;75;9;205
2025-08-03;IVT;???;102068;1;3;60;47;96;2;205
2025-08-03;IVT;???;102203;1;2;65;85;49;6;205
2025-08-03;IVT;???;100862;0;3;50;65;81;8;204
2025-08-03;IVT;???;100974;1;3;62;79;63;0;204
2025-08-03;IVT;???;101025;1;4;99;47;49;9;204
2025-08-03;IVT;???;101273;0;2;59;59;76;10;204
2025-08-03;IVT;???;101524;1;3;60;65;77;2;204
2025-08-03;IVT;???;101736;1;2;54;72;71;7;204
2025-08-03;IVT;???;101737;1;3;67;55;75;7;204
2025-08-03;IVT;???;102213;1;3;62;47;85;10;204
2025-08-03;IVT;???;102214;0;3;72;71;58;3;204
2025-08-03;IVT;???;100898;0;2;69;47;85;2;203
2025-08-03;IVT;???;100915;0;2;61;69;68;5;203
2025-08-03;IVT;???;101247;1;3;56;80;59;8;203
2025-08-03;IVT;???;101786;1;3;59;70;70;4;203
2025-08-03;IVT;???;100817;1;3;82;59;58;3;202
2025-08-03;IVT;???;101216;1;2;85;48;64;5;202
2025-08-03;IVT;???;101227;1;2;68;68;63;3;202
2025-08-03;IVT;???;101350;1;3;90;49;60;3;202
2025-08-03;IVT;???;101424;0;2;70;67;58;7;202
2025-08-03;IVT;???;102083;1;3;58;84;59;1;202
2025-08-03;IVT;???;102119;0;3;89;49;57;7;202
2025-08-03;IVT;???;102144;1;2;73;53;72;4;202
2025-08-03;IVT;???;102189;1;3;54;69;71;8;202
2025-08-03;IVT;???;100847;1;2;84;46;64;7;201
2025-08-03;IVT;???;100880;1;4;57;80;55;9;201
2025-08-03;IVT;???;101633;1;3;47;100;50;4;201
2025-08-03;IVT;???;101687;1;3;51;58;83;9;201
2025-08-03;IVT;???;102076;0;2;54;83;61;3;201
2025-08-03;IVT;???;102101;0;3;68;53;72;8;201
2025-08-03;IVT;???;100791;1;1;65;75;54;6;200
2025-08-03;IVT;???;100815;1;2;87;51;60;2;200
2025-08-03;IVT;???;100829;0;2;46;78;70;6;200
2025-08-03;IVT;???;100996;1;3;83;58;59;0;200
2025-08-03;IVT;???;101388;0;2;76;54;60;10;200
2025-08-03;IVT;???;102008;1;4;55;61;78;6;200
2025-08-03;IVT;???;102097;1;2;52;94;49;5;200
2025-08-03;IVT;???;102147;0;1;52;63;84;1;200
2025-08-03;IVT;???;102190;1;1;57;78;58;7;200
2025-08-03;IVT;???;102127;0;4;56;80;57;6;199
2025-08-03;IVT;???;100823;1;2;71;72;50;5;198
2025-08-03;IVT;???;101159;1;4;70;71;47;10;198
2025-08-03;IVT;???;101283;0;2;52;77;64;5;198
2025-08-03;IVT;???;101336;0;2;54;77;57;10;198
2025-08-03;IVT;???;102039;0;3;84;46;63;5;198
2025-08-03;IVT;???;102079;1;3;59;79;60;0;198
2025-08-03;IVT;???;102200;0;3;52;61;83;2;198
2025-08-03;IVT;???;102216;1;3;56;66;76;0;198
2025-08-03;IVT;???;100837;1;3;50;82;57;8;197
2025-08-03;IVT;???;100860;1;3;58;53;84;2;197
2025-08-03;IVT;???;100992;1;2;60;73;58;6;197
2025-08-03;IVT;???;101033;1;3;57;77;54;9;197
2025-08-03;IVT;???;101063;1;2;46;71;73;7;197
2025-08-03;IVT;???;101200;1;2;81;47;63;6;197
2025-08-03;IVT;???;101236;0;3;80;52;64;1;197
2025-08-03;IVT;???;100891;1;2;53;66;76;1;196
2025-08-03;IVT;???;100994;1;2;54;70;69;3;196
2025-08-03;IVT;???;101251;1;3;52;83;59;2;196
2025-08-03;IVT;???;101426;1;2;58;56;75;7;196
2025-08-03;IVT;???;101780;0;4;60;47;88;1;196
2025-08-03;IVT;???;100780;1;3;69;48;75;3;195
2025-08-03;IVT;???;101256;1;3;47;67;73;8;195
2025-08-03;IVT;???;100869;1;3;59;62;71;2;194
2025-08-03;IVT;???;100923;1;3;78;56;54;6;194
2025-08-03;IVT;???;101034;1;3;57;49;81;7;194
2025-08-03;IVT;???;101208;1;3;57;62;69;6;194
2025-08-03;IVT;???;101237;1;3;91;49;49;5;194
2025-08-03;IVT;???;101671;1;4;72;62;58;2;194
2025-08-03;IVT;???;100834;1;3;56;47;86;4;193
2025-08-03;IVT;???;100914;0;3;56;69;59;9;193
2025-08-03;IVT;???;101101;1;3;56;52;76;9;193
2025-08-03;IVT;???;101743;1;3;74;58;52;9;193
2025-08-03;IVT;???;101992;1;3;63;69;61;0;193
2025-08-03;IVT;???;102120;1;2;52;49;84;8;193
2025-08-03;IVT;???;102169;1;1;70;54;59;10;193
2025-08-03;IVT;???;100828;0;3;56;58;78;0;192
2025-08-03;IVT;???;100868;0;3;52;78;59;3;192
2025-08-03;IVT;???;100936;0;3;57;48;86;1;192
2025-08-03;IVT;???;101075;0;3;70;56;65;1;192
2025-08-03;IVT;???;101298;1;2;59;54;70;9;192
2025-08-03;IVT;???;101678;1;4;79;49;58;6;192
2025-08-03;IVT;???;101994;0;3;65;65;54;8;192
2025-08-03;IVT;???;101259;0;3;61;50;71;9;191
2025-08-03;IVT;???;101290;1;3;49;80;59;3;191
2025-08-03;IVT;???;101320;1;4;53;75;54;9;191
2025-08-03;IVT;???;101824;1;1;57;59;69;6;191
2025-08-03;IVT;???;100964;1;3;54;73;55;8;190
2025-08-03;IVT;???;100985;1;3;62;66;52;10;190
2025-08-03;IVT;???;101532;1;1;59;53;71;7;190
2025-08-03;IVT;???;101710;0;3;49;86;55;0;190
2025-08-03;IVT;???;101339;1;4;52;58;72;7;189
2025-08-03;IVT;???;101711;1;3;71;66;52;0;189
2025-08-03;IVT;???;102118;0;3;61;66;58;4;189
2025-08-03;IVT;???;102163;0;3;71;51;61;6;189
2025-08-03;IVT;???;100755;1;3;69;47;62;10;188
2025-08-03;IVT;???;100758;0;3;68;55;57;8;188
2025-08-03;IVT;???;100839;0;3;86;46;51;5;188
2025-08-03;IVT;???;100934;0;2;69;65;49;5;188
2025-08-03;IVT;???;102002;1;2;58;53;71;6;188
2025-08-03;IVT;???;102170;1;2;58;62;58;10;188
2025-08-03;IVT;???;102223;1;2;70;63;47;8;188
2025-08-03;IVT;???;100924;1;3;74;60;52;1;187
2025-08-03;IVT;???;100995;0;3;83;48;47;9;187
2025-08-03;IVT;???;101270;0;2;66;58;59;4;187
2025-08-03;IVT;???;101103;1;1;53;55;68;10;186
2025-08-03;IVT;???;100960;1;4;58;59;67;1;185
2025-08-03;IVT;???;100775;1;3;58;70;52;4;184
2025-08-03;IVT;???;101240;1;2;82;51;50;1;184
2025-08-03;IVT;???;101504;1;3;55;66;54;9;184
2025-08-03;IVT;???;101704;0;3;60;52;69;3;184
2025-08-03;IVT;???;102111;1;3;71;54;59;0;184
2025-08-03;IVT;???;101005;0;2;73;51;52;7;183
2025-08-03;IVT;???;101377;1;3;53;52;71;7;183
2025-08-03;IVT;???;101445;1;4;68;48;62;5;183
2025-08-03;IVT;???;101734;0;2;49;46;86;2;183
2025-08-03;IVT;???;102132;0;4;47;74;53;9;183
2025-08-03;IVT;???;100838;1;4;70;56;48;8;182
2025-08-03;IVT;???;101175;1;3;65;63;51;3;182
2025-08-03;IVT;???;101220;1;2;78;48;51;5;182
2025-08-03;IVT;???;100941;1;3;50;54;68;9;181
2025-08-03;IVT;???;102183;0;3;70;60;48;3;181
2025-08-03;IVT;???;102219;1;3;69;56;54;2;181
2025-08-03;IVT;???;100987;0;3;52;70;48;10;180
2025-08-03;IVT;???;101000;1;2;64;58;57;1;180
2025-08-03;IVT;???;101674;0;4;53;68;51;8;180
2025-08-03;IVT;???;100975;1;3;61;49;68;1;179
2025-08-03;IVT;???;101329;0;4;47;66;57;9;179
2025-08-03;IVT;???;101400;0;2;59;54;57;8;178
2025-08-03;IVT;???;101411;1;3;60;61;47;10;178
2025-08-03;IVT;???;100766;0;3;50;59;61;7;177
2025-08-03;IVT;???;101288;1;1;57;53;59;8;177
2025-08-03;IVT;???;101054;0;4;76;47;48;4;175
2025-08-03;IVT;???;101370;0;3;54;64;48;9;175
2025-08-03;IVT;???;101648;0;4;63;57;50;5;175
2025-08-03;IVT;???;101760;0;4;67;53;46;8;174
2025-08-03;IVT;???;102109;1;3;64;57;52;1;174
2025-08-03;IVT;???;101342;1;2;48;55;65;5;173
2025-08-03;IVT;???;101632;0;1;55;63;54;1;173
2025-08-03;IVT;???;102087;1;3;68;50;55;0;173
2025-08-03;IVT;???;102166;1;3;50;73;48;1;172
2025-08-03;IVT;???;101758;1;3;52;59;59;1;171
2025-08-03;IVT;???;102184;0;2;47;52;68;4;171
2025-08-03;IVT;???;101742;0;1;52;61;54;3;170
2025-08-03;IVT;???;101706;1;4;54;51;56;8;169
2025-08-03;IVT;???;101404;1;2;61;49;48;10;168
2025-08-03;IVT;???;100895;1;2;66;52;49;0;167
2025-08-03;IVT;???;100916;0;2;52;65;46;0;163
2025-08-03;IVT;???;101042;0;2;46;50;57;10;163
2025-08-03;IVT;???;100799;1;4;49;48;59;5;161
2025-08-03;IVT;???;102175;1;3;48;61;51;1;161
2025-08-03;IVT;???;101369;0;2;47;57;49;6;159
2025-08-03;IVT;???;100849;1;3;48;53;48;9;158
2025-08-03;IVT;???;101222;1;2;50;52;48;8;158
2025-08-03;ITSS;????;101155;1;4;100;100;100;5;305
2025-08-03;ITSS;????;101412;1;4;100;100;99;5;304
2025-08-03;ITSS;????;101429;1;4;100;100;100;4;304
2025-08-03;ITSS;????;102238;1;4;100;100;97;6;303
2025-08-03;ITSS;????;101413;1;3;100;100;100;2;302
2025-08-03;ITSS;????;101137;1;3;100;100;97;4;301
2025-08-03;ITSS;????;100736;0;3;91;100;100;9;300
2025-08-03;ITSS;????;101269;1;3;100;100;100;0;300
2025-08-03;ITSS;????;101274;0;3;100;100;95;5;300
2025-08-03;ITSS;????;101330;0;4;100;100;100;0;300
2025-08-03;ITSS;????;101551;1;4;96;97;100;6;299
2025-08-03;ITSS;????;100788;1;3;89;100;100;9;298
2025-08-03;ITSS;????;100794;1;2;89;100;100;9;298
2025-08-03;ITSS;????;101403;1;2;99;97;100;2;298
2025-08-03;ITSS;????;101989;0;4;97;100;99;2;298
2025-08-03;ITSS;????;101257;1;4;100;91;100;4;295
2025-08-03;ITSS;????;101393;0;2;87;100;100;8;295
2025-08-03;ITSS;????;101450;0;3;100;100;91;4;295
2025-08-03;ITSS;????;101580;1;4;98;100;97;0;295
2025-08-03;ITSS;????;102306;0;4;100;100;93;2;295
2025-08-03;ITSS;????;101383;1;2;98;100;94;2;294
2025-08-03;ITSS;????;101428;0;3;92;100;95;7;294
2025-08-03;ITSS;????;101547;0;2;98;90;98;8;294
2025-08-03;ITSS;????;100819;0;2;97;94;100;1;292
2025-08-03;ITSS;????;100873;1;4;100;89;95;8;292
2025-08-03;ITSS;????;101448;1;2;92;98;100;2;292
2025-08-03;ITSS;????;102004;1;1;95;100;92;5;292
2025-08-03;ITSS;????;102261;0;4;100;100;90;2;292
2025-08-03;ITSS;????;102273;0;3;95;87;100;10;292
2025-08-03;ITSS;????;100731;1;4;89;97;100;5;291
2025-08-03;ITSS;????;100875;1;4;95;94;97;5;291
2025-08-03;ITSS;????;101363;1;4;88;98;100;5;291
2025-08-03;ITSS;????;102054;0;3;100;81;100;10;291
2025-08-03;ITSS;????;102325;0;4;100;96;90;5;291
2025-08-03;ITSS;????;100973;1;3;100;95;92;3;290
2025-08-03;ITSS;????;101321;1;4;100;97;92;1;290
2025-08-03;ITSS;????;102022;0;3;100;90;100;0;290
2025-08-03;ITSS;????;102103;0;2;100;96;94;0;290
2025-08-03;ITSS;????;101129;0;4;98;100;90;1;289
2025-08-03;ITSS;????;101219;1;4;100;80;100;9;289
2025-08-03;ITSS;????;100878;1;3;84;100;100;4;288
2025-08-03;ITSS;????;100969;1;4;100;96;88;4;288
2025-08-03;ITSS;????;100970;1;3;100;85;100;3;288
2025-08-03;ITSS;????;101026;1;4;93;95;100;0;288
2025-08-03;ITSS;????;101135;0;4;91;92;100;5;288
2025-08-03;ITSS;????;101332;0;2;100;88;95;5;288
2025-08-03;ITSS;????;101375;1;3;93;100;89;6;288
2025-08-03;ITSS;????;102311;1;2;93;96;98;1;288
2025-08-03;ITSS;????;102330;1;1;87;98;95;8;288
2025-08-03;ITSS;????;100768;0;2;95;99;89;4;287
2025-08-03;ITSS;????;101171;0;3;100;80;99;8;287
2025-08-03;ITSS;????;101205;1;4;100;100;81;6;287
2025-08-03;ITSS;????;101364;0;3;96;100;87;4;287
2025-08-03;ITSS;????;101366;1;3;98;97;82;10;287
2025-08-03;ITSS;????;102258;0;4;100;100;77;10;287
2025-08-03;ITSS;????;100813;1;4;100;100;76;10;286
2025-08-03;ITSS;????;100951;1;4;100;91;94;1;286
2025-08-03;ITSS;????;101553;0;4;99;97;87;3;286
2025-08-03;ITSS;????;101856;1;4;80;100;99;7;286
2025-08-03;ITSS;????;101875;1;4;89;98;99;0;286
2025-08-03;ITSS;????;101030;1;2;85;92;100;8;285
2025-08-03;ITSS;????;101040;0;4;91;100;85;9;285
2025-08-03;ITSS;????;101144;1;3;88;92;95;10;285
2025-08-03;ITSS;????;101853;0;2;100;85;92;8;285
2025-08-03;ITSS;????;102334;0;3;95;100;86;4;285
2025-08-03;ITSS;????;100912;1;3;90;95;94;5;284
2025-08-03;ITSS;????;102231;1;3;100;100;74;10;284
2025-08-03;ITSS;????;102283;1;4;100;78;100;6;284
2025-08-03;ITSS;????;101111;1;4;96;100;85;2;283
2025-08-03;ITSS;????;101170;1;3;100;91;85;7;283
2025-08-03;ITSS;????;100886;1;4;98;81;100;3;282
2025-08-03;ITSS;????;100892;1;2;94;82;100;6;282
2025-08-03;ITSS;????;101027;1;4;83;96;100;3;282
2025-08-03;ITSS;????;101141;0;3;87;100;88;7;282
2025-08-03;ITSS;????;101254;0;3;94;79;100;9;282
2025-08-03;ITSS;????;101300;1;3;100;73;100;9;282
2025-08-03;ITSS;????;101549;1;3;99;79;96;8;282
2025-08-03;ITSS;????;102047;1;3;100;100;80;2;282
2025-08-03;ITSS;????;100777;1;2;78;100;100;3;281
2025-08-03;ITSS;????;100853;1;3;86;92;99;4;281
2025-08-03;ITSS;????;100993;0;1;84;91;100;6;281
2025-08-03;ITSS;????;101310;1;4;90;100;82;9;281
2025-08-03;ITSS;????;101335;0;3;100;91;83;7;281
2025-08-03;ITSS;????;101386;1;3;87;84;100;10;281
2025-08-03;ITSS;????;101545;1;4;77;100;100;4;281
2025-08-03;ITSS;????;102248;1;3;99;88;84;10;281
2025-08-03;ITSS;????;100887;0;3;91;80;100;9;280
2025-08-03;ITSS;????;100901;1;3;93;87;95;5;280
2025-08-03;ITSS;????;100953;1;2;84;100;94;2;280
2025-08-03;ITSS;????;100971;1;3;84;100;93;3;280
2025-08-03;ITSS;????;100977;1;4;99;79;100;2;280
2025-08-03;ITSS;????;101206;1;3;97;94;89;0;280
2025-08-03;ITSS;????;101431;1;4;82;92;100;6;280
2025-08-03;ITSS;????;101162;0;4;100;96;81;2;279
2025-08-03;ITSS;????;101344;1;1;96;99;83;1;279
2025-08-03;ITSS;????;101390;0;4;81;92;100;6;279
2025-08-03;ITSS;????;100850;1;3;92;92;85;9;278
2025-08-03;ITSS;????;101379;1;4;100;86;83;9;278
2025-08-03;ITSS;????;102339;0;4;81;97;100;0;278
2025-08-03;ITSS;????;100797;0;2;99;77;91;10;277
2025-08-03;ITSS;????;100959;1;4;74;100;98;5;277
2025-08-03;ITSS;????;101293;0;3;100;70;100;7;277
2025-08-03;ITSS;????;101308;1;4;90;86;99;2;277
2025-08-03;ITSS;????;101312;1;4;100;96;77;4;277
2025-08-03;ITSS;????;101433;1;3;76;100;100;1;277
2025-08-03;ITSS;????;102270;1;3;98;78;98;3;277
2025-08-03;ITSS;????;100752;1;3;90;81;95;10;276
2025-08-03;ITSS;????;100767;1;2;69;98;100;9;276
2025-08-03;ITSS;????;100900;1;3;89;100;79;8;276
2025-08-03;ITSS;????;101132;1;3;98;68;100;10;276
2025-08-03;ITSS;????;101189;0;4;77;100;92;7;276
2025-08-03;ITSS;????;101280;1;3;99;77;100;0;276
2025-08-03;ITSS;????;101325;1;4;100;74;100;2;276
2025-08-03;ITSS;????;102297;0;3;94;85;93;4;276
2025-08-03;ITSS;????;100759;1;3;73;100;97;5;275
2025-08-03;ITSS;????;100859;1;3;100;71;100;4;275
2025-08-03;ITSS;????;100861;0;3;80;94;100;1;275
2025-08-03;ITSS;????;100922;1;4;88;88;95;4;275
2025-08-03;ITSS;????;100955;1;3;100;80;91;4;275
2025-08-03;ITSS;????;101007;0;3;100;67;100;8;275
2025-08-03;ITSS;????;101199;0;3;82;100;87;6;275
2025-08-03;ITSS;????;101230;1;3;99;100;69;7;275
2025-08-03;ITSS;????;101396;1;2;100;68;98;9;275
2025-08-03;ITSS;????;100940;1;4;100;100;70;4;274
2025-08-03;ITSS;????;101345;1;3;65;100;100;9;274
2025-08-03;ITSS;????;101577;1;3;96;97;76;5;274
2025-08-03;ITSS;????;101581;0;3;94;71;100;9;274
2025-08-03;ITSS;????;102085;1;3;100;64;100;10;274
2025-08-03;ITSS;????;102340;1;2;81;90;96;7;274
2025-08-03;ITSS;????;100772;0;3;100;86;80;7;273
2025-08-03;ITSS;????;101188;1;4;97;100;76;0;273
2025-08-03;ITSS;????;101255;0;3;100;99;69;5;273
2025-08-03;ITSS;????;101836;0;3;100;100;67;6;273
2025-08-03;ITSS;????;102061;1;2;68;100;100;5;273
2025-08-03;ITSS;????;102269;1;3;79;90;100;4;273
2025-08-03;ITSS;????;100972;0;4;100;69;100;3;272
2025-08-03;ITSS;????;101238;1;4;99;100;64;9;272
2025-08-03;ITSS;????;101349;1;4;78;92;93;9;272
2025-08-03;ITSS;????;101402;0;3;100;85;86;1;272
2025-08-03;ITSS;????;102044;0;3;100;92;77;3;272
2025-08-03;ITSS;????;102308;1;2;72;93;98;9;272
2025-08-03;ITSS;????;100851;0;2;82;97;87;5;271
2025-08-03;ITSS;????;100976;1;2;97;100;68;6;271
2025-08-03;ITSS;????;102291;0;2;90;93;79;9;271
2025-08-03;ITSS;????;100812;0;1;89;88;88;5;270
2025-08-03;ITSS;????;100843;1;4;98;69;100;3;270
2025-08-03;ITSS;????;100865;0;1;90;83;92;5;270
2025-08-03;ITSS;????;100990;0;3;100;90;70;10;270
2025-08-03;ITSS;????;101177;1;4;95;70;100;5;270
2025-08-03;ITSS;????;101181;1;4;100;63;98;9;270
2025-08-03;ITSS;????;101267;1;4;100;100;65;5;270
2025-08-03;ITSS;????;101410;0;3;96;98;73;3;270
2025-08-03;ITSS;????;102045;0;3;82;100;78;10;270
2025-08-03;ITSS;????;102080;1;4;100;63;100;7;270
2025-08-03;ITSS;????;102096;1;3;100;100;62;8;270
2025-08-03;ITSS;????;100804;1;3;88;80;96;5;269
2025-08-03;ITSS;????;101128;1;2;71;100;95;3;269
2025-08-03;ITSS;????;101151;1;4;93;69;100;7;269
2025-08-03;ITSS;????;101447;0;3;100;66;100;3;269
2025-08-03;ITSS;????;101543;0;3;77;87;100;5;269
2025-08-03;ITSS;????;101859;0;4;73;93;93;10;269
2025-08-03;ITSS;????;102030;0;4;100;66;100;3;269
2025-08-03;ITSS;????;102300;0;4;81;86;100;2;269
2025-08-03;ITSS;????;100730;1;3;100;86;80;2;268
2025-08-03;ITSS;????;100870;1;2;89;99;80;0;268
2025-08-03;ITSS;????;100933;1;4;93;86;83;6;268
2025-08-03;ITSS;????;101567;1;4;84;95;87;2;268
2025-08-03;ITSS;????;101848;1;4;88;85;91;4;268
2025-08-03;ITSS;????;101857;1;1;96;100;63;9;268
2025-08-03;ITSS;????;100961;0;4;72;94;96;5;267
2025-08-03;ITSS;????;101204;1;4;85;86;96;0;267
2025-08-03;ITSS;????;101446;0;3;71;87;100;9;267
2025-08-03;ITSS;????;101996;1;2;77;88;100;2;267
2025-08-03;ITSS;????;102010;1;4;92;89;78;8;267
2025-08-03;ITSS;????;102014;1;4;99;58;100;10;267
2025-08-03;ITSS;????;102075;1;2;93;100;73;1;267
2025-08-03;ITSS;????;102302;1;1;92;99;73;3;267
2025-08-03;ITSS;????;100867;1;1;78;98;88;2;266
2025-08-03;ITSS;????;100893;1;4;94;86;76;10;266
2025-08-03;ITSS;????;100925;1;4;87;71;100;8;266
2025-08-03;ITSS;????;101020;0;1;70;97;89;10;266
2025-08-03;ITSS;????;102020;0;3;85;100;78;3;266
2025-08-03;ITSS;????;102232;0;4;77;93;87;9;266
2025-08-03;ITSS;????;102293;1;4;64;100;100;2;266
2025-08-03;ITSS;????;100921;1;4;74;94;89;8;265
2025-08-03;ITSS;????;100968;1;3;93;77;94;1;265
2025-08-03;ITSS;????;100988;1;2;92;87;86;0;265
2025-08-03;ITSS;????;101180;1;3;98;100;66;1;265
2025-08-03;ITSS;????;101207;1;3;59;100;100;6;265
2025-08-03;ITSS;????;101246;1;3;79;89;87;10;265
2025-08-03;ITSS;????;101394;1;3;58;97;100;10;265
2025-08-03;ITSS;????;101425;1;4;95;60;100;10;265
2025-08-03;ITSS;????;101552;1;2;72;98;92;3;265
2025-08-03;ITSS;????;101851;1;2;82;84;93;6;265
2025-08-03;ITSS;????;102026;0;1;95;77;91;2;265
2025-08-03;ITSS;????;102077;1;2;77;83;100;5;265
2025-08-03;ITSS;????;102078;1;3;93;75;96;1;265
2025-08-03;ITSS;????;102331;1;3;95;89;77;4;265
2025-08-03;ITSS;????;100749;1;3;81;86;97;0;264
2025-08-03;ITSS;????;100787;1;2;59;100;100;5;264
2025-08-03;ITSS;????;100827;1;3;100;61;93;10;264
2025-08-03;ITSS;????;101190;1;3;91;100;68;5;264
2025-08-03;ITSS;????;101229;0;4;90;80;89;5;264
2025-08-03;ITSS;????;101245;1;3;75;83;100;6;264
2025-08-03;ITSS;????;101289;1;4;100;100;61;3;264
2025-08-03;ITSS;????;101437;0;3;88;92;79;5;264
2025-08-03;ITSS;????;101869;1;3;89;95;79;1;264
2025-08-03;ITSS;????;101984;1;4;95;100;59;10;264
2025-08-03;ITSS;????;102028;0;2;84;88;82;10;264
2025-08-03;ITSS;????;102346;0;2;83;75;100;6;264
2025-08-03;ITSS;????;100852;0;1;94;63;100;6;263
2025-08-03;ITSS;????;100931;0;3;100;96;61;6;263
2025-08-03;ITSS;????;101306;0;4;91;70;100;2;263
2025-08-03;ITSS;????;101359;1;4;100;79;76;8;263
2025-08-03;ITSS;????;101555;0;2;67;100;92;4;263
2025-08-03;ITSS;????;101978;0;2;83;90;90;0;263
2025-08-03;ITSS;????;102009;0;3;56;100;100;7;263
2025-08-03;ITSS;????;102066;1;4;99;66;95;3;263
2025-08-03;ITSS;????;102124;1;3;78;83;100;2;263
2025-08-03;ITSS;????;102268;0;1;100;82;77;4;263
2025-08-03;ITSS;????;100863;1;3;89;96;70;7;262
2025-08-03;ITSS;????;100997;0;3;78;100;78;6;262
2025-08-03;ITSS;????;101045;1;4;70;100;89;3;262
2025-08-03;ITSS;????;101152;0;4;75;77;100;10;262
2025-08-03;ITSS;????;101296;1;2;83;98;72;9;262
2025-08-03;ITSS;????;101835;0;4;83;82;93;4;262
2025-08-03;ITSS;????;102000;1;3;90;91;75;6;262
2025-08-03;ITSS;????;102024;1;4;99;96;63;4;262
2025-08-03;ITSS;????;102038;1;2;74;89;96;3;262
2025-08-03;ITSS;????;100792;0;3;97;92;66;6;261
2025-08-03;ITSS;????;100842;1;1;95;96;64;6;261
2025-08-03;ITSS;????;100882;0;1;100;69;90;2;261
2025-08-03;ITSS;????;100909;0;4;72;100;80;9;261
2025-08-03;ITSS;????;101191;1;3;87;100;64;10;261
2025-08-03;ITSS;????;101318;0;4;65;100;91;5;261
2025-08-03;ITSS;????;102321;0;1;96;84;80;1;261
2025-08-03;ITSS;????;102353;0;1;70;97;84;10;261
2025-08-03;ITSS;????;100748;1;1;100;95;63;2;260
2025-08-03;ITSS;????;100981;1;1;93;86;79;2;260
2025-08-03;ITSS;????;101164;1;1;88;81;90;1;260
2025-08-03;ITSS;????;101373;1;2;93;78;81;8;260
2025-08-03;ITSS;????;102003;0;3;77;88;87;8;260
2025-08-03;ITSS;????;102029;1;3;100;84;69;7;260
2025-08-03;ITSS;????;102260;0;1;70;94;87;9;260
2025-08-03;ITSS;????;102271;1;2;88;87;81;4;260
2025-08-03;ITSS;????;100728;1;3;87;72;100;0;259
2025-08-03;ITSS;????;100918;1;3;86;78;89;6;259
2025-08-03;ITSS;????;101234;1;3;100;74;78;7;259
2025-08-03;ITSS;????;101287;1;4;92;73;85;9;259
2025-08-03;ITSS;????;101294;0;2;90;80;89;0;259
2025-08-03;ITSS;????;101392;1;3;97;68;87;7;259
2025-08-03;ITSS;????;101571;1;3;82;96;80;1;259
2025-08-03;ITSS;????;101862;0;2;97;94;58;10;259
2025-08-03;ITSS;????;102057;1;3;56;95;100;8;259
2025-08-03;ITSS;????;102107;1;4;99;59;96;5;259
2025-08-03;ITSS;????;102239;0;4;60;94;95;10;259
2025-08-03;ITSS;????;100764;1;4;73;88;87;10;258
2025-08-03;ITSS;????;100911;1;2;85;99;71;3;258
2025-08-03;ITSS;????;100917;1;2;72;98;86;2;258
2025-08-03;ITSS;????;100927;0;3;100;62;86;10;258
2025-08-03;ITSS;????;101172;0;2;85;85;81;7;258
2025-08-03;ITSS;????;101340;0;4;81;100;71;6;258
2025-08-03;ITSS;????;101347;1;2;76;100;81;1;258
2025-08-03;ITSS;????;101362;0;3;60;93;95;10;258
2025-08-03;ITSS;????;101367;1;3;82;100;71;5;258
2025-08-03;ITSS;????;101569;0;4;100;67;89;2;258
2025-08-03;ITSS;????;102035;1;2;99;58;96;5;258
2025-08-03;ITSS;????;102048;0;3;100;80;76;2;258
2025-08-03;ITSS;????;102123;1;3;90;64;97;7;258
2025-08-03;ITSS;????;100888;1;2;100;96;55;6;257
2025-08-03;ITSS;????;100913;1;2;61;94;94;8;257
2025-08-03;ITSS;????;100920;1;4;95;82;75;5;257
2025-08-03;ITSS;????;100999;1;1;70;99;83;5;257
2025-08-03;ITSS;????;101011;1;3;72;96;86;3;257
2025-08-03;ITSS;????;101278;1;2;82;77;94;4;257
2025-08-03;ITSS;????;101419;0;1;85;86;77;9;257
2025-08-03;ITSS;????;101833;1;1;79;79;90;9;257
2025-08-03;ITSS;????;101981;0;4;100;100;52;5;257
2025-08-03;ITSS;????;101983;0;2;100;92;62;3;257
2025-08-03;ITSS;????;102001;0;3;93;84;72;8;257
2025-08-03;ITSS;????;102011;1;3;69;84;96;8;257
2025-08-03;ITSS;????;102105;1;2;100;86;71;0;257
2025-08-03;ITSS;????;100884;0;2;71;96;82;7;256
2025-08-03;ITSS;????;101122;1;3;96;63;95;2;256
2025-08-03;ITSS;????;101169;0;2;57;95;94;10;256
2025-08-03;ITSS;????;101221;1;4;77;74;95;10;256
2025-08-03;ITSS;????;101262;1;2;90;63;94;9;256
2025-08-03;ITSS;????;101331;1;4;93;100;56;7;256
2025-08-03;ITSS;????;101376;0;2;62;95;89;10;256
2025-08-03;ITSS;????;102307;1;3;59;100;93;4;256
2025-08-03;ITSS;????;100762;1;4;83;83;84;5;255
2025-08-03;ITSS;????;100833;1;2;69;96;90;0;255
2025-08-03;ITSS;????;100890;0;3;97;95;63;0;255
2025-08-03;ITSS;????;100905;0;2;73;93;88;1;255
2025-08-03;ITSS;????;101157;0;4;98;55;100;2;255
2025-08-03;ITSS;????;101197;1;4;89;62;100;4;255
2025-08-03;ITSS;????;101223;0;3;92;59;100;4;255
2025-08-03;ITSS;????;101258;0;1;64;95;93;3;255
2025-08-03;ITSS;????;101316;0;1;90;71;87;7;255
2025-08-03;ITSS;????;101399;1;2;90;65;93;7;255
2025-08-03;ITSS;????;101423;1;4;61;100;85;9;255
2025-08-03;ITSS;????;101854;1;3;99;75;75;6;255
2025-08-03;ITSS;????;101858;0;4;62;86;100;7;255
2025-08-03;ITSS;????;101866;0;2;59;90;100;6;255
2025-08-03;ITSS;????;102095;1;1;99;68;84;4;255
2025-08-03;ITSS;????;102229;0;3;97;92;63;3;255
2025-08-03;ITSS;????;102341;1;3;69;83;100;3;255
2025-08-03;ITSS;????;100776;1;4;93;57;97;7;254
2025-08-03;ITSS;????;100779;1;4;72;100;74;8;254
2025-08-03;ITSS;????;100822;0;2;78;92;77;7;254
2025-08-03;ITSS;????;100835;0;2;61;89;96;8;254
2025-08-03;ITSS;????;100856;1;4;57;96;100;1;254
2025-08-03;ITSS;????;100896;0;3;68;99;84;3;254
2025-08-03;ITSS;????;101037;1;3;93;97;63;1;254
2025-08-03;ITSS;????;101110;0;2;65;95;86;8;254
2025-08-03;ITSS;????;101158;0;2;85;92;75;2;254
2025-08-03;ITSS;????;101250;1;2;97;86;68;3;254
2025-08-03;ITSS;????;101285;1;1;47;100;100;7;254
2025-08-03;ITSS;????;101337;1;1;89;81;82;2;254
2025-08-03;ITSS;????;101435;1;3;100;89;64;1;254
2025-08-03;ITSS;????;101864;0;4;69;100;85;0;254
2025-08-03;ITSS;????;102005;0;3;68;84;100;2;254
2025-08-03;ITSS;????;102025;1;3;85;96;67;6;254
2025-08-03;ITSS;????;102104;1;1;79;77;96;2;254
2025-08-03;ITSS;????;102284;1;1;91;98;59;6;254
2025-08-03;ITSS;????;102326;1;4;83;88;77;6;254
2025-08-03;ITSS;????;100840;0;3;53;98;100;2;253
2025-08-03;ITSS;????;101016;0;3;82;83;82;6;253
2025-08-03;ITSS;????;101131;1;4;100;86;64;3;253
2025-08-03;ITSS;????;101176;0;3;100;81;71;1;253
2025-08-03;ITSS;????;101334;1;3;82;97;66;8;253
2025-08-03;ITSS;????;101570;1;4;100;61;86;6;253
2025-08-03;ITSS;????;101865;1;2;88;64;100;1;253
2025-08-03;ITSS;????;102267;0;4;66;86;100;1;253
2025-08-03;ITSS;????;100858;0;2;84;61;100;7;252
2025-08-03;ITSS;????;100904;0;3;93;89;69;1;252
2025-08-03;ITSS;????;101183;1;2;89;91;66;6;252
2025-08-03;ITSS;????;101184;1;3;76;100;70;6;252
2025-08-03;ITSS;????;101852;1;1;97;62;89;4;252
2025-08-03;ITSS;????;102064;1;2;76;95;77;4;252
2025-08-03;ITSS;????;102110;1;3;67;96;80;9;252
2025-08-03;ITSS;????;100841;1;3;100;88;56;7;251
2025-08-03;ITSS;????;101004;1;2;100;87;55;9;251
2025-08-03;ITSS;????;101036;0;2;92;52;99;8;251
2025-08-03;ITSS;????;101041;1;1;87;79;79;6;251
2025-08-03;ITSS;????;101115;1;4;100;93;56;2;251
2025-08-03;ITSS;????;101248;1;4;71;100;71;9;251
2025-08-03;ITSS;????;101271;1;4;100;63;88;0;251
2025-08-03;ITSS;????;101353;1;2;89;80;82;0;251
2025-08-03;ITSS;????;101838;0;4;79;70;92;10;251
2025-08-03;ITSS;????;101998;1;3;92;54;98;7;251
2025-08-03;ITSS;????;102094;1;3;71;94;81;5;251
2025-08-03;ITSS;????;102116;1;2;99;54;90;8;251
2025-08-03;ITSS;????;102247;0;4;93;58;100;0;251
2025-08-03;ITSS;????;102262;1;4;100;89;56;6;251
2025-08-03;ITSS;????;102317;1;2;88;100;59;4;251
2025-08-03;ITSS;????;100774;0;4;72;83;87;8;250
2025-08-03;ITSS;????;100790;1;2;89;68;86;7;250
2025-08-03;ITSS;????;100807;1;4;80;73;92;5;250
2025-08-03;ITSS;????;100903;1;2;78;86;82;4;250
2025-08-03;ITSS;????;100907;0;2;71;79;90;10;250
2025-08-03;ITSS;????;101013;0;3;98;71;77;4;250
2025-08-03;ITSS;????;101140;1;4;74;77;94;5;250
2025-08-03;ITSS;????;101146;1;4;81;69;100;0;250
2025-08-03;ITSS;????;101214;0;3;100;71;71;8;250
2025-08-03;ITSS;????;101218;0;3;80;94;70;6;250
2025-08-03;ITSS;????;101315;0;1;78;70;98;4;250
2025-08-03;ITSS;????;101372;1;3;58;88;96;8;250
2025-08-03;ITSS;????;101384;0;4;100;63;85;2;250
2025-08-03;ITSS;????;101849;1;1;63;84;97;6;250
2025-08-03;ITSS;????;101850;1;2;100;83;65;2;250
2025-08-03;ITSS;????;101991;1;4;63;89;93;5;250
2025-08-03;ITSS;????;102043;0;2;74;91;81;4;250
2025-08-03;ITSS;????;102274;1;2;93;79;74;4;250
2025-08-03;ITSS;????;100770;1;4;79;85;79;6;249
2025-08-03;ITSS;????;100967;1;2;96;70;74;9;249
2025-08-03;ITSS;????;100980;1;4;86;62;100;1;249
2025-08-03;ITSS;????;101225;1;1;90;76;81;2;249
2025-08-03;ITSS;????;101231;0;3;73;81;85;10;249
2025-08-03;ITSS;????;101244;0;4;85;67;89;8;249
2025-08-03;ITSS;????;101268;1;4;68;100;71;10;249
2025-08-03;ITSS;????;101314;1;4;95;71;74;9;249
2025-08-03;ITSS;????;101341;1;4;93;59;97;0;249
2025-08-03;ITSS;????;101357;1;4;100;93;51;5;249
2025-08-03;ITSS;????;101361;0;2;85;56;98;10;249
2025-08-03;ITSS;????;102062;1;3;81;93;71;4;249
2025-08-03;ITSS;????;102072;0;2;88;100;57;4;249
2025-08-03;ITSS;????;102288;1;3;100;91;55;3;249
2025-08-03;ITSS;????;100750;1;3;90;54;94;10;248
2025-08-03;ITSS;????;100800;0;4;82;99;62;5;248
2025-08-03;ITSS;????;100910;1;3;90;94;55;9;248
2025-08-03;ITSS;????;101015;0;3;100;74;67;7;248
2025-08-03;ITSS;????;101133;1;4;88;60;93;7;248
2025-08-03;ITSS;????;101139;1;3;76;100;68;4;248
2025-08-03;ITSS;????;101143;1;2;100;71;69;8;248
2025-08-03;ITSS;????;101179;1;4;55;83;100;10;248
2025-08-03;ITSS;????;101212;1;2;90;51;100;7;248
2025-08-03;ITSS;????;101326;1;4;84;100;55;9;248
2025-08-03;ITSS;????;101328;0;4;55;97;91;5;248
2025-08-03;ITSS;????;101346;1;1;91;52;98;7;248
2025-08-03;ITSS;????;101558;1;4;79;87;73;9;248
2025-08-03;ITSS;????;101568;1;2;94;72;80;2;248
2025-08-03;ITSS;????;101575;0;3;68;100;74;6;248
2025-08-03;ITSS;????;101827;1;4;62;82;97;7;248
2025-08-03;ITSS;????;102098;0;1;65;90;89;4;248
2025-08-03;ITSS;????;102281;0;4;97;59;90;2;248
2025-08-03;ITSS;????;102305;0;3;78;63;97;10;248
2025-08-03;ITSS;????;102335;1;1;59;98;91;0;248
2025-08-03;ITSS;????;100765;0;2;59;85;96;7;247
2025-08-03;ITSS;????;100811;1;2;82;61;99;5;247
2025-08-03;ITSS;????;100872;1;1;87;90;70;0;247
2025-08-03;ITSS;????;100943;0;3;62;100;78;7;247
2025-08-03;ITSS;????;100952;1;1;90;100;49;8;247
2025-08-03;ITSS;????;100978;0;3;92;71;79;5;247
2025-08-03;ITSS;????;101019;1;4;63;76;98;10;247
2025-08-03;ITSS;????;101031;1;3;79;73;95;0;247
2025-08-03;ITSS;????;101121;1;3;62;100;78;7;247
2025-08-03;ITSS;????;101232;0;4;91;59;91;6;247
2025-08-03;ITSS;????;101264;1;4;85;69;85;8;247
2025-08-03;ITSS;????;101307;0;3;59;80;100;8;247
2025-08-03;ITSS;????;101584;1;4;82;67;95;3;247
2025-08-03;ITSS;????;102067;1;1;88;79;78;2;247
2025-08-03;ITSS;????;102082;1;4;58;88;100;1;247
2025-08-03;ITSS;????;102089;1;4;100;68;70;9;247
2025-08-03;ITSS;????;102122;1;3;93;57;89;8;247
2025-08-03;ITSS;????;102233;0;4;94;86;62;5;247
2025-08-03;ITSS;????;102243;1;4;57;98;90;2;247
2025-08-03;ITSS;????;102249;1;2;93;75;79;0;247
2025-08-03;ITSS;????;100871;0;4;90;75;73;8;246
2025-08-03;ITSS;????;100877;0;2;61;100;77;8;246
2025-08-03;ITSS;????;101252;1;4;100;80;64;2;246
2025-08-03;ITSS;????;101323;1;4;76;89;76;5;246
2025-08-03;ITSS;????;101389;0;4;96;82;59;9;246
2025-08-03;ITSS;????;101407;1;3;100;55;82;9;246
2025-08-03;ITSS;????;101554;1;2;90;74;82;0;246
2025-08-03;ITSS;????;101874;1;4;99;64;83;0;246
2025-08-03;ITSS;????;101995;0;4;93;78;74;1;246
2025-08-03;ITSS;????;102115;1;3;72;64;100;10;246
2025-08-03;ITSS;????;100824;1;2;100;70;75;0;245
2025-08-03;ITSS;????;100855;1;4;98;82;58;7;245
2025-08-03;ITSS;????;100958;1;3;87;81;75;2;245
2025-08-03;ITSS;????;101010;1;2;94;64;77;10;245
2025-08-03;ITSS;????;101173;1;3;70;78;93;4;245
2025-08-03;ITSS;????;101249;1;1;67;88;83;7;245
2025-08-03;ITSS;????;101265;0;2;73;90;79;3;245
2025-08-03;ITSS;????;101409;1;4;74;71;94;6;245
2025-08-03;ITSS;????;101436;1;1;65;88;86;6;245
2025-08-03;ITSS;????;101455;1;1;75;97;73;0;245
2025-08-03;ITSS;????;101573;1;3;98;74;63;10;245
2025-08-03;ITSS;????;101867;1;1;78;67;100;0;245
2025-08-03;ITSS;????;101872;0;1;48;89;100;8;245
2025-08-03;ITSS;????;102017;0;4;80;65;100;0;245
2025-08-03;ITSS;????;102059;1;4;91;52;100;2;245
2025-08-03;ITSS;????;102275;1;3;81;82;75;7;245
2025-08-03;ITSS;????;102316;0;4;99;53;86;7;245
2025-08-03;ITSS;????;102322;0;2;90;82;73;0;245
2025-08-03;ITSS;????;100789;1;2;57;97;90;0;244
2025-08-03;ITSS;????;100929;1;3;87;77;79;1;244
2025-08-03;ITSS;????;100944;1;4;72;98;65;9;244
2025-08-03;ITSS;????;101022;1;4;96;71;77;0;244
2025-08-03;ITSS;????;101029;0;4;71;65;100;8;244
2025-08-03;ITSS;????;101284;0;4;63;95;76;10;244
2025-08-03;ITSS;????;101295;1;2;75;91;71;7;244
2025-08-03;ITSS;????;101317;0;1;62;88;87;7;244
2025-08-03;ITSS;????;101319;1;3;68;100;71;5;244
2025-08-03;ITSS;????;101338;1;4;83;82;78;1;244
2025-08-03;ITSS;????;101381;1;2;91;48;100;5;244
2025-08-03;ITSS;????;101582;1;3;96;82;58;8;244
2025-08-03;ITSS;????;102037;1;1;92;98;51;3;244
2025-08-03;ITSS;????;102060;1;3;75;64;99;6;244
2025-08-03;ITSS;????;102125;1;4;64;89;88;3;244
2025-08-03;ITSS;????;102126;1;2;65;76;100;3;244
2025-08-03;ITSS;????;102350;0;3;97;55;88;4;244
2025-08-03;ITSS;????;100937;1;4;70;82;85;6;243
2025-08-03;ITSS;????;100946;1;1;73;80;87;3;243
2025-08-03;ITSS;????;100966;1;1;94;65;75;9;243
2025-08-03;ITSS;????;100998;0;4;79;61;98;5;243
2025-08-03;ITSS;????;101044;0;2;70;73;97;3;243
2025-08-03;ITSS;????;101327;1;2;82;100;58;3;243
2025-08-03;ITSS;????;101449;1;1;61;98;80;4;243
2025-08-03;ITSS;????;101452;1;4;77;70;89;7;243
2025-08-03;ITSS;????;102013;1;3;64;91;85;3;243
2025-08-03;ITSS;????;102092;0;4;67;76;100;0;243
2025-08-03;ITSS;????;102349;0;4;61;100;75;7;243
2025-08-03;ITSS;????;100986;1;3;70;100;68;4;242
2025-08-03;ITSS;????;101120;1;1;81;75;83;3;242
2025-08-03;ITSS;????;101134;0;1;93;82;58;9;242
2025-08-03;ITSS;????;101228;0;4;67;70;100;5;242
2025-08-03;ITSS;????;101406;1;3;73;62;97;10;242
2025-08-03;ITSS;????;102012;1;4;100;65;67;10;242
2025-08-03;ITSS;????;102049;1;4;65;82;88;7;242
2025-08-03;ITSS;????;102063;1;4;89;75;76;2;242
2025-08-03;ITSS;????;100947;0;3;82;84;75;0;241
2025-08-03;ITSS;????;101046;0;3;78;100;63;0;241
2025-08-03;ITSS;????;101107;0;3;66;98;72;5;241
2025-08-03;ITSS;????;101117;0;3;63;89;89;0;241
2025-08-03;ITSS;????;101147;1;2;71;71;95;4;241
2025-08-03;ITSS;????;101313;1;1;52;80;100;9;241
2025-08-03;ITSS;????;101414;1;4;68;87;78;8;241
2025-08-03;ITSS;????;101434;1;3;84;79;72;6;241
2025-08-03;ITSS;????;101440;1;4;82;69;88;2;241
2025-08-03;ITSS;????;102036;0;4;60;100;79;2;241
2025-08-03;ITSS;????;102236;1;1;57;100;77;7;241
2025-08-03;ITSS;????;100798;1;4;82;83;75;0;240
2025-08-03;ITSS;????;101116;0;2;65;72;100;3;240
2025-08-03;ITSS;????;101253;1;2;56;100;80;4;240
2025-08-03;ITSS;????;101266;1;4;60;87;85;8;240
2025-08-03;ITSS;????;101348;1;2;80;59;92;9;240
2025-08-03;ITSS;????;101380;1;1;82;88;70;0;240
2025-08-03;ITSS;????;101451;1;3;60;88;91;1;240
2025-08-03;ITSS;????;101456;0;4;62;99;75;4;240
2025-08-03;ITSS;????;101583;1;4;92;73;68;7;240
2025-08-03;ITSS;????;102073;0;2;86;62;83;9;240
2025-08-03;ITSS;????;100876;1;2;100;56;81;2;239
2025-08-03;ITSS;????;100919;0;1;88;49;100;2;239
2025-08-03;ITSS;????;101108;1;1;49;95;92;3;239
2025-08-03;ITSS;????;101138;1;3;57;77;100;5;239
2025-08-03;ITSS;????;101198;1;3;74;80;81;4;239
2025-08-03;ITSS;????;101986;1;4;100;55;75;9;239
2025-08-03;ITSS;????;102056;1;4;81;55;100;3;239
2025-08-03;ITSS;????;102113;1;2;100;62;76;1;239
2025-08-03;ITSS;????;102254;0;1;87;80;64;8;239
2025-08-03;ITSS;????;102356;1;4;77;97;55;10;239
2025-08-03;ITSS;????;100757;0;4;90;80;62;6;238
2025-08-03;ITSS;????;100760;1;3;75;100;61;2;238
2025-08-03;ITSS;????;100769;1;4;62;86;84;6;238
2025-08-03;ITSS;????;100784;0;3;76;54;100;8;238
2025-08-03;ITSS;????;100803;0;3;85;91;62;0;238
2025-08-03;ITSS;????;100809;0;2;95;58;76;9;238
2025-08-03;ITSS;????;100836;1;2;77;67;91;3;238
2025-08-03;ITSS;????;101017;0;4;100;69;62;7;238
2025-08-03;ITSS;????;101035;1;3;84;86;60;8;238
2025-08-03;ITSS;????;101279;0;2;76;65;93;4;238
2025-08-03;ITSS;????;101281;0;2;97;71;64;6;238
2025-08-03;ITSS;????;101351;1;1;88;57;89;4;238
2025-08-03;ITSS;????;101444;0;4;92;67;69;10;238
2025-08-03;ITSS;????;102016;0;2;80;93;59;6;238
2025-08-03;ITSS;????;102033;1;3;62;72;96;8;238
2025-08-03;ITSS;????;102084;1;3;59;95;76;8;238
2025-08-03;ITSS;????;102099;1;3;60;89;88;1;238
2025-08-03;ITSS;????;102108;1;3;75;78;82;3;238
2025-08-03;ITSS;????;100741;1;4;83;65;79;10;237
2025-08-03;ITSS;????;100747;1;3;79;89;62;7;237
2025-08-03;ITSS;????;100754;1;2;54;80;100;3;237
2025-08-03;ITSS;????;100761;1;3;68;90;72;7;237
2025-08-03;ITSS;????;100808;0;2;91;82;62;2;237
2025-08-03;ITSS;????;101032;1;2;91;77;61;8;237
2025-08-03;ITSS;????;101154;1;1;81;50;96;10;237
2025-08-03;ITSS;????;101239;1;3;89;75;69;4;237
2025-08-03;ITSS;????;101299;1;2;74;66;97;0;237
2025-08-03;ITSS;????;101343;0;4;85;65;80;7;237
2025-08-03;ITSS;????;101578;1;1;98;59;74;6;237
2025-08-03;ITSS;????;101977;0;4;86;90;57;4;237
2025-08-03;ITSS;????;102086;1;3;87;81;67;2;237
2025-08-03;ITSS;????;102088;0;3;100;78;59;0;237
2025-08-03;ITSS;????;100814;1;4;89;72;69;6;236
2025-08-03;ITSS;????;100844;1;2;70;77;88;1;236
2025-08-03;ITSS;????;100885;0;2;72;72;91;1;236
2025-08-03;ITSS;????;100945;1;2;75;100;53;8;236
2025-08-03;ITSS;????;101001;1;1;96;64;76;0;236
2025-08-03;ITSS;????;101142;1;4;59;76;92;9;236
2025-08-03;ITSS;????;101163;0;4;82;78;66;10;236
2025-08-03;ITSS;????;101233;1;4;79;65;84;8;236
2025-08-03;ITSS;????;101301;0;2;65;87;74;10;236
2025-08-03;ITSS;????;101387;1;1;62;95;79;0;236
2025-08-03;ITSS;????;101408;1;1;72;88;75;1;236
2025-08-03;ITSS;????;101842;0;4;73;100;63;0;236
2025-08-03;ITSS;????;101982;0;1;99;47;80;10;236
2025-08-03;ITSS;????;102091;0;2;77;100;58;1;236
2025-08-03;ITSS;????;102337;1;1;48;94;87;7;236
2025-08-03;ITSS;????;100738;1;3;72;83;80;0;235
2025-08-03;ITSS;????;100763;1;2;69;73;84;9;235
2025-08-03;ITSS;????;100782;1;2;71;64;92;8;235
2025-08-03;ITSS;????;100854;1;1;84;83;64;4;235
2025-08-03;ITSS;????;100897;1;4;90;54;82;9;235
2025-08-03;ITSS;????;100957;0;1;69;80;84;2;235
2025-08-03;ITSS;????;101282;1;2;55;85;88;7;235
2025-08-03;ITSS;????;101322;1;4;58;99;68;10;235
2025-08-03;ITSS;????;101356;1;1;96;63;73;3;235
2025-08-03;ITSS;????;101870;0;3;55;94;86;0;235
2025-08-03;ITSS;????;102070;1;4;63;68;100;4;235
2025-08-03;ITSS;????;102263;1;4;74;98;54;9;235
2025-08-03;ITSS;????;102266;0;2;49;84;100;2;235
2025-08-03;ITSS;????;102354;1;1;58;78;91;8;235
2025-08-03;ITSS;????;100735;0;4;100;70;57;7;234
2025-08-03;ITSS;????;100781;1;4;59;100;73;2;234
2025-08-03;ITSS;????;100832;0;3;55;76;95;8;234
2025-08-03;ITSS;????;101844;1;3;67;76;81;10;234
2025-08-03;ITSS;????;101980;1;3;71;74;87;2;234
2025-08-03;ITSS;????;102074;0;3;73;80;78;3;234
2025-08-03;ITSS;????;102312;1;3;65;67;100;2;234
2025-08-03;ITSS;????;102352;1;1;72;98;63;1;234
2025-08-03;ITSS;????;100793;0;2;66;78;89;0;233
2025-08-03;ITSS;????;100926;1;1;59;89;78;7;233
2025-08-03;ITSS;????;100932;1;3;83;68;79;3;233
2025-08-03;ITSS;????;100983;0;2;77;67;79;10;233
2025-08-03;ITSS;????;101333;0;4;78;93;55;7;233
2025-08-03;ITSS;????;101352;0;4;100;68;65;0;233
2025-08-03;ITSS;????;101354;1;1;78;94;61;0;233
2025-08-03;ITSS;????;101382;0;1;100;79;52;2;233
2025-08-03;ITSS;????;101432;1;2;68;63;92;10;233
2025-08-03;ITSS;????;101544;0;1;83;92;53;5;233
2025-08-03;ITSS;????;101985;1;3;100;60;67;6;233
2025-08-03;ITSS;????;102065;1;4;75;72;81;5;233
2025-08-03;ITSS;????;102228;0;4;73;69;84;7;233
2025-08-03;ITSS;????;100899;1;2;55;71;97;9;232
2025-08-03;ITSS;????;100965;0;1;49;98;76;9;232
2025-08-03;ITSS;????;101038;1;3;88;66;75;3;232
2025-08-03;ITSS;????;101186;1;2;97;65;64;6;232
2025-08-03;ITSS;????;101226;1;1;85;79;59;9;232
2025-08-03;ITSS;????;101395;1;3;78;78;69;7;232
2025-08-03;ITSS;????;101847;1;3;92;67;67;6;232
2025-08-03;ITSS;????;101855;1;3;62;96;67;7;232
2025-08-03;ITSS;????;102050;0;4;60;76;96;0;232
2025-08-03;ITSS;????;102055;1;4;91;83;56;2;232
2025-08-03;ITSS;????;102069;0;4;57;66;100;9;232
2025-08-03;ITSS;????;102071;0;3;86;70;74;2;232
2025-08-03;ITSS;????;102343;1;2;80;77;74;1;232
2025-08-03;ITSS;????;100810;1;3;91;74;62;4;231
2025-08-03;ITSS;????;101113;1;4;63;100;64;4;231
2025-08-03;ITSS;????;101185;1;3;66;81;78;6;231
2025-08-03;ITSS;????;101217;1;4;70;100;56;5;231
2025-08-03;ITSS;????;101355;1;4;73;50;98;10;231
2025-08-03;ITSS;????;101385;0;4;61;93;75;2;231
2025-08-03;ITSS;????;101391;1;3;59;82;88;2;231
2025-08-03;ITSS;????;101832;1;3;57;74;98;2;231
2025-08-03;ITSS;????;102018;1;3;100;60;65;6;231
2025-08-03;ITSS;????;102052;1;2;91;74;60;6;231
2025-08-03;ITSS;????;102237;0;2;95;49;86;1;231
2025-08-03;ITSS;????;102276;1;3;78;76;77;0;231
2025-08-03;ITSS;????;102289;1;1;82;67;76;6;231
2025-08-03;ITSS;????;102318;0;3;55;96;74;6;231
2025-08-03;ITSS;????;100732;1;4;70;84;71;5;230
2025-08-03;ITSS;????;100745;0;4;70;100;58;2;230
2025-08-03;ITSS;????;100881;1;3;91;63;73;3;230
2025-08-03;ITSS;????;100889;1;2;94;69;60;7;230
2025-08-03;ITSS;????;100982;0;4;82;57;83;8;230
2025-08-03;ITSS;????;101118;1;2;86;57;84;3;230
2025-08-03;ITSS;????;101119;1;1;85;47;90;8;230
2025-08-03;ITSS;????;101130;1;4;66;54;100;10;230
2025-08-03;ITSS;????;101276;1;4;64;80;84;2;230
2025-08-03;ITSS;????;101297;1;1;67;91;64;8;230
2025-08-03;ITSS;????;101443;0;2;60;77;84;9;230
2025-08-03;ITSS;????;101563;0;3;55;100;73;2;230
2025-08-03;ITSS;????;102019;0;3;93;74;62;1;230
2025-08-03;ITSS;????;102023;0;4;100;60;62;8;230
2025-08-03;ITSS;????;102027;0;3;66;95;61;8;230
2025-08-03;ITSS;????;102292;0;4;86;73;64;7;230
2025-08-03;ITSS;????;102296;1;3;100;67;63;0;230
2025-08-03;ITSS;????;102347;1;2;82;47;95;6;230
2025-08-03;ITSS;????;100729;0;2;52;95;74;8;229
2025-08-03;ITSS;????;100783;1;3;96;55;78;0;229
2025-08-03;ITSS;????;100848;1;1;61;76;86;6;229
2025-08-03;ITSS;????;100883;0;3;88;70;67;4;229
2025-08-03;ITSS;????;100963;1;4;53;74;92;10;229
2025-08-03;ITSS;????;101438;0;4;64;83;75;7;229
2025-08-03;ITSS;????;101539;1;2;95;64;68;2;229
2025-08-03;ITSS;????;101561;1;1;55;93;75;6;229
2025-08-03;ITSS;????;101839;1;2;64;74;90;1;229
2025-08-03;ITSS;????;102040;1;2;62;82;77;8;229
2025-08-03;ITSS;????;100805;1;4;82;62;82;2;228
2025-08-03;ITSS;????;100857;1;2;88;71;62;7;228
2025-08-03;ITSS;????;100894;1;4;67;67;92;2;228
2025-08-03;ITSS;????;102272;1;1;46;76;100;6;228
2025-08-03;ITSS;????;100756;1;2;89;63;66;9;227
2025-08-03;ITSS;????;100802;1;2;100;53;68;6;227
2025-08-03;ITSS;????;100846;0;4;61;66;99;1;227
2025-08-03;ITSS;????;100939;1;3;97;68;57;5;227
2025-08-03;ITSS;????;100962;1;1;97;46;79;5;227
2025-08-03;ITSS;????;100984;0;2;73;54;100;0;227
2025-08-03;ITSS;????;101014;0;3;84;69;67;7;227
2025-08-03;ITSS;????;101174;1;3;90;60;71;6;227
2025-08-03;ITSS;????;101192;0;4;68;100;53;6;227
2025-08-03;ITSS;????;101195;1;2;53;79;85;10;227
2025-08-03;ITSS;????;101368;0;4;59;73;85;10;227
2025-08-03;ITSS;????;101550;0;2;59;63;99;6;227
2025-08-03;ITSS;????;101586;0;4;57;100;65;5;227
2025-08-03;ITSS;????;101868;1;4;78;63;80;6;227
2025-08-03;ITSS;????;101999;1;4;81;59;80;7;227
2025-08-03;ITSS;????;102031;1;3;60;89;75;3;227
2025-08-03;ITSS;????;102093;1;2;93;49;84;1;227
2025-08-03;ITSS;????;102241;1;2;89;56;79;3;227
2025-08-03;ITSS;????;100801;1;3;84;82;57;3;226
2025-08-03;ITSS;????;100956;1;3;72;72;79;3;226
2025-08-03;ITSS;????;100989;1;2;47;78;94;7;226
2025-08-03;ITSS;????;101006;1;4;91;56;75;4;226
2025-08-03;ITSS;????;101008;1;3;64;84;69;9;226
2025-08-03;ITSS;????;101123;1;3;66;74;83;3;226
2025-08-03;ITSS;????;101124;1;2;80;82;60;4;226
2025-08-03;ITSS;????;101149;1;4;57;87;81;1;226
2025-08-03;ITSS;????;101210;1;2;67;100;55;4;226
2025-08-03;ITSS;????;101241;1;4;60;92;72;2;226
2025-08-03;ITSS;????;101418;0;2;87;65;72;2;226
2025-08-03;ITSS;????;101871;0;4;61;95;62;8;226
2025-08-03;ITSS;????;102251;1;4;55;65;96;10;226
2025-08-03;ITSS;????;102338;0;4;75;73;69;9;226
2025-08-03;ITSS;????;100831;1;4;66;75;82;2;225
2025-08-03;ITSS;????;101003;1;2;90;80;50;5;225
2025-08-03;ITSS;????;101024;1;4;96;62;60;7;225
2025-08-03;ITSS;????;101039;0;3;84;55;80;6;225
2025-08-03;ITSS;????;101156;1;2;91;68;64;2;225
2025-08-03;ITSS;????;101275;0;1;93;79;48;5;225
2025-08-03;ITSS;????;101286;1;1;60;76;79;10;225
2025-08-03;ITSS;????;101309;0;4;68;72;85;0;225
2025-08-03;ITSS;????;101442;0;2;62;75;84;4;225
2025-08-03;ITSS;????;101556;1;2;55;78;85;7;225
2025-08-03;ITSS;????;101560;0;3;82;94;47;2;225
2025-08-03;ITSS;????;101576;1;3;100;63;53;9;225
2025-08-03;ITSS;????;102106;1;1;94;76;46;9;225
2025-08-03;ITSS;????;102298;1;2;84;63;71;7;225
2025-08-03;ITSS;????;102303;1;3;73;77;75;0;225
2025-08-03;ITSS;????;102319;1;4;80;94;48;3;225
2025-08-03;ITSS;????;100753;1;3;100;60;58;6;224
2025-08-03;ITSS;????;100786;0;3;81;84;56;3;224
2025-08-03;ITSS;????;100818;1;4;52;80;89;3;224
2025-08-03;ITSS;????;100874;1;1;89;83;50;2;224
2025-08-03;ITSS;????;101202;1;2;72;52;96;4;224
2025-08-03;ITSS;????;101224;1;2;59;99;57;9;224
2025-08-03;ITSS;????;101365;1;3;51;87;85;1;224
2025-08-03;ITSS;????;101397;0;2;91;51;76;6;224
2025-08-03;ITSS;????;102290;0;1;56;91;67;10;224
2025-08-03;ITSS;????;100826;1;3;59;84;75;5;223
2025-08-03;ITSS;????;100930;1;2;52;71;96;4;223
2025-08-03;ITSS;????;101023;0;3;58;100;64;1;223
2025-08-03;ITSS;????;101182;1;2;60;62;100;1;223
2025-08-03;ITSS;????;101303;0;3;68;73;73;9;223
2025-08-03;ITSS;????;101358;1;2;90;67;60;6;223
2025-08-03;ITSS;????;101374;1;4;94;66;58;5;223
2025-08-03;ITSS;????;101540;1;2;87;48;88;0;223
2025-08-03;ITSS;????;101542;1;3;58;85;77;3;223
2025-08-03;ITSS;????;101834;1;3;77;83;56;7;223
2025-08-03;ITSS;????;101993;1;1;49;84;83;7;223
2025-08-03;ITSS;????;102042;1;4;77;69;70;7;223
2025-08-03;ITSS;????;102240;0;2;85;80;55;3;223
2025-08-03;ITSS;????;102257;0;2;86;64;70;3;223
2025-08-03;ITSS;????;102287;1;2;71;83;62;7;223
2025-08-03;ITSS;????;100737;0;1;52;80;81;9;222
2025-08-03;ITSS;????;100908;0;1;60;65;93;4;222
2025-08-03;ITSS;????;101148;0;4;73;71;69;9;222
2025-08-03;ITSS;????;101166;1;3;57;67;91;7;222
2025-08-03;ITSS;????;101196;1;2;84;76;53;9;222
2025-08-03;ITSS;????;101272;1;3;65;97;58;2;222
2025-08-03;ITSS;????;101421;1;4;75;63;82;2;222
2025-08-03;ITSS;????;101987;1;4;80;75;66;1;222
2025-08-03;ITSS;????;102006;1;1;55;67;100;0;222
2025-08-03;ITSS;????;102034;1;3;72;85;60;5;222
2025-08-03;ITSS;????;102046;1;3;88;62;67;5;222
2025-08-03;ITSS;????;102255;1;2;47;87;85;3;222
2025-08-03;ITSS;????;102256;1;1;75;59;85;3;222
2025-08-03;ITSS;????;102282;1;1;72;93;56;1;222
2025-08-03;ITSS;????;100742;1;1;51;67;93;10;221
2025-08-03;ITSS;????;100778;1;4;90;66;60;5;221
2025-08-03;ITSS;????;100825;0;1;60;80;75;6;221
2025-08-03;ITSS;????;100950;1;2;59;97;60;5;221
2025-08-03;ITSS;????;101043;1;3;73;80;65;3;221
2025-08-03;ITSS;????;101263;1;1;50;75;90;6;221
2025-08-03;ITSS;????;101841;0;1;56;59;99;7;221
2025-08-03;ITSS;????;102117;1;2;51;76;84;10;221
2025-08-03;ITSS;????;102357;1;3;85;50;83;3;221
2025-08-03;ITSS;????;100942;1;1;58;68;90;4;220
2025-08-03;ITSS;????;101235;0;3;81;72;67;0;220
2025-08-03;ITSS;????;101291;1;4;92;52;76;0;220
2025-08-03;ITSS;????;101292;1;4;91;53;74;2;220
2025-08-03;ITSS;????;101441;1;4;77;77;63;3;220
2025-08-03;ITSS;????;101979;1;3;57;97;66;0;220
2025-08-03;ITSS;????;102007;1;4;47;72;95;6;220
2025-08-03;ITSS;????;102244;1;2;60;60;99;1;220
2025-08-03;ITSS;????;102252;0;2;76;83;61;0;220
2025-08-03;ITSS;????;102286;1;3;90;60;65;5;220
2025-08-03;ITSS;????;102301;1;2;65;81;64;10;220
2025-08-03;ITSS;????;102332;1;1;78;79;61;2;220
2025-08-03;ITSS;????;102336;1;1;85;81;48;6;220
2025-08-03;ITSS;????;100773;1;3;87;57;72;3;219
2025-08-03;ITSS;????;101021;1;3;58;74;86;1;219
2025-08-03;ITSS;????;101167;0;1;78;70;61;10;219
2025-08-03;ITSS;????;101324;1;4;74;60;81;4;219
2025-08-03;ITSS;????;101860;0;4;73;64;75;7;219
2025-08-03;ITSS;????;101876;1;4;85;84;50;0;219
2025-08-03;ITSS;????;102279;0;1;63;94;62;0;219
2025-08-03;ITSS;????;102309;0;1;80;67;63;9;219
2025-08-03;ITSS;????;100796;1;1;57;89;66;6;218
2025-08-03;ITSS;????;100820;0;4;93;60;59;6;218
2025-08-03;ITSS;????;100845;1;4;59;100;51;8;218
2025-08-03;ITSS;????;100866;1;1;66;64;83;5;218
2025-08-03;ITSS;????;100879;1;3;90;70;57;1;218
2025-08-03;ITSS;????;101427;1;4;61;68;82;7;218
2025-08-03;ITSS;????;101828;0;1;62;77;72;7;218
2025-08-03;ITSS;????;101997;0;4;96;53;65;4;218
2025-08-03;ITSS;????;102253;0;2;64;67;77;10;218
2025-08-03;ITSS;????;102345;0;1;80;58;75;5;218
2025-08-03;ITSS;????;100771;0;4;64;57;86;10;217
2025-08-03;ITSS;????;100806;1;4;63;69;77;8;217
2025-08-03;ITSS;????;100928;0;4;66;77;72;2;217
2025-08-03;ITSS;????;101145;1;3;66;77;68;6;217
2025-08-03;ITSS;????;101201;1;3;83;86;47;1;217
2025-08-03;ITSS;????;101360;1;1;94;58;57;8;217
2025-08-03;ITSS;????;101566;1;3;94;55;66;2;217
2025-08-03;ITSS;????;101572;0;3;78;53;76;10;217
2025-08-03;ITSS;????;101831;1;3;63;84;70;0;217
2025-08-03;ITSS;????;101845;0;4;55;99;61;2;217
2025-08-03;ITSS;????;102121;0;4;63;58;87;9;217
2025-08-03;ITSS;????;100979;0;2;90;47;76;3;216
2025-08-03;ITSS;????;101209;1;2;73;58;79;6;216
2025-08-03;ITSS;????;101260;1;3;61;77;74;4;216
2025-08-03;ITSS;????;102015;0;4;63;66;86;1;216
2025-08-03;ITSS;????;100902;0;2;77;75;55;8;215
2025-08-03;ITSS;????;100906;1;3;78;67;64;6;215
2025-08-03;ITSS;????;101109;1;4;95;55;55;10;215
2025-08-03;ITSS;????;101161;1;4;56;66;86;7;215
2025-08-03;ITSS;????;101168;1;2;70;61;77;7;215
2025-08-03;ITSS;????;101187;0;4;70;63;72;10;215
2025-08-03;ITSS;????;101194;0;3;69;86;57;3;215
2025-08-03;ITSS;????;101211;1;4;65;88;57;5;215
2025-08-03;ITSS;????;101242;1;4;56;56;99;4;215
2025-08-03;ITSS;????;101873;0;1;75;70;67;3;215
2025-08-03;ITSS;????;102041;1;4;59;85;65;6;215
2025-08-03;ITSS;????;102090;1;4;57;58;93;7;215
2025-08-03;ITSS;????;102314;0;1;74;69;70;2;215
2025-08-03;ITSS;????;100785;1;2;64;72;74;4;214
2025-08-03;ITSS;????;100821;1;4;74;69;63;8;214
2025-08-03;ITSS;????;101302;1;1;56;94;63;1;214
2025-08-03;ITSS;????;101401;1;2;65;59;80;10;214
2025-08-03;ITSS;????;101405;1;3;84;55;66;9;214
2025-08-03;ITSS;????;101422;1;4;58;95;61;0;214
2025-08-03;ITSS;????;101538;1;1;80;69;60;5;214
2025-08-03;ITSS;????;102021;1;2;58;61;86;9;214
2025-08-03;ITSS;????;102032;0;1;49;95;62;8;214
2025-08-03;ITSS;????;102102;1;3;90;71;53;0;214
2025-08-03;ITSS;????;102295;1;2;75;50;81;8;214
2025-08-03;ITSS;????;102329;1;1;99;56;57;2;214
2025-08-03;ITSS;????;102344;1;1;96;48;64;6;214
2025-08-03;ITSS;????;102351;0;4;58;57;90;9;214
2025-08-03;ITSS;????;100733;1;2;78;59;68;8;213
2025-08-03;ITSS;????;100864;1;2;64;85;59;5;213
2025-08-03;ITSS;????;101125;0;3;77;56;76;4;213
2025-08-03;ITSS;????;101160;1;3;64;56;85;8;213
2025-08-03;ITSS;????;101203;0;3;95;53;58;7;213
2025-08-03;ITSS;????;101261;0;1;71;47;90;5;213
2025-08-03;ITSS;????;101546;1;2;61;92;60;0;213
2025-08-03;ITSS;????;101564;1;1;56;71;84;2;213
2025-08-03;ITSS;????;102100;1;4;54;100;58;1;213
2025-08-03;ITSS;????;102230;1;4;93;59;56;5;213
2025-08-03;ITSS;????;102259;1;1;92;49;64;8;213
2025-08-03;ITSS;????;102320;0;3;79;55;77;2;213
2025-08-03;ITSS;????;100795;0;4;71;71;70;0;212
2025-08-03;ITSS;????;100954;1;3;73;62;67;10;212
2025-08-03;ITSS;????;100991;0;4;90;67;55;0;212
2025-08-03;ITSS;????;101002;0;2;60;58;86;8;212
2025-08-03;ITSS;????;101150;0;2;89;48;65;10;212
2025-08-03;ITSS;????;101165;1;4;54;79;70;9;212
2025-08-03;ITSS;????;101193;0;2;58;54;98;2;212
2025-08-03;ITSS;????;101378;1;2;57;81;65;9;212
2025-08-03;ITSS;????;101454;1;4;73;54;78;7;212
2025-08-03;ITSS;????;102246;1;1;51;64;87;10;212
2025-08-03;ITSS;????;100746;1;3;72;66;73;0;211
2025-08-03;ITSS;????;100751;1;2;78;68;61;4;211
2025-08-03;ITSS;????;101009;1;1;57;100;54;0;211
2025-08-03;ITSS;????;101311;0;3;66;76;64;5;211
2025-08-03;ITSS;????;101398;1;4;54;74;77;6;211
2025-08-03;ITSS;????;101453;1;2;61;69;81;0;211
2025-08-03;ITSS;????;101557;0;2;77;60;72;2;211
2025-08-03;ITSS;????;101565;1;3;56;97;54;4;211
2025-08-03;ITSS;????;100734;1;1;81;64;58;7;210
2025-08-03;ITSS;????;100816;0;4;49;100;58;3;210
2025-08-03;ITSS;????;100935;0;4;51;92;63;4;210
2025-08-03;ITSS;????;101178;1;2;59;62;89;0;210
2025-08-03;ITSS;????;101243;1;1;71;61;71;7;210
2025-08-03;ITSS;????;101304;1;3;73;59;76;2;210
2025-08-03;ITSS;????;101415;1;4;68;59;73;10;210
2025-08-03;ITSS;????;101430;0;3;57;61;91;1;210
2025-08-03;ITSS;????;101562;0;2;68;72;67;3;210
2025-08-03;ITSS;????;101990;1;3;56;80;65;9;210
2025-08-03;ITSS;????;102112;0;1;70;75;56;9;210
2025-08-03;ITSS;????;100743;0;1;48;99;56;6;209
2025-08-03;ITSS;????;100948;0;2;67;69;69;4;209
2025-08-03;ITSS;????;101277;1;4;60;75;70;4;209
2025-08-03;ITSS;????;101843;1;1;91;47;67;4;209
2025-08-03;ITSS;????;101988;1;4;94;60;48;7;209
2025-08-03;ITSS;????;102310;1;1;70;88;49;2;209
2025-08-03;ITSS;????;101439;1;4;54;96;56;2;208
2025-08-03;ITSS;????;102058;1;1;75;77;46;10;208
2025-08-03;ITSS;????;102114;1;4;66;73;69;0;208
2025-08-03;ITSS;????;102265;0;1;62;52;93;1;208
2025-08-03;ITSS;????;102323;0;3;53;54;96;5;208
2025-08-03;ITSS;????;100938;1;2;82;47;75;3;207
2025-08-03;ITSS;????;100949;1;1;78;80;46;3;207
2025-08-03;ITSS;????;101305;1;2;50;77;71;9;207
2025-08-03;ITSS;????;101371;1;2;72;53;80;2;207
2025-08-03;ITSS;????;101416;1;1;80;69;53;5;207
2025-08-03;ITSS;????;101417;0;2;86;67;54;0;207
2025-08-03;ITSS;????;102081;0;1;71;78;51;7;207
2025-08-03;ITSS;????;100830;0;3;82;66;54;4;206
2025-08-03;ITSS;????;101012;0;2;62;90;54;0;206
2025-08-03;ITSS;????;101028;1;1;53;100;52;1;206
2025-08-03;ITSS;????;101213;1;2;63;52;91;0;206
2025-08-03;ITSS;????;101215;1;1;86;48;70;2;206
2025-08-03;ITSS;????;101420;0;3;69;58;75;4;206
2025-08-03;ITSS;????;101579;1;3;77;75;52;2;206
2025-08-03;ITSS;????;102051;1;4;81;60;61;4;206
2025-08-03;ITSS;????;102053;0;2;100;56;47;3;206
2025-08-03;ITSS;????;102227;1;3;70;66;69;1;206
2025-08-03;ITSS;????;102333;0;3;55;77;66;8;206
2025-08-03;ITSS;????;101018;1;2;48;64;93;0;205
2025-08-03;ITSS;????;101837;1;3;66;69;64;6;205
2025-08-03;ITSS;????;102068;1;2;60;47;96;2;205
2025-08-03;ITSS;????;100862;0;2;50;65;81;8;204
2025-08-03;ITSS;????;100974;1;4;62;79;63;0;204
2025-08-03;ITSS;????;101025;1;1;99;47;49;9;204
2025-08-03;ITSS;????;101112;1;2;53;64;83;4;204
2025-08-03;ITSS;????;101273;0;3;59;59;76;10;204
2025-08-03;ITSS;????;102277;1;2;73;64;58;9;204
2025-08-03;ITSS;????;102278;0;2;61;54;88;1;204
2025-08-03;ITSS;????;100898;0;1;69;47;85;2;203
2025-08-03;ITSS;????;100915;0;1;61;69;68;5;203
2025-08-03;ITSS;????;101247;1;1;56;80;59;8;203
2025-08-03;ITSS;????;102299;1;4;77;58;65;3;203
2025-08-03;ITSS;????;102315;0;1;85;63;50;5;203
2025-08-03;ITSS;????;100817;1;2;82;59;58;3;202
2025-08-03;ITSS;????;101127;1;4;60;66;68;8;202
2025-08-03;ITSS;????;101216;1;4;85;48;64;5;202
2025-08-03;ITSS;????;101227;1;3;68;68;63;3;202
2025-08-03;ITSS;????;101350;1;1;90;49;60;3;202
2025-08-03;ITSS;????;101424;0;3;70;67;58;7;202
2025-08-03;ITSS;????;102083;1;4;58;84;59;1;202
2025-08-03;ITSS;????;102119;0;4;89;49;57;7;202
2025-08-03;ITSS;????;100847;1;1;84;46;64;7;201
2025-08-03;ITSS;????;100880;1;1;57;80;55;9;201
2025-08-03;ITSS;????;101574;0;1;54;72;72;3;201
2025-08-03;ITSS;????;102076;0;1;54;83;61;3;201
2025-08-03;ITSS;????;102101;0;2;68;53;72;8;201
2025-08-03;ITSS;????;100791;1;4;65;75;54;6;200
2025-08-03;ITSS;????;100815;1;1;87;51;60;2;200
2025-08-03;ITSS;????;100829;0;1;46;78;70;6;200
2025-08-03;ITSS;????;100996;1;2;83;58;59;0;200
2025-08-03;ITSS;????;101388;0;4;76;54;60;10;200
2025-08-03;ITSS;????;101548;1;3;47;95;51;7;200
2025-08-03;ITSS;????;102008;1;2;55;61;78;6;200
2025-08-03;ITSS;????;102097;1;1;52;94;49;5;200
2025-08-03;ITSS;????;100744;0;2;61;81;57;0;199
2025-08-03;ITSS;????;101126;1;2;67;62;65;5;199
2025-08-03;ITSS;????;101136;0;3;71;63;58;7;199
2025-08-03;ITSS;????;102355;0;2;51;49;98;1;199
2025-08-03;ITSS;????;100823;1;1;71;72;50;5;198
2025-08-03;ITSS;????;101114;1;2;76;69;47;6;198
2025-08-03;ITSS;????;101159;1;1;70;71;47;10;198
2025-08-03;ITSS;????;101283;0;1;52;77;64;5;198
2025-08-03;ITSS;????;101336;0;3;54;77;57;10;198
2025-08-03;ITSS;????;101840;0;4;56;69;72;1;198
2025-08-03;ITSS;????;102039;0;1;84;46;63;5;198
2025-08-03;ITSS;????;102079;1;1;59;79;60;0;198
2025-08-03;ITSS;????;102327;1;4;76;51;69;2;198
2025-08-03;ITSS;????;100837;1;4;50;82;57;8;197
2025-08-03;ITSS;????;100860;1;2;58;53;84;2;197
2025-08-03;ITSS;????;100992;1;3;60;73;58;6;197
2025-08-03;ITSS;????;101033;1;2;57;77;54;9;197
2025-08-03;ITSS;????;101200;1;1;81;47;63;6;197
2025-08-03;ITSS;????;101236;0;2;80;52;64;1;197
2025-08-03;ITSS;????;102348;1;1;58;81;54;4;197
2025-08-03;ITSS;????;100891;1;1;53;66;76;1;196
2025-08-03;ITSS;????;100994;1;1;54;70;69;3;196
2025-08-03;ITSS;????;101251;1;1;52;83;59;2;196
2025-08-03;ITSS;????;101426;1;3;58;56;75;7;196
2025-08-03;ITSS;????;100780;1;2;69;48;75;3;195
2025-08-03;ITSS;????;101256;1;1;47;67;73;8;195
2025-08-03;ITSS;????;100869;1;2;59;62;71;2;194
2025-08-03;ITSS;????;100923;1;4;78;56;54;6;194
2025-08-03;ITSS;????;101034;1;2;57;49;81;7;194
2025-08-03;ITSS;????;101208;1;2;57;62;69;6;194
2025-08-03;ITSS;????;101237;1;4;91;49;49;5;194
2025-08-03;ITSS;????;100834;1;4;56;47;86;4;193
2025-08-03;ITSS;????;100914;0;2;56;69;59;9;193
2025-08-03;ITSS;????;101992;1;1;63;69;61;0;193
2025-08-03;ITSS;????;102120;1;1;52;49;84;8;193
2025-08-03;ITSS;????;102285;1;4;80;58;51;4;193
2025-08-03;ITSS;????;100828;0;1;56;58;78;0;192
2025-08-03;ITSS;????;100868;0;2;52;78;59;3;192
2025-08-03;ITSS;????;100936;0;2;57;48;86;1;192
2025-08-03;ITSS;????;101298;1;3;59;54;70;9;192
2025-08-03;ITSS;????;101994;0;2;65;65;54;8;192
2025-08-03;ITSS;????;101259;0;1;61;50;71;9;191
2025-08-03;ITSS;????;101290;1;2;49;80;59;3;191
2025-08-03;ITSS;????;101320;1;1;53;75;54;9;191
2025-08-03;ITSS;????;102235;1;2;76;47;58;10;191
2025-08-03;ITSS;????;102324;1;2;74;50;58;9;191
2025-08-03;ITSS;????;100964;1;2;54;73;55;8;190
2025-08-03;ITSS;????;100985;1;4;62;66;52;10;190
2025-08-03;ITSS;????;101537;0;4;63;54;70;3;190
2025-08-03;ITSS;????;101339;1;1;52;58;72;7;189
2025-08-03;ITSS;????;102118;0;2;61;66;58;4;189
2025-08-03;ITSS;????;102304;1;1;58;74;50;7;189
2025-08-03;ITSS;????;100755;1;4;69;47;62;10;188
2025-08-03;ITSS;????;100758;0;4;68;55;57;8;188
2025-08-03;ITSS;????;100839;0;1;86;46;51;5;188
2025-08-03;ITSS;????;100934;0;1;69;65;49;5;188
2025-08-03;ITSS;????;101559;1;2;54;65;69;0;188
2025-08-03;ITSS;????;101585;1;1;71;49;68;0;188
2025-08-03;ITSS;????;101829;1;2;48;82;50;8;188
2025-08-03;ITSS;????;102002;1;1;58;53;71;6;188
2025-08-03;ITSS;????;102245;1;3;61;54;73;0;188
2025-08-03;ITSS;????;102280;1;2;59;71;57;1;188
2025-08-03;ITSS;????;100924;1;2;74;60;52;1;187
2025-08-03;ITSS;????;100995;0;4;83;48;47;9;187
2025-08-03;ITSS;????;101270;0;3;66;58;59;4;187
2025-08-03;ITSS;????;101861;1;3;58;61;58;10;187
2025-08-03;ITSS;????;102234;1;2;49;54;84;0;187
2025-08-03;ITSS;????;100960;1;1;58;59;67;1;185
2025-08-03;ITSS;????;102242;1;1;46;89;47;3;185
2025-08-03;ITSS;????;102264;0;2;53;50;79;3;185
2025-08-03;ITSS;????;102342;1;2;51;66;63;5;185
2025-08-03;ITSS;????;100739;1;2;60;59;55;10;184
2025-08-03;ITSS;????;100775;1;1;58;70;52;4;184
2025-08-03;ITSS;????;101240;1;1;82;51;50;1;184
2025-08-03;ITSS;????;102111;1;2;71;54;59;0;184
2025-08-03;ITSS;????;102328;1;2;60;58;63;3;184
2025-08-03;ITSS;????;100740;1;4;49;59;67;8;183
2025-08-03;ITSS;????;101005;0;3;73;51;52;7;183
2025-08-03;ITSS;????;101377;1;2;53;52;71;7;183
2025-08-03;ITSS;????;101445;1;2;68;48;62;5;183
2025-08-03;ITSS;????;100838;1;2;70;56;48;8;182
2025-08-03;ITSS;????;101175;1;2;65;63;51;3;182
2025-08-03;ITSS;????;101220;1;4;78;48;51;5;182
2025-08-03;ITSS;????;100941;1;2;50;54;68;9;181
2025-08-03;ITSS;????;101541;1;2;51;69;60;1;181
2025-08-03;ITSS;????;101846;0;1;50;53;77;1;181
2025-08-03;ITSS;????;101863;0;4;56;58;63;4;181
2025-08-03;ITSS;????;102250;1;2;48;63;61;9;181
2025-08-03;ITSS;????;102294;0;2;62;64;53;2;181
2025-08-03;ITSS;????;100987;0;2;52;70;48;10;180
2025-08-03;ITSS;????;101000;1;4;64;58;57;1;180
2025-08-03;ITSS;????;100975;1;4;61;49;68;1;179
2025-08-03;ITSS;????;101329;0;1;47;66;57;9;179
2025-08-03;ITSS;????;101400;0;3;59;54;57;8;178
2025-08-03;ITSS;????;101411;1;1;60;61;47;10;178
2025-08-03;ITSS;????;100766;0;2;50;59;61;7;177
2025-08-03;ITSS;????;101288;1;3;57;53;59;8;177
2025-08-03;ITSS;????;101153;1;4;57;56;56;7;176
2025-08-03;ITSS;????;101370;0;2;54;64;48;9;175
2025-08-03;ITSS;????;102109;1;2;64;57;52;1;174
2025-08-03;ITSS;????;102313;0;4;57;60;47;10;174
2025-08-03;ITSS;????;101342;1;1;48;55;65;5;173
2025-08-03;ITSS;????;102087;1;2;68;50;55;0;173
2025-08-03;ITSS;????;101830;0;4;47;47;73;3;170
2025-08-03;ITSS;????;101404;1;1;61;49;48;10;168
2025-08-03;ITSS;????;100895;1;4;66;52;49;0;167
2025-08-03;ITSS;????;100916;0;1;52;65;46;0;163
2025-08-03;ITSS;????;101042;0;1;46;50;57;10;163
2025-08-03;ITSS;????;100799;1;2;49;48;59;5;161
2025-08-03;ITSS;????;101369;0;1;47;57;49;6;159
2025-08-03;ITSS;????;100849;1;2;48;53;48;9;158
2025-08-03;ITSS;????;101222;1;1;50;52;48;8;158
2025-08-03;IB;??;101974;1;4;100;98;100;9;307
2025-08-03;IB;??;101155;1;3;100;100;100;5;305
2025-08-03;IB;??;101412;1;2;100;100;99;5;304
2025-08-03;IB;??;101429;1;2;100;100;100;4;304
2025-08-03;IB;??;101897;1;2;100;100;95;9;304
2025-08-03;IB;??;102238;1;2;100;100;97;6;303
2025-08-03;IB;??;101413;1;4;100;100;100;2;302
2025-08-03;IB;??;101050;0;4;98;100;100;3;301
2025-08-03;IB;??;101137;1;4;100;100;97;4;301
2025-08-03;IB;??;100736;0;4;91;100;100;9;300
2025-08-03;IB;??;101269;1;4;100;100;100;0;300
2025-08-03;IB;??;101274;0;4;100;100;95;5;300
2025-08-03;IB;??;101330;0;3;100;100;100;0;300
2025-08-03;IB;??;101403;1;1;99;97;100;2;298
2025-08-03;IB;??;101257;1;2;100;91;100;4;295
2025-08-03;IB;??;101393;0;4;87;100;100;8;295
2025-08-03;IB;??;101450;0;4;100;100;91;4;295
2025-08-03;IB;??;102306;0;2;100;100;93;2;295
2025-08-03;IB;??;101383;1;3;98;100;94;2;294
2025-08-03;IB;??;101428;0;4;92;100;95;7;294
2025-08-03;IB;??;101593;0;4;100;90;100;4;294
2025-08-03;IB;??;101448;1;1;92;98;100;2;292
2025-08-03;IB;??;101606;1;4;100;100;82;10;292
2025-08-03;IB;??;102181;1;2;84;100;100;8;292
2025-08-03;IB;??;102193;0;4;100;85;98;9;292
2025-08-03;IB;??;102225;1;1;100;84;100;8;292
2025-08-03;IB;??;102261;0;2;100;100;90;2;292
2025-08-03;IB;??;102273;0;4;95;87;100;10;292
2025-08-03;IB;??;100731;1;2;89;97;100;5;291
2025-08-03;IB;??;101083;0;1;98;95;91;7;291
2025-08-03;IB;??;101363;1;3;88;98;100;5;291
2025-08-03;IB;??;102325;0;2;100;96;90;5;291
2025-08-03;IB;??;101321;1;3;100;97;92;1;290
2025-08-03;IB;??;101932;0;3;91;93;100;6;290
2025-08-03;IB;??;101066;1;3;87;100;100;2;289
2025-08-03;IB;??;101129;0;3;98;100;90;1;289
2025-08-03;IB;??;101219;1;3;100;80;100;9;289
2025-08-03;IB;??;102152;1;4;100;87;98;4;289
2025-08-03;IB;??;101135;0;3;91;92;100;5;288
2025-08-03;IB;??;101332;0;1;100;88;95;5;288
2025-08-03;IB;??;101375;1;4;93;100;89;6;288
2025-08-03;IB;??;102311;1;4;93;96;98;1;288
2025-08-03;IB;??;102330;1;3;87;98;95;8;288
2025-08-03;IB;??;101171;0;4;100;80;99;8;287
2025-08-03;IB;??;101205;1;3;100;100;81;6;287
2025-08-03;IB;??;101364;0;4;96;100;87;4;287
2025-08-03;IB;??;101366;1;4;98;97;82;10;287
2025-08-03;IB;??;101910;1;4;92;93;95;7;287
2025-08-03;IB;??;102258;0;1;100;100;77;10;287
2025-08-03;IB;??;101958;1;4;84;100;97;5;286
2025-08-03;IB;??;102165;0;2;100;84;100;2;286
2025-08-03;IB;??;101144;1;4;88;92;95;10;285
2025-08-03;IB;??;102334;0;4;95;100;86;4;285
2025-08-03;IB;??;102231;1;4;100;100;74;10;284
2025-08-03;IB;??;102283;1;3;100;78;100;6;284
2025-08-03;IB;??;101111;1;3;96;100;85;2;283
2025-08-03;IB;??;101170;1;4;100;91;85;7;283
2025-08-03;IB;??;101938;1;3;100;100;78;5;283
2025-08-03;IB;??;101141;0;2;87;100;88;7;282
2025-08-03;IB;??;101254;0;2;94;79;100;9;282
2025-08-03;IB;??;101300;1;4;100;73;100;9;282
2025-08-03;IB;??;101310;1;2;90;100;82;9;281
2025-08-03;IB;??;101335;0;4;100;91;83;7;281
2025-08-03;IB;??;101386;1;4;87;84;100;10;281
2025-08-03;IB;??;102188;0;1;85;88;100;8;281
2025-08-03;IB;??;102248;1;4;99;88;84;10;281
2025-08-03;IB;??;101206;1;4;97;94;89;0;280
2025-08-03;IB;??;101431;1;3;82;92;100;6;280
2025-08-03;IB;??;101939;1;2;73;100;100;7;280
2025-08-03;IB;??;102161;1;4;89;94;92;5;280
2025-08-03;IB;??;101162;0;2;100;96;81;2;279
2025-08-03;IB;??;101344;1;2;96;99;83;1;279
2025-08-03;IB;??;101390;0;3;81;92;100;6;279
2025-08-03;IB;??;101074;1;2;77;100;100;1;278
2025-08-03;IB;??;101100;0;1;92;87;91;8;278
2025-08-03;IB;??;101379;1;2;100;86;83;9;278
2025-08-03;IB;??;102134;0;4;89;88;95;6;278
2025-08-03;IB;??;102168;1;4;100;97;80;1;278
2025-08-03;IB;??;102339;0;3;81;97;100;0;278
2025-08-03;IB;??;101053;1;4;100;72;100;5;277
2025-08-03;IB;??;101293;0;4;100;70;100;7;277
2025-08-03;IB;??;101308;1;3;90;86;99;2;277
2025-08-03;IB;??;101312;1;2;100;96;77;4;277
2025-08-03;IB;??;101433;1;4;76;100;100;1;277
2025-08-03;IB;??;102202;0;3;100;100;67;10;277
2025-08-03;IB;??;102270;1;4;98;78;98;3;277
2025-08-03;IB;??;101132;1;4;98;68;100;10;276
2025-08-03;IB;??;101189;0;3;77;100;92;7;276
2025-08-03;IB;??;101280;1;4;99;77;100;0;276
2025-08-03;IB;??;101325;1;3;100;74;100;2;276
2025-08-03;IB;??;101890;0;4;100;91;80;5;276
2025-08-03;IB;??;102297;0;4;94;85;93;4;276
2025-08-03;IB;??;101093;1;1;99;100;76;0;275
2025-08-03;IB;??;101199;0;4;82;100;87;6;275
2025-08-03;IB;??;101230;1;4;99;100;69;7;275
2025-08-03;IB;??;101396;1;1;100;68;98;9;275
2025-08-03;IB;??;101940;0;4;80;97;96;2;275
2025-08-03;IB;??;101345;1;4;65;100;100;9;274
2025-08-03;IB;??;102340;1;1;81;90;96;7;274
2025-08-03;IB;??;101188;1;2;97;100;76;0;273
2025-08-03;IB;??;101255;0;4;100;99;69;5;273
2025-08-03;IB;??;102269;1;4;79;90;100;4;273
2025-08-03;IB;??;101102;1;2;82;80;100;10;272
2025-08-03;IB;??;101238;1;2;99;100;64;9;272
2025-08-03;IB;??;101349;1;1;78;92;93;9;272
2025-08-03;IB;??;101402;0;4;100;85;86;1;272
2025-08-03;IB;??;101945;0;3;100;70;100;2;272
2025-08-03;IB;??;102308;1;1;72;93;98;9;272
2025-08-03;IB;??;101623;0;3;98;100;67;6;271
2025-08-03;IB;??;101902;1;1;80;90;92;9;271
2025-08-03;IB;??;101911;1;2;76;100;94;1;271
2025-08-03;IB;??;102221;0;4;86;100;77;8;271
2025-08-03;IB;??;102291;0;1;90;93;79;9;271
2025-08-03;IB;??;101177;1;3;95;70;100;5;270
2025-08-03;IB;??;101181;1;3;100;63;98;9;270
2025-08-03;IB;??;101267;1;3;100;100;65;5;270
2025-08-03;IB;??;101410;0;4;96;98;73;3;270
2025-08-03;IB;??;101963;0;4;94;90;78;8;270
2025-08-03;IB;??;101128;1;3;71;100;95;3;269
2025-08-03;IB;??;101151;1;2;93;69;100;7;269
2025-08-03;IB;??;101447;0;4;100;66;100;3;269
2025-08-03;IB;??;101607;0;3;85;82;93;9;269
2025-08-03;IB;??;102210;1;4;100;97;70;2;269
2025-08-03;IB;??;102300;0;2;81;86;100;2;269
2025-08-03;IB;??;100730;1;2;100;86;80;2;268
2025-08-03;IB;??;102198;1;4;100;93;69;6;268
2025-08-03;IB;??;102199;1;3;100;99;67;2;268
2025-08-03;IB;??;101072;1;4;63;100;100;4;267
2025-08-03;IB;??;101204;1;2;85;86;96;0;267
2025-08-03;IB;??;101446;0;2;71;87;100;9;267
2025-08-03;IB;??;102302;1;3;92;99;73;3;267
2025-08-03;IB;??;102232;0;3;77;93;87;9;266
2025-08-03;IB;??;102293;1;3;64;100;100;2;266
2025-08-03;IB;??;101056;1;2;86;83;89;7;265
2025-08-03;IB;??;101180;1;4;98;100;66;1;265
2025-08-03;IB;??;101207;1;4;59;100;100;6;265
2025-08-03;IB;??;101246;1;4;79;89;87;10;265
2025-08-03;IB;??;101394;1;4;58;97;100;10;265
2025-08-03;IB;??;101425;1;3;95;60;100;10;265
2025-08-03;IB;??;101900;1;4;88;100;73;4;265
2025-08-03;IB;??;101943;1;1;86;87;87;5;265
2025-08-03;IB;??;102157;1;4;80;94;86;5;265
2025-08-03;IB;??;102331;1;4;95;89;77;4;265
2025-08-03;IB;??;101190;1;1;91;100;68;5;264
2025-08-03;IB;??;101229;0;1;90;80;89;5;264
2025-08-03;IB;??;101245;1;4;75;83;100;6;264
2025-08-03;IB;??;101289;1;3;100;100;61;3;264
2025-08-03;IB;??;101437;0;2;88;92;79;5;264
2025-08-03;IB;??;102346;0;3;83;75;100;6;264
2025-08-03;IB;??;101306;0;2;91;70;100;2;263
2025-08-03;IB;??;101359;1;3;100;79;76;8;263
2025-08-03;IB;??;101589;1;2;95;77;90;1;263
2025-08-03;IB;??;101590;1;2;92;92;78;1;263
2025-08-03;IB;??;101878;0;4;90;66;97;10;263
2025-08-03;IB;??;101968;0;4;100;98;57;8;263
2025-08-03;IB;??;101970;1;2;94;100;69;0;263
2025-08-03;IB;??;102135;1;4;100;69;91;3;263
2025-08-03;IB;??;102182;0;2;90;98;74;1;263
2025-08-03;IB;??;102268;0;4;100;82;77;4;263
2025-08-03;IB;??;101078;1;4;98;75;87;2;262
2025-08-03;IB;??;101152;0;3;75;77;100;10;262
2025-08-03;IB;??;101296;1;1;83;98;72;9;262
2025-08-03;IB;??;101596;1;4;99;92;64;7;262
2025-08-03;IB;??;101930;1;4;93;64;100;5;262
2025-08-03;IB;??;101096;1;4;100;98;55;8;261
2025-08-03;IB;??;101191;1;4;87;100;64;10;261
2025-08-03;IB;??;101318;0;2;65;100;91;5;261
2025-08-03;IB;??;101587;1;4;100;98;63;0;261
2025-08-03;IB;??;101609;1;4;88;97;74;2;261
2025-08-03;IB;??;102130;1;1;88;73;90;10;261
2025-08-03;IB;??;102156;0;2;100;81;71;9;261
2025-08-03;IB;??;102321;0;4;96;84;80;1;261
2025-08-03;IB;??;102353;0;2;70;97;84;10;261
2025-08-03;IB;??;101164;1;4;88;81;90;1;260
2025-08-03;IB;??;101373;1;1;93;78;81;8;260
2025-08-03;IB;??;101955;1;4;76;76;100;8;260
2025-08-03;IB;??;102220;0;1;69;97;84;10;260
2025-08-03;IB;??;102260;0;4;70;94;87;9;260
2025-08-03;IB;??;102271;1;1;88;87;81;4;260
2025-08-03;IB;??;100728;1;4;87;72;100;0;259
2025-08-03;IB;??;101234;1;4;100;74;78;7;259
2025-08-03;IB;??;101287;1;2;92;73;85;9;259
2025-08-03;IB;??;101294;0;1;90;80;89;0;259
2025-08-03;IB;??;101392;1;4;97;68;87;7;259
2025-08-03;IB;??;101908;1;4;93;92;69;5;259
2025-08-03;IB;??;102239;0;2;60;94;95;10;259
2025-08-03;IB;??;101081;1;3;88;70;100;0;258
2025-08-03;IB;??;101172;0;1;85;85;81;7;258
2025-08-03;IB;??;101340;0;2;81;100;71;6;258
2025-08-03;IB;??;101347;1;1;76;100;81;1;258
2025-08-03;IB;??;101362;0;4;60;93;95;10;258
2025-08-03;IB;??;101367;1;4;82;100;71;5;258
2025-08-03;IB;??;102140;1;1;100;56;93;9;258
2025-08-03;IB;??;101278;1;4;82;77;94;4;257
2025-08-03;IB;??;101419;0;2;85;86;77;9;257
2025-08-03;IB;??;102167;1;1;70;99;81;7;257
2025-08-03;IB;??;101122;1;2;96;63;95;2;256
2025-08-03;IB;??;101169;0;1;57;95;94;10;256
2025-08-03;IB;??;101221;1;3;77;74;95;10;256
2025-08-03;IB;??;101262;1;1;90;63;94;9;256
2025-08-03;IB;??;101331;1;2;93;100;56;7;256
2025-08-03;IB;??;101376;0;3;62;95;89;10;256
2025-08-03;IB;??;101942;1;1;93;63;99;1;256
2025-08-03;IB;??;101975;1;1;91;96;64;5;256
2025-08-03;IB;??;102307;1;4;59;100;93;4;256
2025-08-03;IB;??;101157;0;3;98;55;100;2;255
2025-08-03;IB;??;101197;1;3;89;62;100;4;255
2025-08-03;IB;??;101223;0;4;92;59;100;4;255
2025-08-03;IB;??;101258;0;4;64;95;93;3;255
2025-08-03;IB;??;101316;0;4;90;71;87;7;255
2025-08-03;IB;??;101399;1;1;90;65;93;7;255
2025-08-03;IB;??;101423;1;2;61;100;85;9;255
2025-08-03;IB;??;101608;1;4;95;93;62;5;255
2025-08-03;IB;??;101626;1;4;100;64;87;4;255
2025-08-03;IB;??;101877;0;3;82;100;72;1;255
2025-08-03;IB;??;101884;1;2;87;94;65;9;255
2025-08-03;IB;??;101922;1;1;81;87;84;3;255
2025-08-03;IB;??;102229;0;4;97;92;63;3;255
2025-08-03;IB;??;102341;1;4;69;83;100;3;255
2025-08-03;IB;??;101110;0;1;65;95;86;8;254
2025-08-03;IB;??;101158;0;4;85;92;75;2;254
2025-08-03;IB;??;101250;1;1;97;86;68;3;254
2025-08-03;IB;??;101285;1;3;47;100;100;7;254
2025-08-03;IB;??;101337;1;4;89;81;82;2;254
2025-08-03;IB;??;101435;1;4;100;89;64;1;254
2025-08-03;IB;??;101893;1;4;88;68;98;0;254
2025-08-03;IB;??;101951;1;4;75;73;100;6;254
2025-08-03;IB;??;101957;0;1;77;78;96;3;254
2025-08-03;IB;??;102141;1;1;99;75;77;3;254
2025-08-03;IB;??;102208;1;1;95;100;53;6;254
2025-08-03;IB;??;102284;1;3;91;98;59;6;254
2025-08-03;IB;??;102326;1;3;83;88;77;6;254
2025-08-03;IB;??;101068;1;4;61;99;84;9;253
2025-08-03;IB;??;101079;0;1;90;98;63;2;253
2025-08-03;IB;??;101131;1;2;100;86;64;3;253
2025-08-03;IB;??;101176;0;4;100;81;71;1;253
2025-08-03;IB;??;101334;1;4;82;97;66;8;253
2025-08-03;IB;??;101892;1;2;95;70;82;6;253
2025-08-03;IB;??;102178;1;2;60;89;99;5;253
2025-08-03;IB;??;102267;0;2;66;86;100;1;253
2025-08-03;IB;??;101047;0;4;90;70;92;0;252
2025-08-03;IB;??;101183;1;1;89;91;66;6;252
2025-08-03;IB;??;101184;1;2;76;100;70;6;252
2025-08-03;IB;??;102143;1;1;100;66;80;6;252
2025-08-03;IB;??;102160;1;2;94;93;57;8;252
2025-08-03;IB;??;102162;1;4;100;62;81;9;252
2025-08-03;IB;??;101077;1;2;86;72;90;3;251
2025-08-03;IB;??;101106;1;4;58;88;100;5;251
2025-08-03;IB;??;101115;1;3;100;93;56;2;251
2025-08-03;IB;??;101248;1;3;71;100;71;9;251
2025-08-03;IB;??;101271;1;1;100;63;88;0;251
2025-08-03;IB;??;101353;1;1;89;80;82;0;251
2025-08-03;IB;??;102218;0;1;52;98;99;2;251
2025-08-03;IB;??;102247;0;2;93;58;100;0;251
2025-08-03;IB;??;102262;1;3;100;89;56;6;251
2025-08-03;IB;??;102317;1;3;88;100;59;4;251
2025-08-03;IB;??;101105;0;3;100;78;62;10;250
2025-08-03;IB;??;101140;1;3;74;77;94;5;250
2025-08-03;IB;??;101146;1;3;81;69;100;0;250
2025-08-03;IB;??;101214;0;4;100;71;71;8;250
2025-08-03;IB;??;101218;0;4;80;94;70;6;250
2025-08-03;IB;??;101315;0;2;78;70;98;4;250
2025-08-03;IB;??;101372;1;4;58;88;96;8;250
2025-08-03;IB;??;101384;0;2;100;63;85;2;250
2025-08-03;IB;??;101595;1;2;71;96;74;9;250
2025-08-03;IB;??;101894;0;4;81;100;63;6;250
2025-08-03;IB;??;102158;1;4;100;57;93;0;250
2025-08-03;IB;??;102274;1;4;93;79;74;4;250
2025-08-03;IB;??;101067;1;1;98;93;58;0;249
2025-08-03;IB;??;101086;0;3;90;84;74;1;249
2025-08-03;IB;??;101225;1;2;90;76;81;2;249
2025-08-03;IB;??;101231;0;4;73;81;85;10;249
2025-08-03;IB;??;101244;0;2;85;67;89;8;249
2025-08-03;IB;??;101268;1;3;68;100;71;10;249
2025-08-03;IB;??;101314;1;2;95;71;74;9;249
2025-08-03;IB;??;101341;1;2;93;59;97;0;249
2025-08-03;IB;??;101357;1;1;100;93;51;5;249
2025-08-03;IB;??;101361;0;1;85;56;98;10;249
2025-08-03;IB;??;101610;1;1;89;63;94;3;249
2025-08-03;IB;??;101916;0;1;63;92;90;4;249
2025-08-03;IB;??;102195;1;1;100;97;49;3;249
2025-08-03;IB;??;102288;1;2;100;91;55;3;249
2025-08-03;IB;??;101133;1;3;88;60;93;7;248
2025-08-03;IB;??;101139;1;4;76;100;68;4;248
2025-08-03;IB;??;101143;1;4;100;71;69;8;248
2025-08-03;IB;??;101179;1;2;55;83;100;10;248
2025-08-03;IB;??;101212;1;1;90;51;100;7;248
2025-08-03;IB;??;101326;1;2;84;100;55;9;248
2025-08-03;IB;??;101328;0;2;55;97;91;5;248
2025-08-03;IB;??;101346;1;3;91;52;98;7;248
2025-08-03;IB;??;101621;1;3;57;92;96;3;248
2025-08-03;IB;??;102281;0;3;97;59;90;2;248
2025-08-03;IB;??;102305;0;4;78;63;97;10;248
2025-08-03;IB;??;102335;1;4;59;98;91;0;248
2025-08-03;IB;??;101076;0;1;83;83;71;10;247
2025-08-03;IB;??;101121;1;4;62;100;78;7;247
2025-08-03;IB;??;101232;0;3;91;59;91;6;247
2025-08-03;IB;??;101264;1;1;85;69;85;8;247
2025-08-03;IB;??;101307;0;4;59;80;100;8;247
2025-08-03;IB;??;101886;1;2;96;47;100;4;247
2025-08-03;IB;??;101947;1;4;59;94;93;1;247
2025-08-03;IB;??;101976;0;1;58;91;95;3;247
2025-08-03;IB;??;102151;0;3;60;87;92;8;247
2025-08-03;IB;??;102173;1;3;82;81;74;10;247
2025-08-03;IB;??;102176;1;4;57;100;85;5;247
2025-08-03;IB;??;102233;0;1;94;86;62;5;247
2025-08-03;IB;??;102243;1;1;57;98;90;2;247
2025-08-03;IB;??;102249;1;1;93;75;79;0;247
2025-08-03;IB;??;101073;1;2;100;64;78;4;246
2025-08-03;IB;??;101252;1;3;100;80;64;2;246
2025-08-03;IB;??;101323;1;3;76;89;76;5;246
2025-08-03;IB;??;101389;0;2;96;82;59;9;246
2025-08-03;IB;??;101407;1;4;100;55;82;9;246
2025-08-03;IB;??;101611;1;4;92;88;66;0;246
2025-08-03;IB;??;101880;1;3;55;85;100;6;246
2025-08-03;IB;??;101903;0;2;69;95;75;7;246
2025-08-03;IB;??;102149;0;3;63;100;77;6;246
2025-08-03;IB;??;102194;1;1;72;96;70;8;246
2025-08-03;IB;??;102209;1;3;100;54;86;6;246
2025-08-03;IB;??;102222;1;2;50;89;98;9;246
2025-08-03;IB;??;101059;0;2;79;67;98;1;245
2025-08-03;IB;??;101173;1;4;70;78;93;4;245
2025-08-03;IB;??;101249;1;3;67;88;83;7;245
2025-08-03;IB;??;101265;0;1;73;90;79;3;245
2025-08-03;IB;??;101409;1;3;74;71;94;6;245
2025-08-03;IB;??;101436;1;2;65;88;86;6;245
2025-08-03;IB;??;101455;1;4;75;97;73;0;245
2025-08-03;IB;??;102206;1;4;60;81;95;9;245
2025-08-03;IB;??;102215;1;1;71;93;76;5;245
2025-08-03;IB;??;102217;1;2;100;63;75;7;245
2025-08-03;IB;??;102275;1;4;81;82;75;7;245
2025-08-03;IB;??;102316;0;1;99;53;86;7;245
2025-08-03;IB;??;102322;0;1;90;82;73;0;245
2025-08-03;IB;??;101284;0;2;63;95;76;10;244
2025-08-03;IB;??;101295;1;1;75;91;71;7;244
2025-08-03;IB;??;101317;0;2;62;88;87;7;244
2025-08-03;IB;??;101319;1;4;68;100;71;5;244
2025-08-03;IB;??;101338;1;2;83;82;78;1;244
2025-08-03;IB;??;101381;1;1;91;48;100;5;244
2025-08-03;IB;??;102350;0;4;97;55;88;4;244
2025-08-03;IB;??;101327;1;1;82;100;58;3;243
2025-08-03;IB;??;101449;1;2;61;98;80;4;243
2025-08-03;IB;??;101452;1;2;77;70;89;7;243
2025-08-03;IB;??;101885;1;4;73;78;86;6;243
2025-08-03;IB;??;101972;0;3;70;71;100;2;243
2025-08-03;IB;??;102131;1;1;82;72;80;9;243
2025-08-03;IB;??;102349;0;3;61;100;75;7;243
2025-08-03;IB;??;101055;1;1;89;62;91;0;242
2025-08-03;IB;??;101120;1;3;81;75;83;3;242
2025-08-03;IB;??;101134;0;3;93;82;58;9;242
2025-08-03;IB;??;101228;0;1;67;70;100;5;242
2025-08-03;IB;??;101406;1;2;73;62;97;10;242
2025-08-03;IB;??;101591;1;4;60;78;100;4;242
2025-08-03;IB;??;101935;1;4;86;69;80;7;242
2025-08-03;IB;??;101094;1;1;78;63;95;5;241
2025-08-03;IB;??;101095;1;1;77;67;93;4;241
2025-08-03;IB;??;101107;0;4;66;98;72;5;241
2025-08-03;IB;??;101117;0;4;63;89;89;0;241
2025-08-03;IB;??;101147;1;1;71;71;95;4;241
2025-08-03;IB;??;101313;1;2;52;80;100;9;241
2025-08-03;IB;??;101414;1;2;68;87;78;8;241
2025-08-03;IB;??;101434;1;1;84;79;72;6;241
2025-08-03;IB;??;101440;1;2;82;69;88;2;241
2025-08-03;IB;??;102236;1;3;57;100;77;7;241
2025-08-03;IB;??;101057;0;1;85;72;80;3;240
2025-08-03;IB;??;101116;0;1;65;72;100;3;240
2025-08-03;IB;??;101253;1;1;56;100;80;4;240
2025-08-03;IB;??;101266;1;1;60;87;85;8;240
2025-08-03;IB;??;101348;1;4;80;59;92;9;240
2025-08-03;IB;??;101380;1;4;82;88;70;0;240
2025-08-03;IB;??;101451;1;1;60;88;91;1;240
2025-08-03;IB;??;101456;0;2;62;99;75;4;240
2025-08-03;IB;??;101898;0;2;87;53;93;7;240
2025-08-03;IB;??;102136;0;3;84;79;71;6;240
2025-08-03;IB;??;101092;0;4;65;70;94;10;239
2025-08-03;IB;??;101108;1;2;49;95;92;3;239
2025-08-03;IB;??;101138;1;4;57;77;100;5;239
2025-08-03;IB;??;101198;1;4;74;80;81;4;239
2025-08-03;IB;??;101602;1;1;86;87;63;3;239
2025-08-03;IB;??;101604;1;1;73;66;95;5;239
2025-08-03;IB;??;101925;1;1;96;76;57;10;239
2025-08-03;IB;??;101931;1;4;52;98;79;10;239
2025-08-03;IB;??;102133;1;3;81;87;66;5;239
2025-08-03;IB;??;102254;0;4;87;80;64;8;239
2025-08-03;IB;??;102356;1;3;77;97;55;10;239
2025-08-03;IB;??;101279;0;1;76;65;93;4;238
2025-08-03;IB;??;101281;0;1;97;71;64;6;238
2025-08-03;IB;??;101351;1;3;88;57;89;4;238
2025-08-03;IB;??;101444;0;2;92;67;69;10;238
2025-08-03;IB;??;101926;1;1;100;69;65;4;238
2025-08-03;IB;??;101937;0;3;91;62;82;3;238
2025-08-03;IB;??;102185;1;4;55;89;85;9;238
2025-08-03;IB;??;102186;0;2;76;100;60;2;238
2025-08-03;IB;??;102191;1;2;95;63;79;1;238
2025-08-03;IB;??;100741;1;2;83;65;79;10;237
2025-08-03;IB;??;101062;1;2;67;68;93;9;237
2025-08-03;IB;??;101091;0;4;84;67;76;10;237
2025-08-03;IB;??;101154;1;4;81;50;96;10;237
2025-08-03;IB;??;101239;1;1;89;75;69;4;237
2025-08-03;IB;??;101299;1;1;74;66;97;0;237
2025-08-03;IB;??;101343;0;2;85;65;80;7;237
2025-08-03;IB;??;101919;1;3;55;100;75;7;237
2025-08-03;IB;??;102138;1;1;100;47;84;6;237
2025-08-03;IB;??;102139;1;2;84;65;84;4;237
2025-08-03;IB;??;102171;1;4;100;55;72;10;237
2025-08-03;IB;??;101098;1;4;52;78;99;7;236
2025-08-03;IB;??;101142;1;1;59;76;92;9;236
2025-08-03;IB;??;101163;0;3;82;78;66;10;236
2025-08-03;IB;??;101233;1;3;79;65;84;8;236
2025-08-03;IB;??;101301;0;4;65;87;74;10;236
2025-08-03;IB;??;101387;1;3;62;95;79;0;236
2025-08-03;IB;??;101408;1;3;72;88;75;1;236
2025-08-03;IB;??;101600;1;4;58;84;91;3;236
2025-08-03;IB;??;102337;1;4;48;94;87;7;236
2025-08-03;IB;??;100738;1;4;72;83;80;0;235
2025-08-03;IB;??;101071;1;4;61;91;78;5;235
2025-08-03;IB;??;101090;0;1;67;98;61;9;235
2025-08-03;IB;??;101282;1;4;55;85;88;7;235
2025-08-03;IB;??;101322;1;2;58;99;68;10;235
2025-08-03;IB;??;101356;1;2;96;63;73;3;235
2025-08-03;IB;??;101622;1;4;69;59;100;7;235
2025-08-03;IB;??;101954;1;4;65;84;78;8;235
2025-08-03;IB;??;102155;1;3;63;92;79;1;235
2025-08-03;IB;??;102159;1;4;61;94;77;3;235
2025-08-03;IB;??;102172;1;3;84;97;51;3;235
2025-08-03;IB;??;102204;1;2;82;95;48;10;235
2025-08-03;IB;??;102263;1;1;74;98;54;9;235
2025-08-03;IB;??;102266;0;1;49;84;100;2;235
2025-08-03;IB;??;102354;1;4;58;78;91;8;235
2025-08-03;IB;??;100735;0;3;100;70;57;7;234
2025-08-03;IB;??;101946;1;3;71;71;89;3;234
2025-08-03;IB;??;102154;1;3;99;88;46;1;234
2025-08-03;IB;??;102312;1;4;65;67;100;2;234
2025-08-03;IB;??;102352;1;4;72;98;63;1;234
2025-08-03;IB;??;101061;0;4;70;68;86;9;233
2025-08-03;IB;??;101099;1;4;82;87;62;2;233
2025-08-03;IB;??;101333;0;3;78;93;55;7;233
2025-08-03;IB;??;101352;0;3;100;68;65;0;233
2025-08-03;IB;??;101354;1;4;78;94;61;0;233
2025-08-03;IB;??;101382;0;3;100;79;52;2;233
2025-08-03;IB;??;101432;1;1;68;63;92;10;233
2025-08-03;IB;??;101879;1;1;84;54;95;0;233
2025-08-03;IB;??;101899;1;1;65;73;93;2;233
2025-08-03;IB;??;101904;1;4;46;91;86;10;233
2025-08-03;IB;??;101962;1;4;73;84;74;2;233
2025-08-03;IB;??;101973;1;3;70;79;81;3;233
2025-08-03;IB;??;102148;0;3;59;68;100;6;233
2025-08-03;IB;??;102211;0;4;99;60;72;2;233
2025-08-03;IB;??;102228;0;1;73;69;84;7;233
2025-08-03;IB;??;101186;1;1;97;65;64;6;232
2025-08-03;IB;??;101226;1;2;85;79;59;9;232
2025-08-03;IB;??;101395;1;4;78;78;69;7;232
2025-08-03;IB;??;101594;1;4;100;61;69;2;232
2025-08-03;IB;??;101597;1;1;92;81;49;10;232
2025-08-03;IB;??;101601;0;1;67;84;71;10;232
2025-08-03;IB;??;101950;0;1;63;83;77;9;232
2025-08-03;IB;??;102146;1;4;47;99;79;7;232
2025-08-03;IB;??;102201;1;3;89;71;63;9;232
2025-08-03;IB;??;102343;1;1;80;77;74;1;232
2025-08-03;IB;??;101064;0;2;62;100;59;10;231
2025-08-03;IB;??;101085;1;4;54;73;99;5;231
2025-08-03;IB;??;101087;1;4;68;91;62;10;231
2025-08-03;IB;??;101113;1;3;63;100;64;4;231
2025-08-03;IB;??;101185;1;4;66;81;78;6;231
2025-08-03;IB;??;101217;1;3;70;100;56;5;231
2025-08-03;IB;??;101355;1;1;73;50;98;10;231
2025-08-03;IB;??;101385;0;2;61;93;75;2;231
2025-08-03;IB;??;101391;1;4;59;82;88;2;231
2025-08-03;IB;??;102179;1;3;93;74;60;4;231
2025-08-03;IB;??;102237;0;1;95;49;86;1;231
2025-08-03;IB;??;102276;1;1;78;76;77;0;231
2025-08-03;IB;??;102289;1;4;82;67;76;6;231
2025-08-03;IB;??;102318;0;2;55;96;74;6;231
2025-08-03;IB;??;100732;1;1;70;84;71;5;230
2025-08-03;IB;??;100745;0;3;70;100;58;2;230
2025-08-03;IB;??;101118;1;4;86;57;84;3;230
2025-08-03;IB;??;101119;1;4;85;47;90;8;230
2025-08-03;IB;??;101130;1;2;66;54;100;10;230
2025-08-03;IB;??;101276;1;1;64;80;84;2;230
2025-08-03;IB;??;101297;1;4;67;91;64;8;230
2025-08-03;IB;??;101443;0;1;60;77;84;9;230
2025-08-03;IB;??;101948;1;1;83;63;84;0;230
2025-08-03;IB;??;101964;0;3;77;83;62;8;230
2025-08-03;IB;??;102128;0;1;78;77;75;0;230
2025-08-03;IB;??;102145;0;1;98;67;57;8;230
2025-08-03;IB;??;102197;1;2;100;51;76;3;230
2025-08-03;IB;??;102292;0;2;86;73;64;7;230
2025-08-03;IB;??;102296;1;4;100;67;63;0;230
2025-08-03;IB;??;102347;1;1;82;47;95;6;230
2025-08-03;IB;??;100729;0;1;52;95;74;8;229
2025-08-03;IB;??;101048;0;2;97;66;65;1;229
2025-08-03;IB;??;101438;0;3;64;83;75;7;229
2025-08-03;IB;??;101913;1;3;96;68;55;10;229
2025-08-03;IB;??;101967;0;4;71;80;78;0;229
2025-08-03;IB;??;101058;0;3;94;62;64;8;228
2025-08-03;IB;??;101921;0;2;67;61;100;0;228
2025-08-03;IB;??;102180;1;1;74;98;54;2;228
2025-08-03;IB;??;102272;1;3;46;76;100;6;228
2025-08-03;IB;??;101174;1;1;90;60;71;6;227
2025-08-03;IB;??;101192;0;1;68;100;53;6;227
2025-08-03;IB;??;101195;1;3;53;79;85;10;227
2025-08-03;IB;??;101368;0;2;59;73;85;10;227
2025-08-03;IB;??;101616;0;1;93;49;76;9;227
2025-08-03;IB;??;101914;1;4;77;67;73;10;227
2025-08-03;IB;??;101929;1;2;50;77;92;8;227
2025-08-03;IB;??;101933;1;4;63;65;99;0;227
2025-08-03;IB;??;102241;1;1;89;56;79;3;227
2025-08-03;IB;??;101065;0;3;82;51;91;2;226
2025-08-03;IB;??;101070;0;1;55;79;92;0;226
2025-08-03;IB;??;101123;1;4;66;74;83;3;226
2025-08-03;IB;??;101124;1;1;80;82;60;4;226
2025-08-03;IB;??;101149;1;1;57;87;81;1;226
2025-08-03;IB;??;101210;1;3;67;100;55;4;226
2025-08-03;IB;??;101241;1;1;60;92;72;2;226
2025-08-03;IB;??;101418;0;1;87;65;72;2;226
2025-08-03;IB;??;101612;1;1;73;71;75;7;226
2025-08-03;IB;??;101882;1;2;65;69;82;10;226
2025-08-03;IB;??;101909;1;1;56;88;77;5;226
2025-08-03;IB;??;101953;1;1;65;64;91;6;226
2025-08-03;IB;??;102226;1;4;79;68;69;10;226
2025-08-03;IB;??;102251;1;1;55;65;96;10;226
2025-08-03;IB;??;102338;0;1;75;73;69;9;226
2025-08-03;IB;??;101156;1;1;91;68;64;2;225
2025-08-03;IB;??;101275;0;4;93;79;48;5;225
2025-08-03;IB;??;101286;1;4;60;76;79;10;225
2025-08-03;IB;??;101309;0;2;68;72;85;0;225
2025-08-03;IB;??;101442;0;1;62;75;84;4;225
2025-08-03;IB;??;101619;1;1;61;92;70;2;225
2025-08-03;IB;??;102212;1;1;100;66;58;1;225
2025-08-03;IB;??;102298;1;1;84;63;71;7;225
2025-08-03;IB;??;102303;1;4;73;77;75;0;225
2025-08-03;IB;??;102319;1;1;80;94;48;3;225
2025-08-03;IB;??;101104;1;1;71;51;95;7;224
2025-08-03;IB;??;101202;1;1;72;52;96;4;224
2025-08-03;IB;??;101224;1;1;59;99;57;9;224
2025-08-03;IB;??;101365;1;1;51;87;85;1;224
2025-08-03;IB;??;101397;0;1;91;51;76;6;224
2025-08-03;IB;??;101896;1;1;90;49;82;3;224
2025-08-03;IB;??;101969;1;4;66;68;85;5;224
2025-08-03;IB;??;102142;1;2;64;98;57;5;224
2025-08-03;IB;??;102177;1;4;83;66;74;1;224
2025-08-03;IB;??;102290;0;3;56;91;67;10;224
2025-08-03;IB;??;101097;1;1;68;64;82;9;223
2025-08-03;IB;??;101182;1;3;60;62;100;1;223
2025-08-03;IB;??;101303;0;2;68;73;73;9;223
2025-08-03;IB;??;101358;1;1;90;67;60;6;223
2025-08-03;IB;??;101374;1;1;94;66;58;5;223
2025-08-03;IB;??;101941;0;3;64;63;87;9;223
2025-08-03;IB;??;101971;1;4;66;61;96;0;223
2025-08-03;IB;??;102174;0;3;54;69;97;3;223
2025-08-03;IB;??;102240;0;1;85;80;55;3;223
2025-08-03;IB;??;102257;0;1;86;64;70;3;223
2025-08-03;IB;??;102287;1;1;71;83;62;7;223
2025-08-03;IB;??;100737;0;3;52;80;81;9;222
2025-08-03;IB;??;101082;1;2;90;62;63;7;222
2025-08-03;IB;??;101084;1;3;71;90;55;6;222
2025-08-03;IB;??;101148;0;2;73;71;69;9;222
2025-08-03;IB;??;101166;1;1;57;67;91;7;222
2025-08-03;IB;??;101196;1;1;84;76;53;9;222
2025-08-03;IB;??;101272;1;4;65;97;58;2;222
2025-08-03;IB;??;101421;1;3;75;63;82;2;222
2025-08-03;IB;??;101887;0;1;98;64;51;9;222
2025-08-03;IB;??;102255;1;1;47;87;85;3;222
2025-08-03;IB;??;102256;1;4;75;59;85;3;222
2025-08-03;IB;??;102282;1;4;72;93;56;1;222
2025-08-03;IB;??;100742;1;3;51;67;93;10;221
2025-08-03;IB;??;101263;1;2;50;75;90;6;221
2025-08-03;IB;??;101599;1;3;57;87;68;9;221
2025-08-03;IB;??;101620;1;4;74;61;81;5;221
2025-08-03;IB;??;101891;1;2;62;77;76;6;221
2025-08-03;IB;??;102357;1;1;85;50;83;3;221
2025-08-03;IB;??;101049;1;4;80;46;93;1;220
2025-08-03;IB;??;101051;0;3;59;82;76;3;220
2025-08-03;IB;??;101069;1;4;62;77;76;5;220
2025-08-03;IB;??;101235;0;4;81;72;67;0;220
2025-08-03;IB;??;101291;1;1;92;52;76;0;220
2025-08-03;IB;??;101292;1;2;91;53;74;2;220
2025-08-03;IB;??;101441;1;2;77;77;63;3;220
2025-08-03;IB;??;101920;1;4;71;75;67;7;220
2025-08-03;IB;??;101961;1;4;78;74;66;2;220
2025-08-03;IB;??;102164;1;2;71;86;58;5;220
2025-08-03;IB;??;102187;1;3;74;82;64;0;220
2025-08-03;IB;??;102244;1;1;60;60;99;1;220
2025-08-03;IB;??;102252;0;1;76;83;61;0;220
2025-08-03;IB;??;102286;1;4;90;60;65;5;220
2025-08-03;IB;??;102301;1;3;65;81;64;10;220
2025-08-03;IB;??;102332;1;4;78;79;61;2;220
2025-08-03;IB;??;102336;1;2;85;81;48;6;220
2025-08-03;IB;??;101052;0;1;47;100;63;9;219
2025-08-03;IB;??;101088;1;2;59;74;77;9;219
2025-08-03;IB;??;101167;0;3;78;70;61;10;219
2025-08-03;IB;??;101324;1;1;74;60;81;4;219
2025-08-03;IB;??;102205;0;4;55;65;91;8;219
2025-08-03;IB;??;102279;0;3;63;94;62;0;219
2025-08-03;IB;??;102309;0;4;80;67;63;9;219
2025-08-03;IB;??;101427;1;2;61;68;82;7;218
2025-08-03;IB;??;101960;0;1;59;53;100;6;218
2025-08-03;IB;??;102207;0;4;72;59;87;0;218
2025-08-03;IB;??;102253;0;4;64;67;77;10;218
2025-08-03;IB;??;102345;0;4;80;58;75;5;218
2025-08-03;IB;??;101089;1;1;58;83;69;7;217
2025-08-03;IB;??;101145;1;4;66;77;68;6;217
2025-08-03;IB;??;101201;1;1;83;86;47;1;217
2025-08-03;IB;??;101360;1;2;94;58;57;8;217
2025-08-03;IB;??;101907;1;1;83;58;68;8;217
2025-08-03;IB;??;101923;1;4;67;84;61;5;217
2025-08-03;IB;??;101209;1;3;73;58;79;6;216
2025-08-03;IB;??;101260;1;4;61;77;74;4;216
2025-08-03;IB;??;101613;1;4;66;69;74;7;216
2025-08-03;IB;??;101625;1;1;73;86;52;5;216
2025-08-03;IB;??;101949;0;4;85;58;70;3;216
2025-08-03;IB;??;101109;1;2;95;55;55;10;215
2025-08-03;IB;??;101161;1;2;56;66;86;7;215
2025-08-03;IB;??;101168;1;1;70;61;77;7;215
2025-08-03;IB;??;101187;0;3;70;63;72;10;215
2025-08-03;IB;??;101194;0;4;69;86;57;3;215
2025-08-03;IB;??;101211;1;1;65;88;57;5;215
2025-08-03;IB;??;101242;1;1;56;56;99;4;215
2025-08-03;IB;??;101889;1;2;82;70;57;6;215
2025-08-03;IB;??;102196;1;2;55;73;83;4;215
2025-08-03;IB;??;102314;0;3;74;69;70;2;215
2025-08-03;IB;??;101302;1;4;56;94;63;1;214
2025-08-03;IB;??;101401;1;1;65;59;80;10;214
2025-08-03;IB;??;101405;1;4;84;55;66;9;214
2025-08-03;IB;??;101422;1;2;58;95;61;0;214
2025-08-03;IB;??;101603;1;4;77;74;55;8;214
2025-08-03;IB;??;102129;1;4;58;68;87;1;214
2025-08-03;IB;??;102295;1;1;75;50;81;8;214
2025-08-03;IB;??;102329;1;4;99;56;57;2;214
2025-08-03;IB;??;102344;1;3;96;48;64;6;214
2025-08-03;IB;??;102351;0;2;58;57;90;9;214
2025-08-03;IB;??;100733;1;1;78;59;68;8;213
2025-08-03;IB;??;101125;0;4;77;56;76;4;213
2025-08-03;IB;??;101160;1;4;64;56;85;8;213
2025-08-03;IB;??;101203;0;4;95;53;58;7;213
2025-08-03;IB;??;101261;0;4;71;47;90;5;213
2025-08-03;IB;??;101883;0;2;88;73;48;4;213
2025-08-03;IB;??;101936;0;1;54;97;54;8;213
2025-08-03;IB;??;102137;0;1;60;94;51;8;213
2025-08-03;IB;??;102230;1;3;93;59;56;5;213
2025-08-03;IB;??;102259;1;2;92;49;64;8;213
2025-08-03;IB;??;102320;0;4;79;55;77;2;213
2025-08-03;IB;??;101150;0;1;89;48;65;10;212
2025-08-03;IB;??;101165;1;2;54;79;70;9;212
2025-08-03;IB;??;101193;0;1;58;54;98;2;212
2025-08-03;IB;??;101378;1;1;57;81;65;9;212
2025-08-03;IB;??;101454;1;2;73;54;78;7;212
2025-08-03;IB;??;102192;1;4;56;82;66;8;212
2025-08-03;IB;??;102246;1;2;51;64;87;10;212
2025-08-03;IB;??;100746;1;4;72;66;73;0;211
2025-08-03;IB;??;101080;1;1;50;66;87;8;211
2025-08-03;IB;??;101311;0;4;66;76;64;5;211
2025-08-03;IB;??;101398;1;3;54;74;77;6;211
2025-08-03;IB;??;101453;1;1;61;69;81;0;211
2025-08-03;IB;??;101906;1;1;64;72;71;4;211
2025-08-03;IB;??;100734;1;4;81;64;58;7;210
2025-08-03;IB;??;101178;1;1;59;62;89;0;210
2025-08-03;IB;??;101243;1;4;71;61;71;7;210
2025-08-03;IB;??;101304;1;4;73;59;76;2;210
2025-08-03;IB;??;101415;1;3;68;59;73;10;210
2025-08-03;IB;??;101430;0;2;57;61;91;1;210
2025-08-03;IB;??;102224;0;1;58;68;79;5;210
2025-08-03;IB;??;100743;0;3;48;99;56;6;209
2025-08-03;IB;??;101277;1;2;60;75;70;4;209
2025-08-03;IB;??;102153;1;4;77;61;64;7;209
2025-08-03;IB;??;102310;1;4;70;88;49;2;209
2025-08-03;IB;??;101439;1;1;54;96;56;2;208
2025-08-03;IB;??;101614;1;4;73;62;67;6;208
2025-08-03;IB;??;102150;1;1;91;59;50;8;208
2025-08-03;IB;??;102265;0;4;62;52;93;1;208
2025-08-03;IB;??;102323;0;1;53;54;96;5;208
2025-08-03;IB;??;101305;1;1;50;77;71;9;207
2025-08-03;IB;??;101371;1;1;72;53;80;2;207
2025-08-03;IB;??;101416;1;2;80;69;53;5;207
2025-08-03;IB;??;101417;0;4;86;67;54;0;207
2025-08-03;IB;??;101624;0;1;67;71;59;10;207
2025-08-03;IB;??;101888;1;2;58;83;63;3;207
2025-08-03;IB;??;101912;1;1;50;84;63;10;207
2025-08-03;IB;??;101965;0;2;74;52;78;3;207
2025-08-03;IB;??;101966;1;3;63;70;71;3;207
2025-08-03;IB;??;101060;1;4;80;67;55;4;206
2025-08-03;IB;??;101213;1;1;63;52;91;0;206
2025-08-03;IB;??;101215;1;2;86;48;70;2;206
2025-08-03;IB;??;101420;0;4;69;58;75;4;206
2025-08-03;IB;??;101905;0;3;57;55;93;1;206
2025-08-03;IB;??;102227;1;4;70;66;69;1;206
2025-08-03;IB;??;102333;0;4;55;77;66;8;206
2025-08-03;IB;??;101598;1;1;54;94;55;2;205
2025-08-03;IB;??;101881;1;3;61;70;69;5;205
2025-08-03;IB;??;101927;1;1;73;55;74;3;205
2025-08-03;IB;??;102203;1;1;65;85;49;6;205
2025-08-03;IB;??;101112;1;1;53;64;83;4;204
2025-08-03;IB;??;101273;0;4;59;59;76;10;204
2025-08-03;IB;??;102213;1;1;62;47;85;10;204
2025-08-03;IB;??;102214;0;1;72;71;58;3;204
2025-08-03;IB;??;102277;1;1;73;64;58;9;204
2025-08-03;IB;??;102278;0;1;61;54;88;1;204
2025-08-03;IB;??;101247;1;4;56;80;59;8;203
2025-08-03;IB;??;102299;1;3;77;58;65;3;203
2025-08-03;IB;??;102315;0;4;85;63;50;5;203
2025-08-03;IB;??;101127;1;1;60;66;68;8;202
2025-08-03;IB;??;101216;1;1;85;48;64;5;202
2025-08-03;IB;??;101227;1;4;68;68;63;3;202
2025-08-03;IB;??;101350;1;2;90;49;60;3;202
2025-08-03;IB;??;101424;0;4;70;67;58;7;202
2025-08-03;IB;??;102144;1;3;73;53;72;4;202
2025-08-03;IB;??;102189;1;2;54;69;71;8;202
2025-08-03;IB;??;101588;1;1;59;49;90;3;201
2025-08-03;IB;??;101615;1;1;74;52;67;8;201
2025-08-03;IB;??;101388;0;3;76;54;60;10;200
2025-08-03;IB;??;101924;0;3;66;84;49;1;200
2025-08-03;IB;??;101952;1;1;48;89;63;0;200
2025-08-03;IB;??;101956;1;1;62;71;63;4;200
2025-08-03;IB;??;102147;0;4;52;63;84;1;200
2025-08-03;IB;??;102190;1;2;57;78;58;7;200
2025-08-03;IB;??;100744;0;1;61;81;57;0;199
2025-08-03;IB;??;101126;1;1;67;62;65;5;199
2025-08-03;IB;??;101136;0;1;71;63;58;7;199
2025-08-03;IB;??;101592;0;2;65;60;69;5;199
2025-08-03;IB;??;102127;0;3;56;80;57;6;199
2025-08-03;IB;??;102355;0;1;51;49;98;1;199
2025-08-03;IB;??;101114;1;1;76;69;47;6;198
2025-08-03;IB;??;101159;1;2;70;71;47;10;198
2025-08-03;IB;??;101283;0;4;52;77;64;5;198
2025-08-03;IB;??;101336;0;4;54;77;57;10;198
2025-08-03;IB;??;102200;0;2;52;61;83;2;198
2025-08-03;IB;??;102216;1;1;56;66;76;0;198
2025-08-03;IB;??;102327;1;1;76;51;69;2;198
2025-08-03;IB;??;101063;1;3;46;71;73;7;197
2025-08-03;IB;??;101200;1;3;81;47;63;6;197
2025-08-03;IB;??;101236;0;1;80;52;64;1;197
2025-08-03;IB;??;101618;1;3;60;79;56;2;197
2025-08-03;IB;??;101959;1;4;63;65;65;4;197
2025-08-03;IB;??;102348;1;4;58;81;54;4;197
2025-08-03;IB;??;101251;1;4;52;83;59;2;196
2025-08-03;IB;??;101426;1;4;58;56;75;7;196
2025-08-03;IB;??;101256;1;4;47;67;73;8;195
2025-08-03;IB;??;101901;1;1;70;53;67;5;195
2025-08-03;IB;??;101208;1;1;57;62;69;6;194
2025-08-03;IB;??;101237;1;1;91;49;49;5;194
2025-08-03;IB;??;101101;1;2;56;52;76;9;193
2025-08-03;IB;??;101917;1;1;49;48;93;3;193
2025-08-03;IB;??;102169;1;2;70;54;59;10;193
2025-08-03;IB;??;102285;1;1;80;58;51;4;193
2025-08-03;IB;??;101075;0;1;70;56;65;1;192
2025-08-03;IB;??;101298;1;4;59;54;70;9;192
2025-08-03;IB;??;101895;1;3;59;46;79;8;192
2025-08-03;IB;??;101259;0;4;61;50;71;9;191
2025-08-03;IB;??;101290;1;1;49;80;59;3;191
2025-08-03;IB;??;101320;1;2;53;75;54;9;191
2025-08-03;IB;??;102235;1;1;76;47;58;10;191
2025-08-03;IB;??;102324;1;1;74;50;58;9;191
2025-08-03;IB;??;101617;1;1;57;55;71;7;190
2025-08-03;IB;??;101339;1;3;52;58;72;7;189
2025-08-03;IB;??;102163;0;4;71;51;61;6;189
2025-08-03;IB;??;102304;1;2;58;74;50;7;189
2025-08-03;IB;??;102170;1;4;58;62;58;10;188
2025-08-03;IB;??;102223;1;1;70;63;47;8;188
2025-08-03;IB;??;102245;1;4;61;54;73;0;188
2025-08-03;IB;??;102280;1;1;59;71;57;1;188
2025-08-03;IB;??;101270;0;4;66;58;59;4;187
2025-08-03;IB;??;102234;1;1;49;54;84;0;187
2025-08-03;IB;??;101103;1;3;53;55;68;10;186
2025-08-03;IB;??;101934;0;2;62;69;46;9;186
2025-08-03;IB;??;102242;1;2;46;89;47;3;185
2025-08-03;IB;??;102264;0;1;53;50;79;3;185
2025-08-03;IB;??;102342;1;1;51;66;63;5;185
2025-08-03;IB;??;100739;1;1;60;59;55;10;184
2025-08-03;IB;??;101240;1;3;82;51;50;1;184
2025-08-03;IB;??;102328;1;1;60;58;63;3;184
2025-08-03;IB;??;100740;1;1;49;59;67;8;183
2025-08-03;IB;??;101377;1;1;53;52;71;7;183
2025-08-03;IB;??;101445;1;1;68;48;62;5;183
2025-08-03;IB;??;102132;0;1;47;74;53;9;183
2025-08-03;IB;??;101175;1;1;65;63;51;3;182
2025-08-03;IB;??;101220;1;1;78;48;51;5;182
2025-08-03;IB;??;102183;0;1;70;60;48;3;181
2025-08-03;IB;??;102219;1;1;69;56;54;2;181
2025-08-03;IB;??;102250;1;1;48;63;61;9;181
2025-08-03;IB;??;102294;0;1;62;64;53;2;181
2025-08-03;IB;??;101329;0;3;47;66;57;9;179
2025-08-03;IB;??;101400;0;4;59;54;57;8;178
2025-08-03;IB;??;101411;1;2;60;61;47;10;178
2025-08-03;IB;??;101915;1;3;53;47;68;10;178
2025-08-03;IB;??;101288;1;4;57;53;59;8;177
2025-08-03;IB;??;101944;1;1;50;48;70;9;177
2025-08-03;IB;??;101153;1;3;57;56;56;7;176
2025-08-03;IB;??;101054;0;3;76;47;48;4;175
2025-08-03;IB;??;101370;0;1;54;64;48;9;175
2025-08-03;IB;??;101918;1;1;60;58;47;9;174
2025-08-03;IB;??;102313;0;1;57;60;47;10;174
2025-08-03;IB;??;101342;1;3;48;55;65;5;173
2025-08-03;IB;??;102166;1;1;50;73;48;1;172
2025-08-03;IB;??;102184;0;1;47;52;68;4;171
2025-08-03;IB;??;101605;0;1;49;56;56;8;169
2025-08-03;IB;??;101928;0;1;57;49;59;4;169
2025-08-03;IB;??;101404;1;4;61;49;48;10;168
2025-08-03;IB;??;102175;1;1;48;61;51;1;161
2025-08-03;IB;??;101369;0;4;47;57;49;6;159
2025-08-03;IB;??;101222;1;4;50;52;48;8;158
2025-08-04;PM;??;103740;1;1;100;100;100;10;310
2025-08-04;PM;??;102397;1;1;100;100;100;9;309
2025-08-04;PM;??;102325;0;1;100;100;99;8;307
2025-08-04;PM;??;102273;1;3;100;100;99;7;306
2025-08-04;PM;??;102763;1;1;100;100;100;6;306
2025-08-04;PM;??;103461;1;4;100;100;100;6;306
2025-08-04;PM;??;102940;1;1;97;100;100;8;305
2025-08-04;PM;??;103468;1;1;100;100;100;5;305
2025-08-04;PM;??;103700;0;1;100;99;100;6;305
2025-08-04;PM;??;102255;1;4;100;95;100;9;304
2025-08-04;PM;??;102291;1;4;100;100;99;5;304
2025-08-04;PM;??;102510;1;4;100;100;100;4;304
2025-08-04;PM;??;102461;0;2;100;100;100;3;303
2025-08-04;PM;??;103877;1;4;96;100;100;7;303
2025-08-04;PM;??;102234;1;2;100;100;100;2;302
2025-08-04;PM;??;102680;1;1;100;100;100;2;302
2025-08-04;PM;??;102825;1;1;98;100;100;4;302
2025-08-04;PM;??;103691;1;1;100;100;100;2;302
2025-08-04;PM;??;103821;1;1;100;100;100;2;302
2025-08-04;PM;??;102300;1;1;100;93;98;10;301
2025-08-04;PM;??;102644;0;1;100;100;100;1;301
2025-08-04;PM;??;102727;1;2;96;100;98;7;301
2025-08-04;PM;??;103681;1;1;100;100;91;10;301
2025-08-04;PM;??;102295;1;4;100;99;97;4;300
2025-08-04;PM;??;102489;1;1;93;99;100;8;300
2025-08-04;PM;??;103394;1;1;100;100;100;0;300
2025-08-04;PM;??;103600;1;3;100;100;100;0;300
2025-08-04;PM;??;103780;0;1;100;100;100;0;300
2025-08-04;PM;??;102711;1;4;95;100;100;4;299
2025-08-04;PM;??;102271;1;1;100;94;100;4;298
2025-08-04;PM;??;102997;1;4;93;99;100;6;298
2025-08-04;PM;??;103029;1;3;100;95;100;3;298
2025-08-04;PM;??;102403;1;1;100;100;92;5;297
2025-08-04;PM;??;102735;0;1;100;94;95;8;297
2025-08-04;PM;??;103489;1;1;100;96;100;1;297
2025-08-04;PM;??;103635;0;1;94;100;100;3;297
2025-08-04;PM;??;103844;0;4;99;93;100;5;297
2025-08-04;PM;??;102516;1;3;100;94;94;8;296
2025-08-04;PM;??;102770;0;4;94;100;100;2;296
2025-08-04;PM;??;102987;1;1;97;100;96;3;296
2025-08-04;PM;??;103401;1;1;100;93;94;9;296
2025-08-04;PM;??;103479;1;1;100;91;95;10;296
2025-08-04;PM;??;103628;1;1;100;100;94;2;296
2025-08-04;PM;??;103748;0;1;100;88;100;8;296
2025-08-04;PM;??;103813;1;1;100;86;100;10;296
2025-08-04;PM;??;102724;1;1;100;95;100;0;295
2025-08-04;PM;??;102922;0;4;100;92;100;3;295
2025-08-04;PM;??;102474;0;3;93;94;100;7;294
2025-08-04;PM;??;103413;0;1;100;92;100;2;294
2025-08-04;PM;??;103435;1;1;97;98;97;2;294
2025-08-04;PM;??;103605;0;1;100;100;93;1;294
2025-08-04;PM;??;103709;1;1;92;98;98;6;294
2025-08-04;PM;??;102354;1;4;88;100;100;5;293
2025-08-04;PM;??;102554;1;2;91;100;100;2;293
2025-08-04;PM;??;102562;1;4;87;100;100;6;293
2025-08-04;PM;??;102933;1;4;100;87;100;6;293
2025-08-04;PM;??;103603;1;1;100;100;93;0;293
2025-08-04;PM;??;103693;0;1;100;91;100;2;293
2025-08-04;PM;??;103911;1;4;95;93;98;7;293
2025-08-04;PM;??;102321;1;1;100;95;87;10;292
2025-08-04;PM;??;102426;1;4;100;93;96;3;292
2025-08-04;PM;??;102565;1;4;100;100;91;1;292
2025-08-04;PM;??;102809;0;1;100;85;100;7;292
2025-08-04;PM;??;102880;0;1;100;93;94;5;292
2025-08-04;PM;??;103477;0;1;100;99;92;1;292
2025-08-04;PM;??;103750;1;4;100;99;91;2;292
2025-08-04;PM;??;102597;1;1;100;85;96;10;291
2025-08-04;PM;??;102742;1;3;91;100;96;4;291
2025-08-04;PM;??;102859;1;1;100;100;83;8;291
2025-08-04;PM;??;102918;1;1;89;99;100;3;291
2025-08-04;PM;??;102942;1;1;91;92;100;8;291
2025-08-04;PM;??;103621;1;2;84;99;100;8;291
2025-08-04;PM;??;102367;1;4;100;88;100;2;290
2025-08-04;PM;??;102773;1;1;100;100;89;1;290
2025-08-04;PM;??;102856;1;1;100;84;100;6;290
2025-08-04;PM;??;103476;1;1;94;86;100;10;290
2025-08-04;PM;??;103915;1;4;100;89;91;10;290
2025-08-04;PM;??;102230;0;1;100;82;100;7;289
2025-08-04;PM;??;102268;1;1;92;100;93;4;289
2025-08-04;PM;??;102483;1;4;81;100;100;8;289
2025-08-04;PM;??;102486;1;1;100;86;100;3;289
2025-08-04;PM;??;102261;1;1;80;100;98;10;288
2025-08-04;PM;??;102398;1;1;100;100;82;6;288
2025-08-04;PM;??;102511;1;2;100;96;86;6;288
2025-08-04;PM;??;102616;0;1;81;100;100;7;288
2025-08-04;PM;??;102743;1;1;100;81;100;7;288
2025-08-04;PM;??;102862;1;4;96;91;92;9;288
2025-08-04;PM;??;102866;1;4;85;99;97;7;288
2025-08-04;PM;??;102336;1;1;96;82;100;9;287
2025-08-04;PM;??;102543;1;3;100;90;97;0;287
2025-08-04;PM;??;102655;0;1;84;100;100;3;287
2025-08-04;PM;??;102793;0;1;100;86;100;1;287
2025-08-04;PM;??;102850;1;1;100;85;100;2;287
2025-08-04;PM;??;103411;1;2;100;96;85;6;287
2025-08-04;PM;??;102282;1;3;100;100;76;10;286
2025-08-04;PM;??;102443;1;4;88;98;100;0;286
2025-08-04;PM;??;102666;1;4;99;100;83;4;286
2025-08-04;PM;??;102691;1;4;84;100;100;2;286
2025-08-04;PM;??;102738;1;1;83;100;100;3;286
2025-08-04;PM;??;102824;1;4;100;100;82;4;286
2025-08-04;PM;??;102998;0;1;100;97;86;3;286
2025-08-04;PM;??;103402;1;4;77;100;100;9;286
2025-08-04;PM;??;103673;1;1;93;100;91;2;286
2025-08-04;PM;??;103718;1;1;100;100;86;0;286
2025-08-04;PM;??;102236;1;1;86;99;100;0;285
2025-08-04;PM;??;102481;1;3;87;100;88;10;285
2025-08-04;PM;??;102540;1;1;75;100;100;10;285
2025-08-04;PM;??;102576;1;1;100;100;80;5;285
2025-08-04;PM;??;102661;1;1;95;95;86;9;285
2025-08-04;PM;??;103430;1;4;100;91;90;4;285
2025-08-04;PM;??;103641;1;3;89;89;100;7;285
2025-08-04;PM;??;102254;1;1;92;100;82;10;284
2025-08-04;PM;??;102314;1;3;80;100;100;4;284
2025-08-04;PM;??;102334;1;4;98;98;88;0;284
2025-08-04;PM;??;102369;1;1;100;100;80;4;284
2025-08-04;PM;??;102459;1;1;85;99;90;10;284
2025-08-04;PM;??;102544;1;2;82;95;97;10;284
2025-08-04;PM;??;102774;1;3;100;99;79;6;284
2025-08-04;PM;??;103741;1;3;93;100;81;10;284
2025-08-04;PM;??;103902;1;4;83;100;94;7;284
2025-08-04;PM;??;102376;1;1;100;100;80;3;283
2025-08-04;PM;??;102392;1;4;98;81;97;7;283
2025-08-04;PM;??;102414;1;4;100;82;100;1;283
2025-08-04;PM;??;102627;1;2;93;96;85;9;283
2025-08-04;PM;??;102678;1;1;95;100;84;4;283
2025-08-04;PM;??;102980;1;4;100;73;100;10;283
2025-08-04;PM;??;103385;1;4;94;85;100;4;283
2025-08-04;PM;??;103632;1;3;77;100;100;6;283
2025-08-04;PM;??;103760;1;3;97;90;92;4;283
2025-08-04;PM;??;102444;1;4;95;77;100;10;282
2025-08-04;PM;??;102522;1;4;82;98;92;10;282
2025-08-04;PM;??;102604;1;1;78;100;100;4;282
2025-08-04;PM;??;102657;1;1;100;100;74;8;282
2025-08-04;PM;??;102810;1;2;85;99;96;2;282
2025-08-04;PM;??;102889;1;2;92;87;100;3;282
2025-08-04;PM;??;102992;1;3;98;77;100;7;282
2025-08-04;PM;??;102994;1;1;75;100;100;7;282
2025-08-04;PM;??;102995;1;1;84;92;100;6;282
2025-08-04;PM;??;103467;1;1;97;100;85;0;282
2025-08-04;PM;??;103613;1;1;100;100;76;6;282
2025-08-04;PM;??;103805;1;2;100;80;100;2;282
2025-08-04;PM;??;103886;1;1;100;100;73;9;282
2025-08-04;PM;??;102446;1;2;83;88;100;10;281
2025-08-04;PM;??;102467;0;3;84;100;89;8;281
2025-08-04;PM;??;102791;1;1;83;97;99;2;281
2025-08-04;PM;??;102993;1;2;84;100;95;2;281
2025-08-04;PM;??;103624;1;4;100;72;100;9;281
2025-08-04;PM;??;103713;1;3;95;100;84;2;281
2025-08-04;PM;??;103747;1;4;100;96;76;9;281
2025-08-04;PM;??;102241;1;1;90;85;100;5;280
2025-08-04;PM;??;102360;1;1;100;100;70;10;280
2025-08-04;PM;??;102548;1;4;100;93;86;1;280
2025-08-04;PM;??;102623;1;1;94;89;87;10;280
2025-08-04;PM;??;102639;1;4;90;100;90;0;280
2025-08-04;PM;??;102642;1;1;88;83;99;10;280
2025-08-04;PM;??;102668;1;2;96;79;100;5;280
2025-08-04;PM;??;102695;1;1;93;80;100;7;280
2025-08-04;PM;??;102802;1;1;100;99;77;4;280
2025-08-04;PM;??;103013;0;1;71;100;100;9;280
2025-08-04;PM;??;103876;1;1;98;84;93;5;280
2025-08-04;PM;??;102281;1;4;78;100;100;1;279
2025-08-04;PM;??;102302;1;1;100;100;73;6;279
2025-08-04;PM;??;102312;1;3;93;81;100;5;279
2025-08-04;PM;??;102440;1;3;100;75;100;4;279
2025-08-04;PM;??;102515;0;2;83;99;97;0;279
2025-08-04;PM;??;102563;1;3;95;89;87;8;279
2025-08-04;PM;??;102718;1;1;100;100;77;2;279
2025-08-04;PM;??;103010;1;2;100;100;70;9;279
2025-08-04;PM;??;103408;1;3;78;98;100;3;279
2025-08-04;PM;??;103619;1;1;90;100;84;5;279
2025-08-04;PM;??;103795;0;1;100;82;88;9;279
2025-08-04;PM;??;103841;1;1;100;83;95;1;279
2025-08-04;PM;??;102311;0;3;100;74;100;4;278
2025-08-04;PM;??;102455;1;4;100;74;100;4;278
2025-08-04;PM;??;102984;1;1;100;95;79;4;278
2025-08-04;PM;??;103030;1;1;78;91;99;10;278
2025-08-04;PM;??;103423;1;1;92;100;82;4;278
2025-08-04;PM;??;103728;1;1;100;88;90;0;278
2025-08-04;PM;??;103754;1;3;100;94;79;5;278
2025-08-04;PM;??;103791;1;2;100;89;83;6;278
2025-08-04;PM;??;103796;1;3;100;78;100;0;278
2025-08-04;PM;??;103865;0;1;100;78;100;0;278
2025-08-04;PM;??;102412;1;2;92;100;84;1;277
2025-08-04;PM;??;102487;1;4;100;73;100;4;277
2025-08-04;PM;??;102585;1;2;100;80;93;4;277
2025-08-04;PM;??;102665;1;1;77;98;94;8;277
2025-08-04;PM;??;102776;1;4;89;100;86;2;277
2025-08-04;PM;??;102967;0;1;85;92;99;1;277
2025-08-04;PM;??;103749;1;4;96;75;98;8;277
2025-08-04;PM;??;103769;1;1;73;100;100;4;277
2025-08-04;PM;??;102683;1;1;100;100;68;8;276
2025-08-04;PM;??;102944;1;1;100;82;86;8;276
2025-08-04;PM;??;103762;0;1;100;75;100;1;276
2025-08-04;PM;??;102259;1;3;92;88;86;9;275
2025-08-04;PM;??;102285;1;1;96;80;99;0;275
2025-08-04;PM;??;102362;1;1;95;91;87;2;275
2025-08-04;PM;??;102500;1;4;99;76;98;2;275
2025-08-04;PM;??;102546;1;1;95;100;73;7;275
2025-08-04;PM;??;102573;1;3;71;98;99;7;275
2025-08-04;PM;??;102670;1;1;88;100;82;5;275
2025-08-04;PM;??;102795;1;1;82;97;91;5;275
2025-08-04;PM;??;102878;1;2;86;92;90;7;275
2025-08-04;PM;??;102920;1;4;77;100;92;6;275
2025-08-04;PM;??;103024;1;4;100;97;68;10;275
2025-08-04;PM;??;103404;1;1;75;92;100;8;275
2025-08-04;PM;??;103433;0;1;74;100;94;7;275
2025-08-04;PM;??;103602;1;4;80;100;86;9;275
2025-08-04;PM;??;103907;1;4;94;99;82;0;275
2025-08-04;PM;??;102348;1;2;81;93;95;5;274
2025-08-04;PM;??;102449;1;1;89;78;100;7;274
2025-08-04;PM;??;102456;1;3;84;100;88;2;274
2025-08-04;PM;??;102599;1;3;93;100;81;0;274
2025-08-04;PM;??;102777;1;4;100;85;79;10;274
2025-08-04;PM;??;102851;1;3;87;85;95;7;274
2025-08-04;PM;??;102881;1;1;100;83;81;10;274
2025-08-04;PM;??;102884;1;2;98;74;100;2;274
2025-08-04;PM;??;102945;1;3;92;83;94;5;274
2025-08-04;PM;??;102947;1;3;100;69;98;7;274
2025-08-04;PM;??;103657;0;1;86;100;86;2;274
2025-08-04;PM;??;103808;1;1;100;100;72;2;274
2025-08-04;PM;??;102329;1;2;85;78;100;10;273
2025-08-04;PM;??;102356;1;4;100;71;100;2;273
2025-08-04;PM;??;102509;1;1;100;69;100;4;273
2025-08-04;PM;??;102519;0;2;82;100;88;3;273
2025-08-04;PM;??;103454;0;1;80;98;95;0;273
2025-08-04;PM;??;103738;1;4;88;98;84;3;273
2025-08-04;PM;??;102252;1;4;100;76;93;3;272
2025-08-04;PM;??;102267;1;3;82;94;96;0;272
2025-08-04;PM;??;102326;1;1;71;100;100;1;272
2025-08-04;PM;??;102352;1;1;86;100;78;8;272
2025-08-04;PM;??;102463;1;4;82;100;87;3;272
2025-08-04;PM;??;102524;0;1;87;81;100;4;272
2025-08-04;PM;??;102705;1;1;64;99;100;9;272
2025-08-04;PM;??;102766;0;1;90;74;100;8;272
2025-08-04;PM;??;102821;1;3;89;78;100;5;272
2025-08-04;PM;??;102978;1;2;73;100;95;4;272
2025-08-04;PM;??;103445;1;3;79;94;94;5;272
2025-08-04;PM;??;103485;1;1;67;100;100;5;272
2025-08-04;PM;??;103640;1;1;98;100;66;8;272
2025-08-04;PM;??;103645;1;1;80;89;100;3;272
2025-08-04;PM;??;103680;1;1;76;97;91;8;272
2025-08-04;PM;??;102262;1;1;92;100;72;7;271
2025-08-04;PM;??;102387;1;4;76;87;100;8;271
2025-08-04;PM;??;102445;1;1;75;100;94;2;271
2025-08-04;PM;??;102647;1;4;83;100;85;3;271
2025-08-04;PM;??;102868;1;1;88;98;84;1;271
2025-08-04;PM;??;103627;1;2;100;97;69;5;271
2025-08-04;PM;??;103672;1;1;90;79;100;2;271
2025-08-04;PM;??;103722;1;4;86;79;100;6;271
2025-08-04;PM;??;103726;0;3;92;78;100;1;271
2025-08-04;PM;??;103782;1;1;89;88;89;5;271
2025-08-04;PM;??;102320;1;4;96;100;74;0;270
2025-08-04;PM;??;102385;1;1;100;92;69;9;270
2025-08-04;PM;??;102460;1;4;83;80;100;7;270
2025-08-04;PM;??;102662;1;1;75;91;100;4;270
2025-08-04;PM;??;102817;1;1;70;100;100;0;270
2025-08-04;PM;??;102818;1;4;62;100;100;8;270
2025-08-04;PM;??;102820;1;4;100;100;63;7;270
2025-08-04;PM;??;102875;1;4;85;87;91;7;270
2025-08-04;PM;??;102965;1;3;62;100;100;8;270
2025-08-04;PM;??;103384;1;1;68;100;100;2;270
2025-08-04;PM;??;103415;1;1;86;91;84;9;270
2025-08-04;PM;??;103644;1;4;100;100;69;1;270
2025-08-04;PM;??;103692;1;4;70;100;100;0;270
2025-08-04;PM;??;103793;1;4;100;79;82;9;270
2025-08-04;PM;??;103885;1;1;84;79;100;7;270
2025-08-04;PM;??;102272;1;1;97;66;100;6;269
2025-08-04;PM;??;102288;1;4;100;68;98;3;269
2025-08-04;PM;??;102425;0;1;78;100;90;1;269
2025-08-04;PM;??;102428;1;1;63;100;99;7;269
2025-08-04;PM;??;102575;0;1;100;61;98;10;269
2025-08-04;PM;??;102587;1;3;100;100;59;10;269
2025-08-04;PM;??;102690;1;1;100;92;69;8;269
2025-08-04;PM;??;102858;1;3;90;72;100;7;269
2025-08-04;PM;??;102899;1;1;65;96;100;8;269
2025-08-04;PM;??;102946;1;3;100;78;89;2;269
2025-08-04;PM;??;103465;1;1;74;97;90;8;269
2025-08-04;PM;??;103768;1;1;68;100;100;1;269
2025-08-04;PM;??;103770;0;4;93;100;70;6;269
2025-08-04;PM;??;102229;1;2;91;94;73;10;268
2025-08-04;PM;??;102283;1;2;100;67;98;3;268
2025-08-04;PM;??;102313;1;4;80;91;93;4;268
2025-08-04;PM;??;102380;1;4;100;100;61;7;268
2025-08-04;PM;??;102531;1;1;65;100;95;8;268
2025-08-04;PM;??;102640;1;2;98;97;71;2;268
2025-08-04;PM;??;102759;1;1;62;100;100;6;268
2025-08-04;PM;??;102797;1;1;90;68;100;10;268
2025-08-04;PM;??;102916;0;2;93;83;85;7;268
2025-08-04;PM;??;102939;0;1;100;62;100;6;268
2025-08-04;PM;??;102955;1;2;100;100;62;6;268
2025-08-04;PM;??;103440;1;4;72;94;97;5;268
2025-08-04;PM;??;103652;0;4;99;63;100;6;268
2025-08-04;PM;??;103669;1;1;84;90;92;2;268
2025-08-04;PM;??;103871;1;4;85;81;93;9;268
2025-08-04;PM;??;103906;1;4;100;62;100;6;268
2025-08-04;PM;??;102264;1;1;64;100;100;3;267
2025-08-04;PM;??;102319;1;3;100;88;73;6;267
2025-08-04;PM;??;102346;1;3;93;87;82;5;267
2025-08-04;PM;??;102466;1;4;95;69;100;3;267
2025-08-04;PM;??;102496;1;4;70;90;100;7;267
2025-08-04;PM;??;102630;1;4;94;64;99;10;267
2025-08-04;PM;??;102646;1;1;93;94;79;1;267
2025-08-04;PM;??;102669;0;1;100;67;100;0;267
2025-08-04;PM;??;102686;1;2;86;92;86;3;267
2025-08-04;PM;??;102702;1;1;100;100;61;6;267
2025-08-04;PM;??;102784;1;1;100;80;81;6;267
2025-08-04;PM;??;102828;1;1;70;100;96;1;267
2025-08-04;PM;??;102831;1;2;90;73;94;10;267
2025-08-04;PM;??;102857;1;2;93;79;85;10;267
2025-08-04;PM;??;102861;0;1;90;69;99;9;267
2025-08-04;PM;??;102982;1;1;64;100;100;3;267
2025-08-04;PM;??;103396;1;4;100;74;91;2;267
2025-08-04;PM;??;103450;1;4;100;67;100;0;267
2025-08-04;PM;??;103676;1;3;81;91;94;1;267
2025-08-04;PM;??;103776;0;1;85;100;80;2;267
2025-08-04;PM;??;103790;1;1;84;100;83;0;267
2025-08-04;PM;??;103840;1;3;98;96;63;10;267
2025-08-04;PM;??;103866;1;2;86;81;100;0;267
2025-08-04;PM;??;103904;1;2;80;84;100;3;267
2025-08-04;PM;??;102371;1;4;99;78;81;8;266
2025-08-04;PM;??;102422;1;1;63;98;100;5;266
2025-08-04;PM;??;102472;0;1;83;77;100;6;266
2025-08-04;PM;??;102502;1;1;98;100;66;2;266
2025-08-04;PM;??;102551;1;1;74;92;91;9;266
2025-08-04;PM;??;102589;0;4;97;100;65;4;266
2025-08-04;PM;??;102593;0;4;69;100;90;7;266
2025-08-04;PM;??;102618;1;1;79;100;79;8;266
2025-08-04;PM;??;102788;0;4;78;100;81;7;266
2025-08-04;PM;??;102816;1;4;95;73;92;6;266
2025-08-04;PM;??;102854;0;1;86;80;91;9;266
2025-08-04;PM;??;102876;1;2;100;90;70;6;266
2025-08-04;PM;??;102902;1;4;100;83;75;8;266
2025-08-04;PM;??;102923;1;2;97;79;87;3;266
2025-08-04;PM;??;103003;1;4;73;100;85;8;266
2025-08-04;PM;??;103419;1;4;92;74;100;0;266
2025-08-04;PM;??;103686;1;3;73;100;89;4;266
2025-08-04;PM;??;103801;0;1;100;57;100;9;266
2025-08-04;PM;??;103828;1;1;99;99;59;9;266
2025-08-04;PM;??;103850;1;1;100;100;60;6;266
2025-08-04;PM;??;103910;1;2;80;92;87;7;266
2025-08-04;PM;??;102257;1;4;70;97;92;6;265
2025-08-04;PM;??;102361;1;4;68;94;100;3;265
2025-08-04;PM;??;102439;1;4;77;100;83;5;265
2025-08-04;PM;??;102468;1;4;99;65;100;1;265
2025-08-04;PM;??;102523;1;1;88;73;100;4;265
2025-08-04;PM;??;102601;1;2;86;84;93;2;265
2025-08-04;PM;??;102694;1;1;88;97;78;2;265
2025-08-04;PM;??;102717;1;3;87;71;100;7;265
2025-08-04;PM;??;102751;1;1;96;83;79;7;265
2025-08-04;PM;??;102964;1;1;87;88;87;3;265
2025-08-04;PM;??;103009;1;2;64;94;100;7;265
2025-08-04;PM;??;103428;1;4;79;100;84;2;265
2025-08-04;PM;??;103429;1;1;93;96;68;8;265
2025-08-04;PM;??;103629;1;4;90;100;72;3;265
2025-08-04;PM;??;103646;1;1;100;84;79;2;265
2025-08-04;PM;??;103860;1;1;100;80;81;4;265
2025-08-04;PM;??;103869;0;1;90;86;87;2;265
2025-08-04;PM;??;102278;1;3;87;96;81;0;264
2025-08-04;PM;??;102317;1;4;66;97;99;2;264
2025-08-04;PM;??;102401;1;4;100;100;60;4;264
2025-08-04;PM;??;102480;1;1;87;90;78;9;264
2025-08-04;PM;??;102545;0;2;55;100;100;9;264
2025-08-04;PM;??;102760;1;1;100;95;67;2;264
2025-08-04;PM;??;102813;0;2;60;100;100;4;264
2025-08-04;PM;??;102966;1;1;96;88;73;7;264
2025-08-04;PM;??;102988;1;3;100;88;70;6;264
2025-08-04;PM;??;103418;1;1;86;78;100;0;264
2025-08-04;PM;??;103466;0;1;81;80;98;5;264
2025-08-04;PM;??;103804;1;4;85;70;100;9;264
2025-08-04;PM;??;103837;0;1;65;91;100;8;264
2025-08-04;PM;??;103843;1;2;83;87;87;7;264
2025-08-04;PM;??;102228;1;1;97;59;100;7;263
2025-08-04;PM;??;102457;1;2;56;100;100;7;263
2025-08-04;PM;??;102568;1;1;74;88;97;4;263
2025-08-04;PM;??;102699;1;1;79;79;100;5;263
2025-08-04;PM;??;102701;1;2;94;81;80;8;263
2025-08-04;PM;??;102929;1;3;83;79;98;3;263
2025-08-04;PM;??;103733;1;1;86;95;82;0;263
2025-08-04;PM;??;103798;1;4;98;64;91;10;263
2025-08-04;PM;??;102247;1;1;71;89;98;4;262
2025-08-04;PM;??;102316;1;1;68;98;95;1;262
2025-08-04;PM;??;102424;1;1;91;93;74;4;262
2025-08-04;PM;??;102595;1;2;82;72;99;9;262
2025-08-04;PM;??;102700;1;2;98;69;89;6;262
2025-08-04;PM;??;102874;1;2;80;79;100;3;262
2025-08-04;PM;??;102885;1;1;88;100;65;9;262
2025-08-04;PM;??;102896;1;4;100;76;80;6;262
2025-08-04;PM;??;102909;1;3;78;79;100;5;262
2025-08-04;PM;??;103416;1;3;98;64;92;8;262
2025-08-04;PM;??;103434;1;1;99;79;74;10;262
2025-08-04;PM;??;103451;1;1;72;100;83;7;262
2025-08-04;PM;??;103654;1;1;75;100;82;5;262
2025-08-04;PM;??;103731;0;4;60;96;100;6;262
2025-08-04;PM;??;103814;1;1;89;88;81;4;262
2025-08-04;PM;??;103824;1;1;81;100;76;5;262
2025-08-04;PM;??;103835;1;1;100;61;100;1;262
2025-08-04;PM;??;103854;1;1;88;86;86;2;262
2025-08-04;PM;??;103897;1;1;62;95;95;10;262
2025-08-04;PM;??;102299;1;4;100;82;72;7;261
2025-08-04;PM;??;102328;0;2;100;63;94;4;261
2025-08-04;PM;??;102381;1;4;62;93;100;6;261
2025-08-04;PM;??;102441;1;1;86;93;81;1;261
2025-08-04;PM;??;102484;1;3;100;74;87;0;261
2025-08-04;PM;??;102583;1;1;100;71;87;3;261
2025-08-04;PM;??;102779;1;1;99;94;61;7;261
2025-08-04;PM;??;102814;0;3;86;98;73;4;261
2025-08-04;PM;??;102844;1;4;78;92;83;8;261
2025-08-04;PM;??;102924;1;3;100;95;62;4;261
2025-08-04;PM;??;103481;0;4;100;66;92;3;261
2025-08-04;PM;??;103663;1;3;95;77;87;2;261
2025-08-04;PM;??;103742;0;1;100;77;83;1;261
2025-08-04;PM;??;103746;1;1;100;81;74;6;261
2025-08-04;PM;??;103764;1;3;100;56;100;5;261
2025-08-04;PM;??;103773;1;1;75;91;90;5;261
2025-08-04;PM;??;102307;0;3;84;100;68;8;260
2025-08-04;PM;??;102448;1;4;94;100;59;7;260
2025-08-04;PM;??;102501;0;1;87;100;68;5;260
2025-08-04;PM;??;102537;1;4;100;63;88;9;260
2025-08-04;PM;??;102633;1;4;67;87;100;6;260
2025-08-04;PM;??;102733;1;4;100;92;67;1;260
2025-08-04;PM;??;102782;1;1;92;91;72;5;260
2025-08-04;PM;??;102853;1;1;98;78;82;2;260
2025-08-04;PM;??;102855;1;1;92;87;73;8;260
2025-08-04;PM;??;102871;0;3;92;84;82;2;260
2025-08-04;PM;??;103002;0;4;100;97;62;1;260
2025-08-04;PM;??;103018;1;1;100;85;73;2;260
2025-08-04;PM;??;103458;1;2;100;69;87;4;260
2025-08-04;PM;??;103606;1;1;100;64;88;8;260
2025-08-04;PM;??;103662;1;3;95;88;72;5;260
2025-08-04;PM;??;103684;1;3;78;97;82;3;260
2025-08-04;PM;??;103759;1;1;63;100;88;9;260
2025-08-04;PM;??;102237;1;2;96;62;91;10;259
2025-08-04;PM;??;102249;1;1;100;89;61;9;259
2025-08-04;PM;??;102464;1;4;100;92;65;2;259
2025-08-04;PM;??;102709;1;2;78;82;98;1;259
2025-08-04;PM;??;102780;1;4;92;64;99;4;259
2025-08-04;PM;??;102864;0;1;88;85;78;8;259
2025-08-04;PM;??;102886;1;1;66;83;100;10;259
2025-08-04;PM;??;102912;1;4;95;78;77;9;259
2025-08-04;PM;??;103482;1;1;65;100;84;10;259
2025-08-04;PM;??;103594;1;4;67;84;100;8;259
2025-08-04;PM;??;103772;0;4;100;66;87;6;259
2025-08-04;PM;??;103842;1;4;75;75;100;9;259
2025-08-04;PM;??;103903;1;2;100;76;79;4;259
2025-08-04;PM;??;103909;1;2;94;89;73;3;259
2025-08-04;PM;??;103914;0;1;100;83;71;5;259
2025-08-04;PM;??;102251;1;1;82;96;72;8;258
2025-08-04;PM;??;102276;1;1;71;100;83;4;258
2025-08-04;PM;??;102358;1;1;89;69;100;0;258
2025-08-04;PM;??;102465;1;1;79;74;97;8;258
2025-08-04;PM;??;102498;1;4;63;97;88;10;258
2025-08-04;PM;??;102518;1;1;97;70;83;8;258
2025-08-04;PM;??;102533;1;4;88;66;94;10;258
2025-08-04;PM;??;102679;1;3;74;76;100;8;258
2025-08-04;PM;??;102703;1;1;100;81;76;1;258
2025-08-04;PM;??;102737;1;4;89;68;100;1;258
2025-08-04;PM;??;102748;1;1;99;63;90;6;258
2025-08-04;PM;??;102834;1;3;79;85;94;0;258
2025-08-04;PM;??;102835;1;2;89;99;64;6;258
2025-08-04;PM;??;102847;1;4;73;95;87;3;258
2025-08-04;PM;??;102986;1;1;88;62;100;8;258
2025-08-04;PM;??;103021;1;1;100;86;65;7;258
2025-08-04;PM;??;103417;0;1;100;58;95;5;258
2025-08-04;PM;??;103456;1;2;80;68;100;10;258
2025-08-04;PM;??;103598;1;4;96;59;95;8;258
2025-08-04;PM;??;103670;0;4;85;82;91;0;258
2025-08-04;PM;??;103671;0;1;100;65;85;8;258
2025-08-04;PM;??;103789;1;1;100;78;77;3;258
2025-08-04;PM;??;103846;1;1;89;66;99;4;258
2025-08-04;PM;??;103873;1;3;92;66;100;0;258
2025-08-04;PM;??;102270;1;3;69;87;100;1;257
2025-08-04;PM;??;102290;1;4;83;98;71;5;257
2025-08-04;PM;??;102306;1;2;100;87;63;7;257
2025-08-04;PM;??;102324;0;1;93;96;62;6;257
2025-08-04;PM;??;102341;1;1;65;89;100;3;257
2025-08-04;PM;??;102488;1;3;100;90;59;8;257
2025-08-04;PM;??;102547;1;3;94;85;70;8;257
2025-08-04;PM;??;102749;1;1;66;89;100;2;257
2025-08-04;PM;??;102830;1;1;93;100;64;0;257
2025-08-04;PM;??;102865;1;3;77;100;80;0;257
2025-08-04;PM;??;102869;1;4;100;68;85;4;257
2025-08-04;PM;??;102968;1;4;100;55;92;10;257
2025-08-04;PM;??;103383;1;1;72;82;100;3;257
2025-08-04;PM;??;103388;1;2;76;81;91;9;257
2025-08-04;PM;??;103474;1;4;65;99;93;0;257
2025-08-04;PM;??;103677;1;4;55;94;100;8;257
2025-08-04;PM;??;103755;1;4;57;100;90;10;257
2025-08-04;PM;??;103771;1;2;82;74;96;5;257
2025-08-04;PM;??;103913;1;2;78;74;100;5;257
2025-08-04;PM;??;102345;1;1;70;96;80;10;256
2025-08-04;PM;??;102351;1;4;90;59;97;10;256
2025-08-04;PM;??;102434;1;1;100;61;89;6;256
2025-08-04;PM;??;102479;1;3;56;98;100;2;256
2025-08-04;PM;??;102499;1;4;88;65;93;10;256
2025-08-04;PM;??;102602;1;3;64;100;83;9;256
2025-08-04;PM;??;102607;0;1;83;100;63;10;256
2025-08-04;PM;??;102634;1;1;73;85;91;7;256
2025-08-04;PM;??;102652;1;4;79;74;100;3;256
2025-08-04;PM;??;102731;1;3;89;63;95;9;256
2025-08-04;PM;??;102908;1;2;97;97;57;5;256
2025-08-04;PM;??;102930;0;1;72;82;100;2;256
2025-08-04;PM;??;103609;1;1;100;75;75;6;256
2025-08-04;PM;??;103618;1;1;79;100;76;1;256
2025-08-04;PM;??;103815;1;1;63;100;88;5;256
2025-08-04;PM;??;103848;1;4;68;99;89;0;256
2025-08-04;PM;??;103899;1;4;81;87;80;8;256
2025-08-04;PM;??;102239;0;2;100;84;63;8;255
2025-08-04;PM;??;102287;1;4;94;68;88;5;255
2025-08-04;PM;??;102386;1;4;55;97;100;3;255
2025-08-04;PM;??;102542;0;2;81;100;72;2;255
2025-08-04;PM;??;102570;1;1;72;74;100;9;255
2025-08-04;PM;??;102579;1;2;53;92;100;10;255
2025-08-04;PM;??;102750;1;4;100;85;62;8;255
2025-08-04;PM;??;102913;1;1;100;57;93;5;255
2025-08-04;PM;??;103005;0;2;84;80;91;0;255
2025-08-04;PM;??;103389;1;1;59;100;89;7;255
2025-08-04;PM;??;103475;1;1;60;93;99;3;255
2025-08-04;PM;??;103720;0;4;100;83;64;8;255
2025-08-04;PM;??;103800;1;3;93;62;92;8;255
2025-08-04;PM;??;103868;1;1;69;100;78;8;255
2025-08-04;PM;??;102388;1;4;79;100;75;0;254
2025-08-04;PM;??;102402;1;1;100;61;89;4;254
2025-08-04;PM;??;102417;1;1;88;80;86;0;254
2025-08-04;PM;??;102433;0;1;80;100;74;0;254
2025-08-04;PM;??;102471;1;1;100;80;67;7;254
2025-08-04;PM;??;102492;1;3;82;99;66;7;254
2025-08-04;PM;??;102566;1;1;100;81;65;8;254
2025-08-04;PM;??;102672;1;1;81;65;100;8;254
2025-08-04;PM;??;102744;1;2;89;58;98;9;254
2025-08-04;PM;??;102765;1;3;85;77;92;0;254
2025-08-04;PM;??;102785;1;4;75;98;74;7;254
2025-08-04;PM;??;102815;1;2;77;68;100;9;254
2025-08-04;PM;??;102915;1;2;63;87;100;4;254
2025-08-04;PM;??;102974;1;3;77;89;86;2;254
2025-08-04;PM;??;103025;1;1;65;81;100;8;254
2025-08-04;PM;??;103455;1;4;87;84;79;4;254
2025-08-04;PM;??;103470;1;4;94;69;86;5;254
2025-08-04;PM;??;103639;1;1;82;100;67;5;254
2025-08-04;PM;??;103729;1;2;88;74;87;5;254
2025-08-04;PM;??;103883;1;1;58;91;99;6;254
2025-08-04;PM;??;102260;1;1;100;64;81;8;253
2025-08-04;PM;??;102301;1;4;61;91;100;1;253
2025-08-04;PM;??;102309;1;1;89;79;84;1;253
2025-08-04;PM;??;102368;1;1;74;76;100;3;253
2025-08-04;PM;??;102476;1;4;95;100;56;2;253
2025-08-04;PM;??;102529;1;3;91;71;82;9;253
2025-08-04;PM;??;102617;1;3;68;85;98;2;253
2025-08-04;PM;??;102648;0;4;100;62;91;0;253
2025-08-04;PM;??;102741;0;1;73;89;88;3;253
2025-08-04;PM;??;102803;0;1;74;81;89;9;253
2025-08-04;PM;??;102826;1;1;88;91;74;0;253
2025-08-04;PM;??;102849;1;3;100;61;88;4;253
2025-08-04;PM;??;102891;1;1;94;86;66;7;253
2025-08-04;PM;??;102941;0;3;70;76;100;7;253
2025-08-04;PM;??;103008;0;1;77;100;74;2;253
2025-08-04;PM;??;103421;0;1;94;66;92;1;253
2025-08-04;PM;??;103449;1;4;81;100;64;8;253
2025-08-04;PM;??;103643;0;1;87;95;61;10;253
2025-08-04;PM;??;103836;1;4;77;79;91;6;253
2025-08-04;PM;??;103856;1;2;63;85;100;5;253
2025-08-04;PM;??;102408;1;2;92;100;58;2;252
2025-08-04;PM;??;102517;1;1;91;64;96;1;252
2025-08-04;PM;??;102528;1;4;66;90;93;3;252
2025-08-04;PM;??;102557;1;1;98;70;81;3;252
2025-08-04;PM;??;102594;1;4;77;69;100;6;252
2025-08-04;PM;??;102609;1;1;91;97;64;0;252
2025-08-04;PM;??;102610;1;2;68;82;96;6;252
2025-08-04;PM;??;102716;1;1;92;64;88;8;252
2025-08-04;PM;??;102904;1;3;84;58;100;10;252
2025-08-04;PM;??;102976;0;1;79;99;64;10;252
2025-08-04;PM;??;103027;1;3;74;75;100;3;252
2025-08-04;PM;??;103395;1;2;94;58;100;0;252
2025-08-04;PM;??;103838;1;4;97;82;68;5;252
2025-08-04;PM;??;103859;1;4;88;100;60;4;252
2025-08-04;PM;??;102432;1;2;60;90;100;1;251
2025-08-04;PM;??;102507;1;4;68;76;100;7;251
2025-08-04;PM;??;102621;1;1;100;77;66;8;251
2025-08-04;PM;??;102631;1;1;69;94;78;10;251
2025-08-04;PM;??;102739;0;4;79;100;67;5;251
2025-08-04;PM;??;103399;1;3;88;100;58;5;251
2025-08-04;PM;??;103638;1;1;63;92;91;5;251
2025-08-04;PM;??;103660;1;4;87;90;71;3;251
2025-08-04;PM;??;103710;1;2;79;85;87;0;251
2025-08-04;PM;??;103736;1;4;100;67;76;8;251
2025-08-04;PM;??;103766;1;3;98;78;71;4;251
2025-08-04;PM;??;103785;1;3;62;97;90;2;251
2025-08-04;PM;??;103787;1;1;73;72;100;6;251
2025-08-04;PM;??;103809;1;4;100;70;76;5;251
2025-08-04;PM;??;103861;1;4;65;87;99;0;251
2025-08-04;PM;??;103862;1;2;88;100;57;6;251
2025-08-04;PM;??;103879;1;1;87;100;64;0;251
2025-08-04;PM;??;102246;1;1;100;59;91;0;250
2025-08-04;PM;??;102296;1;1;87;63;100;0;250
2025-08-04;PM;??;102347;1;2;68;95;77;10;250
2025-08-04;PM;??;102395;1;4;83;100;61;6;250
2025-08-04;PM;??;102508;0;4;84;64;94;8;250
2025-08-04;PM;??;102526;1;1;93;83;66;8;250
2025-08-04;PM;??;102584;1;2;80;66;100;4;250
2025-08-04;PM;??;102605;1;1;96;77;68;9;250
2025-08-04;PM;??;102758;0;2;81;100;63;6;250
2025-08-04;PM;??;102823;0;4;93;87;62;8;250
2025-08-04;PM;??;102841;1;1;57;98;88;7;250
2025-08-04;PM;??;102981;1;4;75;98;74;3;250
2025-08-04;PM;??;103398;1;3;100;70;70;10;250
2025-08-04;PM;??;103447;0;2;79;83;80;8;250
2025-08-04;PM;??;103597;1;1;80;90;78;2;250
2025-08-04;PM;??;103688;1;1;88;67;93;2;250
2025-08-04;PM;??;103783;1;2;74;78;95;3;250
2025-08-04;PM;??;102235;0;4;100;87;56;6;249
2025-08-04;PM;??;102366;1;4;88;65;87;9;249
2025-08-04;PM;??;102407;0;2;70;97;78;4;249
2025-08-04;PM;??;102413;1;1;85;86;76;2;249
2025-08-04;PM;??;102437;1;1;100;77;72;0;249
2025-08-04;PM;??;102512;1;4;100;94;53;2;249
2025-08-04;PM;??;102581;0;1;88;73;84;4;249
2025-08-04;PM;??;102625;1;4;80;76;87;6;249
2025-08-04;PM;??;102712;1;4;100;89;59;1;249
2025-08-04;PM;??;102713;1;4;56;84;100;9;249
2025-08-04;PM;??;102755;1;4;87;62;90;10;249
2025-08-04;PM;??;102900;1;4;81;77;88;3;249
2025-08-04;PM;??;103444;1;1;100;62;80;7;249
2025-08-04;PM;??;103453;1;1;90;83;71;5;249
2025-08-04;PM;??;103633;1;4;77;79;87;6;249
2025-08-04;PM;??;103659;1;2;91;74;79;5;249
2025-08-04;PM;??;103661;1;3;88;72;84;5;249
2025-08-04;PM;??;103737;1;4;78;79;82;10;249
2025-08-04;PM;??;103744;1;1;66;100;73;10;249
2025-08-04;PM;??;103803;1;4;71;100;74;4;249
2025-08-04;PM;??;103820;1;4;93;85;63;8;249
2025-08-04;PM;??;103849;1;1;75;100;72;2;249
2025-08-04;PM;??;102335;1;2;82;64;100;2;248
2025-08-04;PM;??;102470;0;4;100;88;59;1;248
2025-08-04;PM;??;102513;1;1;78;100;67;3;248
2025-08-04;PM;??;102534;0;3;74;83;84;7;248
2025-08-04;PM;??;102535;1;4;65;94;80;9;248
2025-08-04;PM;??;102619;1;4;99;95;50;4;248
2025-08-04;PM;??;102624;1;1;100;79;66;3;248
2025-08-04;PM;??;102783;0;4;79;62;100;7;248
2025-08-04;PM;??;102794;0;1;100;58;89;1;248
2025-08-04;PM;??;102956;0;2;75;85;87;1;248
2025-08-04;PM;??;103000;1;1;73;69;100;6;248
2025-08-04;PM;??;103032;1;1;64;98;86;0;248
2025-08-04;PM;??;103392;1;1;85;57;97;9;248
2025-08-04;PM;??;103439;1;4;91;80;72;5;248
2025-08-04;PM;??;103441;1;4;94;83;68;3;248
2025-08-04;PM;??;103593;1;4;100;67;74;7;248
2025-08-04;PM;??;103601;1;4;71;100;67;10;248
2025-08-04;PM;??;103634;1;2;65;83;100;0;248
2025-08-04;PM;??;103674;0;4;65;100;83;0;248
2025-08-04;PM;??;103819;1;2;58;100;82;8;248
2025-08-04;PM;??;103896;1;3;69;100;79;0;248
2025-08-04;PM;??;102458;1;4;86;58;93;10;247
2025-08-04;PM;??;102527;0;2;69;92;79;7;247
2025-08-04;PM;??;102645;1;4;69;82;91;5;247
2025-08-04;PM;??;102658;0;2;62;83;97;5;247
2025-08-04;PM;??;102764;1;4;87;75;81;4;247
2025-08-04;PM;??;102805;1;4;66;100;80;1;247
2025-08-04;PM;??;102935;1;4;69;86;88;4;247
2025-08-04;PM;??;102991;1;3;89;77;71;10;247
2025-08-04;PM;??;103443;1;4;63;95;89;0;247
2025-08-04;PM;??;103623;0;4;80;100;58;9;247
2025-08-04;PM;??;103648;1;4;69;100;77;1;247
2025-08-04;PM;??;103666;1;1;78;82;81;6;247
2025-08-04;PM;??;103881;1;4;71;85;88;3;247
2025-08-04;PM;??;103887;1;4;80;82;76;9;247
2025-08-04;PM;??;103916;1;3;59;100;80;8;247
2025-08-04;PM;??;102231;1;2;100;60;76;10;246
2025-08-04;PM;??;102318;0;3;81;100;58;7;246
2025-08-04;PM;??;102349;1;2;68;77;100;1;246
2025-08-04;PM;??;102365;0;4;69;100;77;0;246
2025-08-04;PM;??;102423;0;1;85;57;100;4;246
2025-08-04;PM;??;102491;1;4;92;65;85;4;246
2025-08-04;PM;??;102636;1;1;69;96;74;7;246
2025-08-04;PM;??;102761;1;1;79;64;100;3;246
2025-08-04;PM;??;102768;1;1;91;86;69;0;246
2025-08-04;PM;??;102790;1;1;84;75;84;3;246
2025-08-04;PM;??;102822;1;4;64;91;85;6;246
2025-08-04;PM;??;102829;0;1;78;72;90;6;246
2025-08-04;PM;??;102839;1;1;87;89;63;7;246
2025-08-04;PM;??;102867;1;2;100;66;78;2;246
2025-08-04;PM;??;102927;1;4;56;97;85;8;246
2025-08-04;PM;??;103484;1;3;83;60;99;4;246
2025-08-04;PM;??;103682;1;1;58;95;84;9;246
2025-08-04;PM;??;103714;1;1;87;73;83;3;246
2025-08-04;PM;??;103777;1;2;88;91;67;0;246
2025-08-04;PM;??;103802;1;1;65;88;85;8;246
2025-08-04;PM;??;103880;1;1;72;89;83;2;246
2025-08-04;PM;??;103898;1;3;88;92;56;10;246
2025-08-04;PM;??;102240;1;2;69;100;75;1;245
2025-08-04;PM;??;102265;1;3;64;85;96;0;245
2025-08-04;PM;??;102342;1;2;65;94;76;10;245
2025-08-04;PM;??;102344;1;4;89;89;65;2;245
2025-08-04;PM;??;102541;1;1;73;100;70;2;245
2025-08-04;PM;??;102561;0;1;100;78;65;2;245
2025-08-04;PM;??;102827;1;3;60;100;79;6;245
2025-08-04;PM;??;102921;1;4;64;75;99;7;245
2025-08-04;PM;??;102937;1;3;50;100;95;0;245
2025-08-04;PM;??;103412;1;4;55;84;100;6;245
2025-08-04;PM;??;103457;1;1;72;73;100;0;245
2025-08-04;PM;??;103469;1;2;62;82;100;1;245
2025-08-04;PM;??;103630;1;1;58;85;99;3;245
2025-08-04;PM;??;103664;1;4;71;88;77;9;245
2025-08-04;PM;??;103675;1;4;68;70;100;7;245
2025-08-04;PM;??;103839;1;2;100;64;77;4;245
2025-08-04;PM;??;103857;1;1;89;78;71;7;245
2025-08-04;PM;??;102253;1;3;84;69;85;6;244
2025-08-04;PM;??;102303;1;4;66;99;70;9;244
2025-08-04;PM;??;102310;1;3;81;61;100;2;244
2025-08-04;PM;??;102364;1;3;58;97;84;5;244
2025-08-04;PM;??;102495;1;1;79;63;93;9;244
2025-08-04;PM;??;102497;1;4;93;77;67;7;244
2025-08-04;PM;??;102525;1;4;95;90;56;3;244
2025-08-04;PM;??;102559;1;4;67;94;74;9;244
2025-08-04;PM;??;102667;1;1;74;67;100;3;244
2025-08-04;PM;??;102692;1;1;100;67;75;2;244
2025-08-04;PM;??;102698;1;1;100;74;67;3;244
2025-08-04;PM;??;102708;1;1;86;76;82;0;244
2025-08-04;PM;??;102877;1;1;82;91;67;4;244
2025-08-04;PM;??;102905;0;1;92;80;66;6;244
2025-08-04;PM;??;102953;1;4;79;68;87;10;244
2025-08-04;PM;??;102957;1;1;74;69;100;1;244
2025-08-04;PM;??;103015;0;2;85;75;75;9;244
2025-08-04;PM;??;103610;1;2;86;76;80;2;244
2025-08-04;PM;??;103717;1;3;82;76;77;9;244
2025-08-04;PM;??;103719;1;2;72;100;67;5;244
2025-08-04;PM;??;103723;1;1;93;57;85;9;244
2025-08-04;PM;??;103806;1;2;93;57;87;7;244
2025-08-04;PM;??;103834;1;4;93;70;77;4;244
2025-08-04;PM;??;102269;1;2;55;88;91;9;243
2025-08-04;PM;??;102340;0;4;77;100;65;1;243
2025-08-04;PM;??;102399;1;4;81;71;82;9;243
2025-08-04;PM;??;102603;1;1;77;68;92;6;243
2025-08-04;PM;??;102613;0;1;69;83;85;6;243
2025-08-04;PM;??;102651;1;3;63;79;95;6;243
2025-08-04;PM;??;102781;0;1;60;78;100;5;243
2025-08-04;PM;??;102846;0;2;60;82;97;4;243
2025-08-04;PM;??;102863;1;2;59;100;83;1;243
2025-08-04;PM;??;102870;1;1;62;72;100;9;243
2025-08-04;PM;??;103446;1;4;89;77;77;0;243
2025-08-04;PM;??;103711;1;3;92;68;82;1;243
2025-08-04;PM;??;102233;1;4;97;59;80;6;242
2025-08-04;PM;??;102258;1;1;62;74;100;6;242
2025-08-04;PM;??;102332;1;3;66;96;79;1;242
2025-08-04;PM;??;102404;0;2;79;66;96;1;242
2025-08-04;PM;??;102628;1;4;97;70;75;0;242
2025-08-04;PM;??;102726;0;2;79;70;85;8;242
2025-08-04;PM;??;102919;1;4;50;90;94;8;242
2025-08-04;PM;??;102928;1;2;81;94;66;1;242
2025-08-04;PM;??;102961;1;1;71;100;62;9;242
2025-08-04;PM;??;102989;1;1;59;86;90;7;242
2025-08-04;PM;??;103442;1;1;69;84;83;6;242
2025-08-04;PM;??;103460;1;2;92;54;86;10;242
2025-08-04;PM;??;103631;1;4;59;78;97;8;242
2025-08-04;PM;??;103882;1;1;97;79;66;0;242
2025-08-04;PM;??;102391;1;1;61;99;71;10;241
2025-08-04;PM;??;102591;1;1;77;61;93;10;241
2025-08-04;PM;??;102687;1;4;71;75;91;4;241
2025-08-04;PM;??;102775;0;4;70;100;65;6;241
2025-08-04;PM;??;102898;1;1;69;100;63;9;241
2025-08-04;PM;??;102943;0;1;67;67;100;7;241
2025-08-04;PM;??;102971;1;3;94;73;70;4;241
2025-08-04;PM;??;102983;1;1;63;97;71;10;241
2025-08-04;PM;??;103407;1;1;77;84;80;0;241
2025-08-04;PM;??;103463;1;1;60;73;100;8;241
2025-08-04;PM;??;103471;1;4;91;64;78;8;241
2025-08-04;PM;??;103811;1;4;52;92;89;8;241
2025-08-04;PM;??;103825;1;1;65;80;94;2;241
2025-08-04;PM;??;103875;1;1;60;88;83;10;241
2025-08-04;PM;??;102238;1;1;76;100;59;5;240
2025-08-04;PM;??;102339;0;4;62;73;100;5;240
2025-08-04;PM;??;102377;1;3;71;83;81;5;240
2025-08-04;PM;??;102469;1;3;79;54;100;7;240
2025-08-04;PM;??;102493;1;3;60;75;100;5;240
2025-08-04;PM;??;102746;1;2;56;80;96;8;240
2025-08-04;PM;??;102819;0;4;68;85;82;5;240
2025-08-04;PM;??;102970;1;3;80;62;94;4;240
2025-08-04;PM;??;103438;0;4;88;55;92;5;240
2025-08-04;PM;??;103480;1;1;89;74;70;7;240
2025-08-04;PM;??;103653;1;4;87;68;84;1;240
2025-08-04;PM;??;103658;1;2;92;54;84;10;240
2025-08-04;PM;??;103703;1;2;67;83;82;8;240
2025-08-04;PM;??;103767;1;1;74;78;82;6;240
2025-08-04;PM;??;103917;1;4;83;55;100;2;240
2025-08-04;PM;??;102279;0;1;100;70;63;6;239
2025-08-04;PM;??;102298;0;3;73;67;93;6;239
2025-08-04;PM;??;102315;1;1;74;57;100;8;239
2025-08-04;PM;??;102396;1;1;81;92;66;0;239
2025-08-04;PM;??;102494;1;2;81;68;87;3;239
2025-08-04;PM;??;102558;1;3;85;62;92;0;239
2025-08-04;PM;??;102571;1;1;69;65;97;8;239
2025-08-04;PM;??;102578;1;3;73;74;85;7;239
2025-08-04;PM;??;102710;1;4;68;86;85;0;239
2025-08-04;PM;??;102723;1;2;73;79;83;4;239
2025-08-04;PM;??;102753;1;2;84;58;90;7;239
2025-08-04;PM;??;102787;1;1;75;70;92;2;239
2025-08-04;PM;??;102887;1;3;53;82;100;4;239
2025-08-04;PM;??;102954;1;4;65;87;79;8;239
2025-08-04;PM;??;102958;1;1;73;99;59;8;239
2025-08-04;PM;??;102963;1;2;90;80;60;9;239
2025-08-04;PM;??;102975;1;2;55;79;100;5;239
2025-08-04;PM;??;103464;1;1;95;69;65;10;239
2025-08-04;PM;??;102292;1;1;61;70;100;7;238
2025-08-04;PM;??;102327;0;4;76;100;60;2;238
2025-08-04;PM;??;102370;0;4;92;47;90;9;238
2025-08-04;PM;??;102429;1;4;91;88;54;5;238
2025-08-04;PM;??;102447;1;2;67;97;69;5;238
2025-08-04;PM;??;102451;1;1;77;98;59;4;238
2025-08-04;PM;??;102453;0;1;85;70;77;6;238
2025-08-04;PM;??;102478;1;1;60;69;100;9;238
2025-08-04;PM;??;102505;1;3;70;80;81;7;238
2025-08-04;PM;??;102552;1;4;77;93;62;6;238
2025-08-04;PM;??;102569;1;2;71;66;100;1;238
2025-08-04;PM;??;102574;1;1;62;69;99;8;238
2025-08-04;PM;??;102592;1;1;96;67;70;5;238
2025-08-04;PM;??;102626;1;3;94;67;71;6;238
2025-08-04;PM;??;102811;0;3;55;74;100;9;238
2025-08-04;PM;??;102894;1;2;100;70;67;1;238
2025-08-04;PM;??;103006;0;1;69;77;84;8;238
2025-08-04;PM;??;103387;1;2;87;92;58;1;238
2025-08-04;PM;??;103487;1;4;77;86;68;7;238
2025-08-04;PM;??;103655;1;1;100;58;72;8;238
2025-08-04;PM;??;103705;1;3;55;89;91;3;238
2025-08-04;PM;??;103716;1;4;80;56;100;2;238
2025-08-04;PM;??;103779;1;1;77;78;80;3;238
2025-08-04;PM;??;102357;1;1;63;71;100;3;237
2025-08-04;PM;??;102363;1;1;68;82;82;5;237
2025-08-04;PM;??;102454;1;4;72;80;84;1;237
2025-08-04;PM;??;102475;1;3;62;85;90;0;237
2025-08-04;PM;??;102490;1;1;74;73;81;9;237
2025-08-04;PM;??;102629;1;4;92;71;64;10;237
2025-08-04;PM;??;102664;1;4;59;74;100;4;237
2025-08-04;PM;??;102706;0;4;68;94;71;4;237
2025-08-04;PM;??;102800;1;2;63;100;71;3;237
2025-08-04;PM;??;102806;0;3;86;68;79;4;237
2025-08-04;PM;??;102873;0;1;65;100;68;4;237
2025-08-04;PM;??;102917;0;4;70;100;61;6;237
2025-08-04;PM;??;103426;1;4;99;69;59;10;237
2025-08-04;PM;??;103488;1;4;77;100;57;3;237
2025-08-04;PM;??;103637;1;2;86;90;58;3;237
2025-08-04;PM;??;103715;1;3;100;70;67;0;237
2025-08-04;PM;??;103781;0;3;89;79;59;10;237
2025-08-04;PM;??;103900;1;1;86;70;81;0;237
2025-08-04;PM;??;102243;1;1;84;79;65;8;236
2025-08-04;PM;??;102294;1;3;77;59;100;0;236
2025-08-04;PM;??;102350;1;3;81;57;98;0;236
2025-08-04;PM;??;102374;0;3;91;56;89;0;236
2025-08-04;PM;??;102521;1;3;94;51;86;5;236
2025-08-04;PM;??;102532;0;1;93;59;78;6;236
2025-08-04;PM;??;102536;1;3;78;83;73;2;236
2025-08-04;PM;??;102615;1;1;82;64;81;9;236
2025-08-04;PM;??;102722;1;3;61;70;100;5;236
2025-08-04;PM;??;102771;1;1;77;77;78;4;236
2025-08-04;PM;??;103017;0;1;69;66;92;9;236
2025-08-04;PM;??;103667;1;4;73;74;82;7;236
2025-08-04;PM;??;102274;1;1;100;59;69;7;235
2025-08-04;PM;??;102390;1;3;78;72;80;5;235
2025-08-04;PM;??;102431;1;4;60;91;81;3;235
2025-08-04;PM;??;102462;1;1;69;80;80;6;235
2025-08-04;PM;??;102611;1;2;71;56;100;8;235
2025-08-04;PM;??;102660;1;2;63;69;97;6;235
2025-08-04;PM;??;102985;1;4;48;87;95;5;235
2025-08-04;PM;??;103393;1;2;87;88;50;10;235
2025-08-04;PM;??;103452;0;1;87;60;79;9;235
2025-08-04;PM;??;103473;1;3;81;52;99;3;235
2025-08-04;PM;??;103492;1;1;72;100;60;3;235
2025-08-04;PM;??;103626;1;4;86;89;57;3;235
2025-08-04;PM;??;102277;1;1;93;61;75;5;234
2025-08-04;PM;??;102297;1;1;100;66;66;2;234
2025-08-04;PM;??;102305;1;4;81;66;81;6;234
2025-08-04;PM;??;102372;1;2;68;88;72;6;234
2025-08-04;PM;??;102406;1;3;58;69;100;7;234
2025-08-04;PM;??;102504;1;1;60;80;87;7;234
2025-08-04;PM;??;102656;1;3;89;58;80;7;234
2025-08-04;PM;??;102728;1;4;77;65;83;9;234
2025-08-04;PM;??;102801;1;3;48;84;99;3;234
2025-08-04;PM;??;103390;1;4;97;63;65;9;234
2025-08-04;PM;??;103665;1;4;82;89;63;0;234
2025-08-04;PM;??;103690;0;1;74;63;97;0;234
2025-08-04;PM;??;103794;1;2;92;62;73;7;234
2025-08-04;PM;??;103833;1;1;57;95;81;1;234
2025-08-04;PM;??;102389;1;1;79;86;68;0;233
2025-08-04;PM;??;102564;0;1;64;61;100;8;233
2025-08-04;PM;??;102582;1;4;68;86;73;6;233
2025-08-04;PM;??;102586;1;4;100;70;62;1;233
2025-08-04;PM;??;102684;1;3;77;96;50;10;233
2025-08-04;PM;??;102696;1;2;96;70;63;4;233
2025-08-04;PM;??;102729;1;4;67;66;99;1;233
2025-08-04;PM;??;102860;1;3;62;93;72;6;233
2025-08-04;PM;??;103022;0;2;68;84;73;8;233
2025-08-04;PM;??;103608;0;4;63;83;85;2;233
2025-08-04;PM;??;103625;1;4;62;93;76;2;233
2025-08-04;PM;??;103721;0;1;66;77;83;7;233
2025-08-04;PM;??;103758;0;4;61;92;76;4;233
2025-08-04;PM;??;103797;1;3;69;79;83;2;233
2025-08-04;PM;??;103864;1;2;74;70;82;7;233
2025-08-04;PM;??;102359;1;1;61;70;96;5;232
2025-08-04;PM;??;102473;0;1;66;72;92;2;232
2025-08-04;PM;??;102643;1;3;100;76;53;3;232
2025-08-04;PM;??;102715;1;1;72;87;67;6;232
2025-08-04;PM;??;102832;1;1;81;59;83;9;232
2025-08-04;PM;??;102848;1;1;89;77;60;6;232
2025-08-04;PM;??;103649;1;1;57;70;98;7;232
2025-08-04;PM;??;103650;1;1;71;58;100;3;232
2025-08-04;PM;??;103679;0;1;83;80;64;5;232
2025-08-04;PM;??;103727;0;1;72;83;73;4;232
2025-08-04;PM;??;103735;1;3;55;76;98;3;232
2025-08-04;PM;??;103830;1;4;100;59;73;0;232
2025-08-04;PM;??;103858;0;1;74;58;98;2;232
2025-08-04;PM;??;102242;1;1;72;76;75;8;231
2025-08-04;PM;??;102256;1;2;61;74;95;1;231
2025-08-04;PM;??;102322;1;4;67;62;95;7;231
2025-08-04;PM;??;102394;1;3;79;91;61;0;231
2025-08-04;PM;??;102452;1;4;58;86;82;5;231
2025-08-04;PM;??;102560;0;3;100;77;50;4;231
2025-08-04;PM;??;102622;1;1;70;100;60;1;231
2025-08-04;PM;??;102632;1;1;73;75;73;10;231
2025-08-04;PM;??;102688;1;1;62;59;100;10;231
2025-08-04;PM;??;102730;1;3;65;87;76;3;231
2025-08-04;PM;??;102926;1;4;76;96;55;4;231
2025-08-04;PM;??;102952;1;3;76;51;100;4;231
2025-08-04;PM;??;103031;1;1;78;91;60;2;231
2025-08-04;PM;??;103697;1;3;59;90;81;1;231
2025-08-04;PM;??;103751;1;3;97;56;68;10;231
2025-08-04;PM;??;103752;1;1;96;64;69;2;231
2025-08-04;PM;??;103816;1;1;59;66;100;6;231
2025-08-04;PM;??;103895;1;1;59;76;86;10;231
2025-08-04;PM;??;102248;1;4;52;87;86;5;230
2025-08-04;PM;??;102330;1;2;80;60;86;4;230
2025-08-04;PM;??;102438;1;3;55;100;67;8;230
2025-08-04;PM;??;102555;1;3;64;67;99;0;230
2025-08-04;PM;??;102714;0;2;69;62;94;5;230
2025-08-04;PM;??;102720;1;1;65;84;74;7;230
2025-08-04;PM;??;102747;1;1;60;100;62;8;230
2025-08-04;PM;??;102901;1;2;54;94;74;8;230
2025-08-04;PM;??;103400;1;1;74;77;78;1;230
2025-08-04;PM;??;103422;1;1;100;64;63;3;230
2025-08-04;PM;??;103732;0;2;91;69;61;9;230
2025-08-04;PM;??;103775;1;4;100;68;60;2;230
2025-08-04;PM;??;103884;1;1;66;59;100;5;230
2025-08-04;PM;??;103891;1;1;83;83;62;2;230
2025-08-04;PM;??;102280;1;1;73;62;92;2;229
2025-08-04;PM;??;102520;1;1;62;89;75;3;229
2025-08-04;PM;??;102649;1;4;70;75;77;7;229
2025-08-04;PM;??;102736;1;3;83;52;92;2;229
2025-08-04;PM;??;102836;0;1;82;85;62;0;229
2025-08-04;PM;??;102895;1;4;48;76;99;6;229
2025-08-04;PM;??;102938;0;3;72;53;100;4;229
2025-08-04;PM;??;103668;1;1;59;100;66;4;229
2025-08-04;PM;??;103694;1;4;47;80;100;2;229
2025-08-04;PM;??;103724;1;1;66;100;60;3;229
2025-08-04;PM;??;103739;1;1;59;71;93;6;229
2025-08-04;PM;??;103890;1;1;87;63;70;9;229
2025-08-04;PM;??;102275;1;1;65;58;97;8;228
2025-08-04;PM;??;102289;1;1;57;69;100;2;228
2025-08-04;PM;??;102333;1;3;57;100;69;2;228
2025-08-04;PM;??;102343;1;4;100;75;51;2;228
2025-08-04;PM;??;102427;1;3;90;51;82;5;228
2025-08-04;PM;??;102596;1;1;66;75;86;1;228
2025-08-04;PM;??;102598;1;4;55;91;82;0;228
2025-08-04;PM;??;102697;1;1;76;79;64;9;228
2025-08-04;PM;??;102767;1;1;57;100;61;10;228
2025-08-04;PM;??;102910;0;4;54;85;85;4;228
2025-08-04;PM;??;102951;0;1;64;59;100;5;228
2025-08-04;PM;??;103491;1;4;79;58;89;2;228
2025-08-04;PM;??;103617;1;4;86;83;51;8;228
2025-08-04;PM;??;103757;1;2;100;54;69;5;228
2025-08-04;PM;??;103893;0;1;100;58;63;7;228
2025-08-04;PM;??;102393;1;4;53;100;71;3;227
2025-08-04;PM;??;102416;0;3;85;54;86;2;227
2025-08-04;PM;??;102600;0;4;59;63;100;5;227
2025-08-04;PM;??;102685;1;2;61;77;83;6;227
2025-08-04;PM;??;102725;1;4;85;85;48;9;227
2025-08-04;PM;??;102934;0;1;60;72;93;2;227
2025-08-04;PM;??;102979;0;4;77;74;67;9;227
2025-08-04;PM;??;103437;0;4;89;73;64;1;227
2025-08-04;PM;??;103462;1;1;91;57;75;4;227
2025-08-04;PM;??;103699;0;1;69;58;100;0;227
2025-08-04;PM;??;103706;1;1;76;87;64;0;227
2025-08-04;PM;??;103894;1;4;69;74;82;2;227
2025-08-04;PM;??;102379;1;2;62;84;70;10;226
2025-08-04;PM;??;102382;1;4;62;79;83;2;226
2025-08-04;PM;??;102411;0;4;88;60;75;3;226
2025-08-04;PM;??;102641;1;2;87;76;62;1;226
2025-08-04;PM;??;102906;1;4;84;62;74;6;226
2025-08-04;PM;??;103016;1;1;72;60;92;2;226
2025-08-04;PM;??;103425;1;4;99;65;53;9;226
2025-08-04;PM;??;103647;0;3;60;100;56;10;226
2025-08-04;PM;??;103712;1;2;62;92;66;6;226
2025-08-04;PM;??;103756;1;2;100;56;66;4;226
2025-08-04;PM;??;103872;1;1;61;100;62;3;226
2025-08-04;PM;??;103901;1;1;57;85;82;2;226
2025-08-04;PM;??;102556;1;4;67;85;73;0;225
2025-08-04;PM;??;102590;1;1;60;96;68;1;225
2025-08-04;PM;??;102960;1;1;87;71;59;8;225
2025-08-04;PM;??;103424;1;4;55;77;89;4;225
2025-08-04;PM;??;103431;1;1;77;68;72;8;225
2025-08-04;PM;??;103604;1;1;58;93;73;1;225
2025-08-04;PM;??;103678;1;3;93;75;49;8;225
2025-08-04;PM;??;103696;1;2;71;79;69;6;225
2025-08-04;PM;??;103792;1;4;57;99;66;3;225
2025-08-04;PM;??;102620;1;2;57;71;96;0;224
2025-08-04;PM;??;102653;1;2;65;74;78;7;224
2025-08-04;PM;??;102674;0;1;61;90;66;7;224
2025-08-04;PM;??;102812;1;4;100;52;71;1;224
2025-08-04;PM;??;103386;1;3;62;65;96;1;224
2025-08-04;PM;??;103595;1;4;66;93;57;8;224
2025-08-04;PM;??;103832;0;3;94;70;60;0;224
2025-08-04;PM;??;103870;1;4;94;52;77;1;224
2025-08-04;PM;??;102383;1;4;52;80;81;10;223
2025-08-04;PM;??;102442;1;4;74;81;67;1;223
2025-08-04;PM;??;102485;1;2;69;80;68;6;223
2025-08-04;PM;??;102588;1;3;54;69;100;0;223
2025-08-04;PM;??;102638;1;3;56;95;63;9;223
2025-08-04;PM;??;102659;0;2;75;66;74;8;223
2025-08-04;PM;??;102931;1;1;61;62;100;0;223
2025-08-04;PM;??;103448;1;4;95;66;60;2;223
2025-08-04;PM;??;103478;1;4;56;69;88;10;223
2025-08-04;PM;??;103685;1;4;82;65;70;6;223
2025-08-04;PM;??;103708;1;2;95;57;65;6;223
2025-08-04;PM;??;103774;1;4;63;95;55;10;223
2025-08-04;PM;??;103817;1;4;71;65;86;1;223
2025-08-04;PM;??;102418;0;1;88;59;73;2;222
2025-08-04;PM;??;102436;1;4;47;78;93;4;222
2025-08-04;PM;??;102514;1;4;64;72;79;7;222
2025-08-04;PM;??;102804;0;4;85;67;67;3;222
2025-08-04;PM;??;102882;1;4;86;78;56;2;222
2025-08-04;PM;??;103004;0;3;74;50;91;7;222
2025-08-04;PM;??;103011;1;2;100;57;58;7;222
2025-08-04;PM;??;103405;1;1;80;75;60;7;222
2025-08-04;PM;??;103420;1;3;65;86;68;3;222
2025-08-04;PM;??;103788;1;2;87;57;70;8;222
2025-08-04;PM;??;103799;1;1;69;90;61;2;222
2025-08-04;PM;??;103888;1;2;62;57;94;9;222
2025-08-04;PM;??;102410;1;2;69;66;86;0;221
2025-08-04;PM;??;102778;1;3;85;77;57;2;221
2025-08-04;PM;??;102879;1;3;54;97;61;9;221
2025-08-04;PM;??;102914;0;4;73;68;77;3;221
2025-08-04;PM;??;102990;1;4;62;96;54;9;221
2025-08-04;PM;??;103012;1;3;80;87;53;1;221
2025-08-04;PM;??;103596;1;4;100;58;56;7;221
2025-08-04;PM;??;103698;1;2;55;99;62;5;221
2025-08-04;PM;??;103743;1;4;91;62;64;4;221
2025-08-04;PM;??;103818;1;1;63;67;85;6;221
2025-08-04;PM;??;102284;0;4;49;100;63;8;220
2025-08-04;PM;??;102338;1;1;81;59;76;4;220
2025-08-04;PM;??;102732;1;4;69;87;58;6;220
2025-08-04;PM;??;102792;1;4;64;85;71;0;220
2025-08-04;PM;??;103406;1;4;77;51;87;5;220
2025-08-04;PM;??;103687;1;4;96;47;67;10;220
2025-08-04;PM;??;103761;1;2;58;94;64;4;220
2025-08-04;PM;??;102244;0;3;63;57;97;2;219
2025-08-04;PM;??;102293;1;4;53;86;73;7;219
2025-08-04;PM;??;102420;1;4;100;56;53;10;219
2025-08-04;PM;??;102612;1;1;59;62;96;2;219
2025-08-04;PM;??;102650;1;2;98;58;59;4;219
2025-08-04;PM;??;103656;1;3;66;76;69;8;219
2025-08-04;PM;??;103707;1;1;67;57;89;6;219
2025-08-04;PM;??;103763;1;3;52;64;95;8;219
2025-08-04;PM;??;103851;1;4;57;70;90;2;219
2025-08-04;PM;??;102421;1;1;86;64;64;4;218
2025-08-04;PM;??;102530;1;4;58;79;76;5;218
2025-08-04;PM;??;102959;1;4;72;78;68;0;218
2025-08-04;PM;??;102635;1;1;59;87;66;5;217
2025-08-04;PM;??;102734;1;3;55;83;69;10;217
2025-08-04;PM;??;102833;1;4;64;89;56;8;217
2025-08-04;PM;??;102973;1;1;87;59;61;10;217
2025-08-04;PM;??;103014;1;4;69;86;57;5;217
2025-08-04;PM;??;103614;0;4;62;86;65;4;217
2025-08-04;PM;??;103683;1;1;76;74;67;0;217
2025-08-04;PM;??;103847;1;4;56;65;96;0;217
2025-08-04;PM;??;102435;0;4;56;81;72;7;216
2025-08-04;PM;??;102673;1;4;60;68;82;6;216
2025-08-04;PM;??;102681;1;3;61;48;100;7;216
2025-08-04;PM;??;102852;0;4;65;54;95;2;216
2025-08-04;PM;??;103023;1;1;84;62;65;5;216
2025-08-04;PM;??;103414;0;1;68;86;62;0;216
2025-08-04;PM;??;103483;1;1;64;92;59;1;216
2025-08-04;PM;??;103620;1;4;75;64;70;7;216
2025-08-04;PM;??;103702;1;3;51;75;88;2;216
2025-08-04;PM;??;103778;1;3;53;89;66;8;216
2025-08-04;PM;??;103822;0;4;63;89;60;4;216
2025-08-04;PM;??;102477;1;4;65;83;57;10;215
2025-08-04;PM;??;102677;1;2;85;56;67;7;215
2025-08-04;PM;??;102796;1;1;67;59;89;0;215
2025-08-04;PM;??;102949;1;2;85;70;59;1;215
2025-08-04;PM;??;103403;1;2;69;69;68;9;215
2025-08-04;PM;??;103436;1;3;60;59;91;5;215
2025-08-04;PM;??;103786;1;2;54;76;75;10;215
2025-08-04;PM;??;103826;0;3;66;81;63;5;215
2025-08-04;PM;??;103863;1;1;57;71;84;3;215
2025-08-04;PM;??;102897;1;2;64;66;76;8;214
2025-08-04;PM;??;103007;1;4;83;66;55;10;214
2025-08-04;PM;??;103410;1;3;57;65;86;6;214
2025-08-04;PM;??;103490;1;4;85;69;56;4;214
2025-08-04;PM;??;103615;1;1;86;61;59;8;214
2025-08-04;PM;??;103651;0;4;62;54;94;4;214
2025-08-04;PM;??;103701;1;1;82;61;61;10;214
2025-08-04;PM;??;103765;0;1;59;66;85;4;214
2025-08-04;PM;??;103831;1;4;78;61;74;1;214
2025-08-04;PM;??;103889;1;4;62;57;88;7;214
2025-08-04;PM;??;102266;1;4;62;53;97;1;213
2025-08-04;PM;??;102682;1;1;81;61;67;4;213
2025-08-04;PM;??;102769;1;3;78;76;59;0;213
2025-08-04;PM;??;102883;1;1;67;75;68;3;213
2025-08-04;PM;??;103001;1;2;68;62;77;6;213
2025-08-04;PM;??;102263;1;1;60;82;66;4;212
2025-08-04;PM;??;102482;0;4;75;53;81;3;212
2025-08-04;PM;??;102572;1;2;57;96;58;1;212
2025-08-04;PM;??;102675;1;2;73;73;62;4;212
2025-08-04;PM;??;102719;0;1;59;72;74;7;212
2025-08-04;PM;??;102911;1;4;100;57;48;7;212
2025-08-04;PM;??;103019;1;4;85;65;61;1;212
2025-08-04;PM;??;103892;1;3;57;72;76;7;212
2025-08-04;PM;??;102450;1;4;75;56;77;3;211
2025-08-04;PM;??;102549;1;2;82;56;66;7;211
2025-08-04;PM;??;102637;1;4;84;72;53;2;211
2025-08-04;PM;??;102671;1;4;70;69;72;0;211
2025-08-04;PM;??;102704;1;3;65;84;58;4;211
2025-08-04;PM;??;102721;0;1;71;57;83;0;211
2025-08-04;PM;??;102888;0;4;67;55;80;9;211
2025-08-04;PM;??;103409;0;3;62;56;90;3;211
2025-08-04;PM;??;103427;1;2;61;72;78;0;211
2025-08-04;PM;??;103689;0;4;60;90;59;2;211
2025-08-04;PM;??;103823;1;4;62;72;71;6;211
2025-08-04;PM;??;102580;1;1;57;89;60;4;210
2025-08-04;PM;??;102837;1;1;76;58;72;4;210
2025-08-04;PM;??;102892;1;3;55;68;77;10;210
2025-08-04;PM;??;102936;1;2;83;57;65;5;210
2025-08-04;PM;??;102752;1;1;68;57;79;5;209
2025-08-04;PM;??;102843;1;4;56;63;83;7;209
2025-08-04;PM;??;102845;0;2;82;66;54;7;209
2025-08-04;PM;??;102872;0;2;59;53;87;10;209
2025-08-04;PM;??;103432;1;1;60;80;68;1;209
2025-08-04;PM;??;103459;1;4;68;76;63;2;209
2025-08-04;PM;??;103607;1;2;70;54;75;10;209
2025-08-04;PM;??;103827;0;4;87;67;48;7;209
2025-08-04;PM;??;102323;1;2;55;84;64;5;208
2025-08-04;PM;??;102415;0;4;59;81;65;3;208
2025-08-04;PM;??;102663;1;4;82;54;71;1;208
2025-08-04;PM;??;102400;1;2;86;60;55;6;207
2025-08-04;PM;??;102614;1;4;74;60;63;10;207
2025-08-04;PM;??;102693;0;1;69;70;65;3;207
2025-08-04;PM;??;102772;1;3;71;50;86;0;207
2025-08-04;PM;??;102932;1;1;66;66;70;5;207
2025-08-04;PM;??;102972;1;4;73;72;57;5;207
2025-08-04;PM;??;103636;1;2;75;56;66;10;207
2025-08-04;PM;??;103730;1;4;51;66;84;6;207
2025-08-04;PM;??;103908;1;3;49;90;62;6;207
2025-08-04;PM;??;102419;1;2;52;92;57;5;206
2025-08-04;PM;??;102925;0;1;57;70;76;3;206
2025-08-04;PM;??;102950;1;4;74;59;63;10;206
2025-08-04;PM;??;103472;0;1;63;76;61;6;206
2025-08-04;PM;??;102378;1;2;61;66;72;6;205
2025-08-04;PM;??;103642;1;2;53;69;78;4;204
2025-08-04;PM;??;103912;1;4;49;68;87;0;204
2025-08-04;PM;??;102286;1;1;70;69;59;5;203
2025-08-04;PM;??;102373;1;4;85;57;61;0;203
2025-08-04;PM;??;102384;1;3;66;57;70;10;203
2025-08-04;PM;??;102503;1;4;62;58;81;2;203
2025-08-04;PM;??;102999;1;4;61;68;72;2;203
2025-08-04;PM;??;103622;1;2;56;58;82;7;203
2025-08-04;PM;??;103725;1;1;65;65;69;4;203
2025-08-04;PM;??;102808;1;2;77;58;64;3;202
2025-08-04;PM;??;102948;1;4;57;58;83;4;202
2025-08-04;PM;??;103812;1;4;95;49;56;2;202
2025-08-04;PM;??;103599;1;1;61;72;64;4;201
2025-08-04;PM;??;103695;0;1;62;63;75;1;201
2025-08-04;PM;??;103745;1;4;53;80;66;2;201
2025-08-04;PM;??;102538;1;3;70;54;71;5;200
2025-08-04;PM;??;102754;1;4;69;58;65;8;200
2025-08-04;PM;??;102756;1;4;79;52;64;5;200
2025-08-04;PM;??;102798;1;2;75;59;65;1;200
2025-08-04;PM;??;102838;1;4;79;55;59;7;200
2025-08-04;PM;??;102893;1;4;72;57;62;9;200
2025-08-04;PM;??;103611;1;4;76;57;58;9;200
2025-08-04;PM;??;103753;1;1;58;60;82;0;200
2025-08-04;PM;??;103807;1;4;59;79;57;5;200
2025-08-04;PM;??;103852;0;4;77;49;71;3;200
2025-08-04;PM;??;103874;0;4;51;92;50;6;199
2025-08-04;PM;??;102245;1;1;66;67;65;0;198
2025-08-04;PM;??;102304;1;4;79;64;49;6;198
2025-08-04;PM;??;102331;1;1;63;72;61;2;198
2025-08-04;PM;??;102606;1;3;50;83;55;10;198
2025-08-04;PM;??;102745;1;4;54;78;64;2;198
2025-08-04;PM;??;103020;1;4;57;62;71;8;198
2025-08-04;PM;??;103026;1;3;55;68;67;8;198
2025-08-04;PM;??;102308;0;2;58;60;76;3;197
2025-08-04;PM;??;103810;0;3;65;61;68;3;197
2025-08-04;PM;??;103486;1;2;56;79;58;3;196
2025-08-04;PM;??;103784;1;2;52;54;81;9;196
2025-08-04;PM;??;102840;1;4;63;65;61;6;195
2025-08-04;PM;??;103397;1;3;60;81;54;0;195
2025-08-04;PM;??;103905;1;3;73;52;69;1;195
2025-08-04;PM;??;102567;0;4;61;67;60;6;194
2025-08-04;PM;??;102676;0;4;55;65;69;5;194
2025-08-04;PM;??;102786;1;4;47;73;71;3;194
2025-08-04;PM;??;103855;1;2;60;56;75;3;194
2025-08-04;PM;??;102355;0;3;58;53;80;2;193
2025-08-04;PM;??;102553;1;3;77;63;52;1;193
2025-08-04;PM;??;102890;1;4;47;86;58;2;193
2025-08-04;PM;??;103734;1;3;83;49;59;1;192
2025-08-04;PM;??;102337;1;3;52;80;56;3;191
2025-08-04;PM;??;102962;0;3;68;57;65;1;191
2025-08-04;PM;??;102977;1;3;58;75;58;0;191
2025-08-04;PM;??;102232;1;1;57;57;72;4;190
2025-08-04;PM;??;102250;1;2;61;64;62;3;190
2025-08-04;PM;??;102506;0;2;52;48;87;3;190
2025-08-04;PM;??;102608;1;4;87;47;55;1;190
2025-08-04;PM;??;102799;1;2;64;76;50;0;190
2025-08-04;PM;??;103391;1;2;72;57;55;6;190
2025-08-04;PM;??;103845;1;4;60;66;60;4;190
2025-08-04;PM;??;103829;1;2;72;57;60;0;189
2025-08-04;PM;??;102405;1;4;73;53;57;5;188
2025-08-04;PM;??;102707;1;4;65;60;57;6;188
2025-08-04;PM;??;102807;1;3;54;74;59;1;188
2025-08-04;PM;??;102907;1;4;55;66;59;8;188
2025-08-04;PM;??;102996;1;3;57;68;59;4;188
2025-08-04;PM;??;102969;0;3;53;64;63;6;186
2025-08-04;PM;??;103867;1;3;70;59;50;7;186
2025-08-04;PM;??;102789;1;1;65;58;59;3;185
2025-08-04;PM;??;102842;1;4;70;55;60;0;185
2025-08-04;PM;??;102577;1;4;52;60;69;3;184
2025-08-04;PM;??;103616;1;4;56;64;54;10;184
2025-08-04;PM;??;102689;1;3;61;50;62;10;183
2025-08-04;PM;??;103704;1;1;58;59;63;3;183
2025-08-04;PM;??;102550;1;3;64;60;55;2;181
2025-08-04;PM;??;102430;1;3;74;51;50;5;180
2025-08-04;PM;??;102757;1;3;51;64;57;7;179
2025-08-04;PM;??;103612;1;4;50;81;48;0;179
2025-08-04;PM;??;102353;1;4;75;48;48;6;177
2025-08-04;PM;??;102762;1;4;68;52;53;3;176
2025-08-04;PM;??;103028;1;2;59;54;55;7;175
2025-08-04;PM;??;103878;1;4;55;55;61;4;175
2025-08-04;PM;??;102539;1;4;71;52;49;1;173
2025-08-04;PM;??;102654;1;3;48;58;56;9;171
2025-08-04;PM;??;102740;1;4;62;47;48;9;166
2025-08-04;PM;??;102903;0;4;59;51;52;3;165
2025-08-04;PM;??;102409;1;4;59;47;52;6;164
2025-08-04;PM;??;102375;1;3;48;48;61;6;163
2025-08-04;PM;??;103853;1;2;54;52;53;3;162
2025-08-04;IVT;???;103740;1;4;100;100;100;10;310
2025-08-04;IVT;???;102397;1;3;100;100;100;9;309
2025-08-04;IVT;???;103171;1;3;100;100;99;9;308
2025-08-04;IVT;???;102325;0;3;100;100;99;8;307
2025-08-04;IVT;???;102273;1;1;100;100;99;7;306
2025-08-04;IVT;???;102763;1;2;100;100;100;6;306
2025-08-04;IVT;???;102940;1;2;97;100;100;8;305
2025-08-04;IVT;???;103700;0;3;100;99;100;6;305
2025-08-04;IVT;???;102255;1;3;100;95;100;9;304
2025-08-04;IVT;???;102291;1;2;100;100;99;5;304
2025-08-04;IVT;???;102510;1;3;100;100;100;4;304
2025-08-04;IVT;???;102461;0;3;100;100;100;3;303
2025-08-04;IVT;???;103877;1;3;96;100;100;7;303
2025-08-04;IVT;???;102234;1;1;100;100;100;2;302
2025-08-04;IVT;???;102680;1;4;100;100;100;2;302
2025-08-04;IVT;???;102825;1;2;98;100;100;4;302
2025-08-04;IVT;???;103691;1;3;100;100;100;2;302
2025-08-04;IVT;???;103821;1;2;100;100;100;2;302
2025-08-04;IVT;???;102300;1;2;100;93;98;10;301
2025-08-04;IVT;???;102644;0;4;100;100;100;1;301
2025-08-04;IVT;???;102727;1;4;96;100;98;7;301
2025-08-04;IVT;???;103681;1;2;100;100;91;10;301
2025-08-04;IVT;???;102295;1;2;100;99;97;4;300
2025-08-04;IVT;???;102489;1;2;93;99;100;8;300
2025-08-04;IVT;???;103107;0;3;100;95;96;9;300
2025-08-04;IVT;???;103394;1;3;100;100;100;0;300
2025-08-04;IVT;???;103518;1;3;92;100;98;10;300
2025-08-04;IVT;???;103600;1;4;100;100;100;0;300
2025-08-04;IVT;???;103780;0;2;100;100;100;0;300
2025-08-04;IVT;???;102711;1;2;95;100;100;4;299
2025-08-04;IVT;???;102271;1;3;100;94;100;4;298
2025-08-04;IVT;???;103087;1;3;95;93;100;10;298
2025-08-04;IVT;???;103208;1;3;100;88;100;10;298
2025-08-04;IVT;???;103263;1;3;97;94;100;7;298
2025-08-04;IVT;???;103265;1;2;100;94;100;4;298
2025-08-04;IVT;???;102403;1;2;100;100;92;5;297
2025-08-04;IVT;???;102735;0;3;100;94;95;8;297
2025-08-04;IVT;???;103844;0;3;99;93;100;5;297
2025-08-04;IVT;???;102516;1;1;100;94;94;8;296
2025-08-04;IVT;???;102770;0;3;94;100;100;2;296
2025-08-04;IVT;???;103070;1;2;91;100;100;5;296
2025-08-04;IVT;???;103401;1;2;100;93;94;9;296
2025-08-04;IVT;???;103628;1;2;100;100;94;2;296
2025-08-04;IVT;???;103748;0;2;100;88;100;8;296
2025-08-04;IVT;???;103813;1;2;100;86;100;10;296
2025-08-04;IVT;???;102724;1;3;100;95;100;0;295
2025-08-04;IVT;???;102922;0;3;100;92;100;3;295
2025-08-04;IVT;???;103155;1;2;100;95;100;0;295
2025-08-04;IVT;???;102474;0;1;93;94;100;7;294
2025-08-04;IVT;???;103257;0;2;86;100;100;8;294
2025-08-04;IVT;???;103413;0;2;100;92;100;2;294
2025-08-04;IVT;???;103605;0;3;100;100;93;1;294
2025-08-04;IVT;???;103709;1;2;92;98;98;6;294
2025-08-04;IVT;???;102354;1;2;88;100;100;5;293
2025-08-04;IVT;???;102554;1;3;91;100;100;2;293
2025-08-04;IVT;???;102562;1;3;87;100;100;6;293
2025-08-04;IVT;???;102933;1;3;100;87;100;6;293
2025-08-04;IVT;???;103603;1;2;100;100;93;0;293
2025-08-04;IVT;???;103693;0;3;100;91;100;2;293
2025-08-04;IVT;???;103911;1;2;95;93;98;7;293
2025-08-04;IVT;???;102321;1;4;100;95;87;10;292
2025-08-04;IVT;???;102426;1;3;100;93;96;3;292
2025-08-04;IVT;???;102565;1;3;100;100;91;1;292
2025-08-04;IVT;???;102809;0;3;100;85;100;7;292
2025-08-04;IVT;???;102880;0;2;100;93;94;5;292
2025-08-04;IVT;???;103219;0;3;84;100;100;8;292
2025-08-04;IVT;???;103496;0;3;100;93;96;3;292
2025-08-04;IVT;???;103750;1;3;100;99;91;2;292
2025-08-04;IVT;???;102597;1;2;100;85;96;10;291
2025-08-04;IVT;???;102742;1;2;91;100;96;4;291
2025-08-04;IVT;???;102859;1;3;100;100;83;8;291
2025-08-04;IVT;???;102918;1;2;89;99;100;3;291
2025-08-04;IVT;???;102942;1;2;91;92;100;8;291
2025-08-04;IVT;???;103251;1;1;100;99;92;0;291
2025-08-04;IVT;???;103621;1;4;84;99;100;8;291
2025-08-04;IVT;???;102367;1;3;100;88;100;2;290
2025-08-04;IVT;???;102773;1;4;100;100;89;1;290
2025-08-04;IVT;???;102856;1;2;100;84;100;6;290
2025-08-04;IVT;???;103279;1;3;100;92;90;8;290
2025-08-04;IVT;???;103915;1;2;100;89;91;10;290
2025-08-04;IVT;???;102230;0;2;100;82;100;7;289
2025-08-04;IVT;???;102268;1;2;92;100;93;4;289
2025-08-04;IVT;???;102483;1;3;81;100;100;8;289
2025-08-04;IVT;???;102486;1;3;100;86;100;3;289
2025-08-04;IVT;???;102261;1;2;80;100;98;10;288
2025-08-04;IVT;???;102398;1;3;100;100;82;6;288
2025-08-04;IVT;???;102511;1;3;100;96;86;6;288
2025-08-04;IVT;???;102616;0;3;81;100;100;7;288
2025-08-04;IVT;???;102743;1;3;100;81;100;7;288
2025-08-04;IVT;???;102862;1;1;96;91;92;9;288
2025-08-04;IVT;???;102866;1;3;85;99;97;7;288
2025-08-04;IVT;???;103065;1;3;94;100;91;3;288
2025-08-04;IVT;???;103093;1;2;91;96;92;9;288
2025-08-04;IVT;???;103238;1;3;95;100;87;6;288
2025-08-04;IVT;???;103527;0;2;100;100;84;4;288
2025-08-04;IVT;???;102336;1;4;96;82;100;9;287
2025-08-04;IVT;???;102543;1;2;100;90;97;0;287
2025-08-04;IVT;???;102655;0;3;84;100;100;3;287
2025-08-04;IVT;???;102793;0;2;100;86;100;1;287
2025-08-04;IVT;???;102850;1;2;100;85;100;2;287
2025-08-04;IVT;???;103176;1;2;100;100;87;0;287
2025-08-04;IVT;???;103224;1;3;85;98;94;10;287
2025-08-04;IVT;???;103411;1;3;100;96;85;6;287
2025-08-04;IVT;???;102282;1;1;100;100;76;10;286
2025-08-04;IVT;???;102443;1;1;88;98;100;0;286
2025-08-04;IVT;???;102666;1;2;99;100;83;4;286
2025-08-04;IVT;???;102691;1;3;84;100;100;2;286
2025-08-04;IVT;???;102738;1;3;83;100;100;3;286
2025-08-04;IVT;???;102824;1;3;100;100;82;4;286
2025-08-04;IVT;???;103083;0;2;100;100;76;10;286
2025-08-04;IVT;???;103402;1;3;77;100;100;9;286
2025-08-04;IVT;???;103673;1;3;93;100;91;2;286
2025-08-04;IVT;???;103718;1;2;100;100;86;0;286
2025-08-04;IVT;???;102236;1;2;86;99;100;0;285
2025-08-04;IVT;???;102481;1;1;87;100;88;10;285
2025-08-04;IVT;???;102540;1;2;75;100;100;10;285
2025-08-04;IVT;???;102576;1;2;100;100;80;5;285
2025-08-04;IVT;???;102661;1;2;95;95;86;9;285
2025-08-04;IVT;???;103090;1;3;82;100;93;10;285
2025-08-04;IVT;???;103192;1;3;100;79;100;6;285
2025-08-04;IVT;???;103430;1;3;100;91;90;4;285
2025-08-04;IVT;???;102254;1;3;92;100;82;10;284
2025-08-04;IVT;???;102314;1;2;80;100;100;4;284
2025-08-04;IVT;???;102334;1;3;98;98;88;0;284
2025-08-04;IVT;???;102369;1;2;100;100;80;4;284
2025-08-04;IVT;???;102459;1;2;85;99;90;10;284
2025-08-04;IVT;???;102544;1;3;82;95;97;10;284
2025-08-04;IVT;???;102774;1;4;100;99;79;6;284
2025-08-04;IVT;???;103042;1;3;100;77;100;7;284
2025-08-04;IVT;???;103741;1;4;93;100;81;10;284
2025-08-04;IVT;???;103902;1;2;83;100;94;7;284
2025-08-04;IVT;???;102376;1;3;100;100;80;3;283
2025-08-04;IVT;???;102392;1;3;98;81;97;7;283
2025-08-04;IVT;???;102414;1;3;100;82;100;1;283
2025-08-04;IVT;???;102627;1;4;93;96;85;9;283
2025-08-04;IVT;???;102678;1;3;95;100;84;4;283
2025-08-04;IVT;???;102980;1;3;100;73;100;10;283
2025-08-04;IVT;???;103097;1;2;84;94;100;5;283
2025-08-04;IVT;???;103187;1;2;93;85;100;5;283
2025-08-04;IVT;???;103385;1;3;94;85;100;4;283
2025-08-04;IVT;???;103632;1;1;77;100;100;6;283
2025-08-04;IVT;???;103760;1;4;97;90;92;4;283
2025-08-04;IVT;???;102444;1;3;95;77;100;10;282
2025-08-04;IVT;???;102522;1;3;82;98;92;10;282
2025-08-04;IVT;???;102604;1;2;78;100;100;4;282
2025-08-04;IVT;???;102657;1;2;100;100;74;8;282
2025-08-04;IVT;???;102810;1;1;85;99;96;2;282
2025-08-04;IVT;???;102889;1;4;92;87;100;3;282
2025-08-04;IVT;???;103116;1;2;88;100;93;1;282
2025-08-04;IVT;???;103199;0;2;98;89;88;7;282
2025-08-04;IVT;???;103613;1;4;100;100;76;6;282
2025-08-04;IVT;???;103805;1;4;100;80;100;2;282
2025-08-04;IVT;???;103886;1;3;100;100;73;9;282
2025-08-04;IVT;???;102446;1;3;83;88;100;10;281
2025-08-04;IVT;???;102467;0;2;84;100;89;8;281
2025-08-04;IVT;???;102791;1;2;83;97;99;2;281
2025-08-04;IVT;???;103072;1;2;100;96;75;10;281
2025-08-04;IVT;???;103161;0;3;76;100;100;5;281
2025-08-04;IVT;???;103274;1;2;93;97;85;6;281
2025-08-04;IVT;???;103624;1;3;100;72;100;9;281
2025-08-04;IVT;???;103713;1;2;95;100;84;2;281
2025-08-04;IVT;???;103747;1;3;100;96;76;9;281
2025-08-04;IVT;???;102241;1;3;90;85;100;5;280
2025-08-04;IVT;???;102360;1;2;100;100;70;10;280
2025-08-04;IVT;???;102548;1;3;100;93;86;1;280
2025-08-04;IVT;???;102623;1;2;94;89;87;10;280
2025-08-04;IVT;???;102639;1;3;90;100;90;0;280
2025-08-04;IVT;???;102642;1;3;88;83;99;10;280
2025-08-04;IVT;???;102668;1;1;96;79;100;5;280
2025-08-04;IVT;???;102695;1;2;93;80;100;7;280
2025-08-04;IVT;???;102802;1;2;100;99;77;4;280
2025-08-04;IVT;???;103876;1;2;98;84;93;5;280
2025-08-04;IVT;???;102281;1;1;78;100;100;1;279
2025-08-04;IVT;???;102302;1;2;100;100;73;6;279
2025-08-04;IVT;???;102312;1;2;93;81;100;5;279
2025-08-04;IVT;???;102440;1;1;100;75;100;4;279
2025-08-04;IVT;???;102515;0;3;83;99;97;0;279
2025-08-04;IVT;???;102563;1;2;95;89;87;8;279
2025-08-04;IVT;???;102718;1;3;100;100;77;2;279
2025-08-04;IVT;???;103069;1;3;97;80;100;2;279
2025-08-04;IVT;???;103262;1;1;97;100;80;2;279
2025-08-04;IVT;???;103408;1;2;78;98;100;3;279
2025-08-04;IVT;???;103619;1;2;90;100;84;5;279
2025-08-04;IVT;???;103795;0;2;100;82;88;9;279
2025-08-04;IVT;???;103841;1;3;100;83;95;1;279
2025-08-04;IVT;???;102311;0;4;100;74;100;4;278
2025-08-04;IVT;???;102455;1;3;100;74;100;4;278
2025-08-04;IVT;???;103174;1;3;100;77;100;1;278
2025-08-04;IVT;???;103206;1;3;100;93;83;2;278
2025-08-04;IVT;???;103423;1;2;92;100;82;4;278
2025-08-04;IVT;???;103728;1;2;100;88;90;0;278
2025-08-04;IVT;???;103754;1;1;100;94;79;5;278
2025-08-04;IVT;???;103791;1;3;100;89;83;6;278
2025-08-04;IVT;???;103796;1;4;100;78;100;0;278
2025-08-04;IVT;???;103865;0;3;100;78;100;0;278
2025-08-04;IVT;???;102412;1;1;92;100;84;1;277
2025-08-04;IVT;???;102487;1;3;100;73;100;4;277
2025-08-04;IVT;???;102585;1;4;100;80;93;4;277
2025-08-04;IVT;???;102665;1;4;77;98;94;8;277
2025-08-04;IVT;???;102776;1;3;89;100;86;2;277
2025-08-04;IVT;???;102967;0;3;85;92;99;1;277
2025-08-04;IVT;???;103138;1;4;100;100;67;10;277
2025-08-04;IVT;???;103255;1;3;93;87;87;10;277
2025-08-04;IVT;???;103749;1;2;96;75;98;8;277
2025-08-04;IVT;???;103769;1;2;73;100;100;4;277
2025-08-04;IVT;???;102683;1;4;100;100;68;8;276
2025-08-04;IVT;???;102944;1;2;100;82;86;8;276
2025-08-04;IVT;???;103762;0;2;100;75;100;1;276
2025-08-04;IVT;???;102259;1;1;92;88;86;9;275
2025-08-04;IVT;???;102285;1;2;96;80;99;0;275
2025-08-04;IVT;???;102362;1;2;95;91;87;2;275
2025-08-04;IVT;???;102500;1;2;99;76;98;2;275
2025-08-04;IVT;???;102546;1;4;95;100;73;7;275
2025-08-04;IVT;???;102573;1;1;71;98;99;7;275
2025-08-04;IVT;???;102670;1;3;88;100;82;5;275
2025-08-04;IVT;???;102795;1;2;82;97;91;5;275
2025-08-04;IVT;???;102878;1;1;86;92;90;7;275
2025-08-04;IVT;???;102920;1;2;77;100;92;6;275
2025-08-04;IVT;???;103247;1;1;69;96;100;10;275
2025-08-04;IVT;???;103404;1;3;75;92;100;8;275
2025-08-04;IVT;???;103602;1;3;80;100;86;9;275
2025-08-04;IVT;???;103907;1;3;94;99;82;0;275
2025-08-04;IVT;???;102348;1;3;81;93;95;5;274
2025-08-04;IVT;???;102449;1;4;89;78;100;7;274
2025-08-04;IVT;???;102456;1;1;84;100;88;2;274
2025-08-04;IVT;???;102599;1;1;93;100;81;0;274
2025-08-04;IVT;???;102777;1;3;100;85;79;10;274
2025-08-04;IVT;???;102851;1;2;87;85;95;7;274
2025-08-04;IVT;???;102881;1;2;100;83;81;10;274
2025-08-04;IVT;???;102884;1;1;98;74;100;2;274
2025-08-04;IVT;???;102945;1;4;92;83;94;5;274
2025-08-04;IVT;???;102947;1;4;100;69;98;7;274
2025-08-04;IVT;???;103086;0;3;96;89;79;10;274
2025-08-04;IVT;???;103109;1;3;97;81;90;6;274
2025-08-04;IVT;???;103200;0;3;92;84;89;9;274
2025-08-04;IVT;???;103506;1;1;92;87;90;5;274
2025-08-04;IVT;???;103516;1;2;99;65;100;10;274
2025-08-04;IVT;???;103540;0;2;79;85;100;10;274
2025-08-04;IVT;???;103808;1;4;100;100;72;2;274
2025-08-04;IVT;???;102329;1;1;85;78;100;10;273
2025-08-04;IVT;???;102356;1;3;100;71;100;2;273
2025-08-04;IVT;???;102509;1;2;100;69;100;4;273
2025-08-04;IVT;???;102519;0;3;82;100;88;3;273
2025-08-04;IVT;???;103106;1;2;100;96;73;4;273
2025-08-04;IVT;???;103175;1;2;70;96;100;7;273
2025-08-04;IVT;???;103738;1;2;88;98;84;3;273
2025-08-04;IVT;???;102252;1;3;100;76;93;3;272
2025-08-04;IVT;???;102267;1;1;82;94;96;0;272
2025-08-04;IVT;???;102326;1;2;71;100;100;1;272
2025-08-04;IVT;???;102352;1;2;86;100;78;8;272
2025-08-04;IVT;???;102463;1;3;82;100;87;3;272
2025-08-04;IVT;???;102524;0;3;87;81;100;4;272
2025-08-04;IVT;???;102705;1;2;64;99;100;9;272
2025-08-04;IVT;???;102766;0;3;90;74;100;8;272
2025-08-04;IVT;???;102821;1;2;89;78;100;5;272
2025-08-04;IVT;???;102978;1;1;73;100;95;4;272
2025-08-04;IVT;???;103108;1;1;86;100;85;1;272
2025-08-04;IVT;???;103135;1;2;80;87;95;10;272
2025-08-04;IVT;???;103237;1;2;93;75;94;10;272
2025-08-04;IVT;???;103680;1;2;76;97;91;8;272
2025-08-04;IVT;???;102262;1;2;92;100;72;7;271
2025-08-04;IVT;???;102387;1;2;76;87;100;8;271
2025-08-04;IVT;???;102445;1;2;75;100;94;2;271
2025-08-04;IVT;???;102647;1;3;83;100;85;3;271
2025-08-04;IVT;???;102868;1;2;88;98;84;1;271
2025-08-04;IVT;???;103055;1;2;100;70;99;2;271
2025-08-04;IVT;???;103074;1;2;63;100;100;8;271
2025-08-04;IVT;???;103145;1;3;76;87;100;8;271
2025-08-04;IVT;???;103177;1;2;100;74;95;2;271
2025-08-04;IVT;???;103511;1;3;95;91;76;9;271
2025-08-04;IVT;???;103627;1;1;100;97;69;5;271
2025-08-04;IVT;???;103722;1;3;86;79;100;6;271
2025-08-04;IVT;???;103726;0;2;92;78;100;1;271
2025-08-04;IVT;???;103782;1;3;89;88;89;5;271
2025-08-04;IVT;???;102320;1;3;96;100;74;0;270
2025-08-04;IVT;???;102385;1;2;100;92;69;9;270
2025-08-04;IVT;???;102460;1;3;83;80;100;7;270
2025-08-04;IVT;???;102662;1;3;75;91;100;4;270
2025-08-04;IVT;???;102817;1;2;70;100;100;0;270
2025-08-04;IVT;???;102818;1;3;62;100;100;8;270
2025-08-04;IVT;???;102820;1;3;100;100;63;7;270
2025-08-04;IVT;???;102875;1;3;85;87;91;7;270
2025-08-04;IVT;???;102965;1;4;62;100;100;8;270
2025-08-04;IVT;???;103119;1;2;81;86;95;8;270
2025-08-04;IVT;???;103188;1;2;100;100;62;8;270
2025-08-04;IVT;???;103210;1;2;100;100;69;1;270
2025-08-04;IVT;???;103229;0;2;94;82;92;2;270
2025-08-04;IVT;???;103384;1;2;68;100;100;2;270
2025-08-04;IVT;???;103415;1;2;86;91;84;9;270
2025-08-04;IVT;???;103692;1;3;70;100;100;0;270
2025-08-04;IVT;???;103793;1;3;100;79;82;9;270
2025-08-04;IVT;???;103885;1;2;84;79;100;7;270
2025-08-04;IVT;???;102272;1;2;97;66;100;6;269
2025-08-04;IVT;???;102288;1;3;100;68;98;3;269
2025-08-04;IVT;???;102425;0;3;78;100;90;1;269
2025-08-04;IVT;???;102428;1;2;63;100;99;7;269
2025-08-04;IVT;???;102575;0;2;100;61;98;10;269
2025-08-04;IVT;???;102587;1;2;100;100;59;10;269
2025-08-04;IVT;???;102690;1;2;100;92;69;8;269
2025-08-04;IVT;???;102858;1;1;90;72;100;7;269
2025-08-04;IVT;???;102899;1;2;65;96;100;8;269
2025-08-04;IVT;???;102946;1;1;100;78;89;2;269
2025-08-04;IVT;???;103153;0;2;99;97;63;10;269
2025-08-04;IVT;???;103202;0;3;100;93;67;9;269
2025-08-04;IVT;???;103216;1;1;67;100;100;2;269
2025-08-04;IVT;???;103220;1;3;73;100;94;2;269
2025-08-04;IVT;???;103768;1;2;68;100;100;1;269
2025-08-04;IVT;???;103770;0;1;93;100;70;6;269
2025-08-04;IVT;???;102229;1;4;91;94;73;10;268
2025-08-04;IVT;???;102283;1;3;100;67;98;3;268
2025-08-04;IVT;???;102313;1;3;80;91;93;4;268
2025-08-04;IVT;???;102380;1;3;100;100;61;7;268
2025-08-04;IVT;???;102531;1;2;65;100;95;8;268
2025-08-04;IVT;???;102640;1;3;98;97;71;2;268
2025-08-04;IVT;???;102759;1;3;62;100;100;6;268
2025-08-04;IVT;???;102797;1;2;90;68;100;10;268
2025-08-04;IVT;???;102916;0;4;93;83;85;7;268
2025-08-04;IVT;???;102939;0;3;100;62;100;6;268
2025-08-04;IVT;???;102955;1;1;100;100;62;6;268
2025-08-04;IVT;???;103088;1;3;60;100;100;8;268
2025-08-04;IVT;???;103105;1;3;100;59;100;9;268
2025-08-04;IVT;???;103126;1;2;69;94;100;5;268
2025-08-04;IVT;???;103212;1;2;98;100;70;0;268
2025-08-04;IVT;???;103871;1;2;85;81;93;9;268
2025-08-04;IVT;???;103906;1;3;100;62;100;6;268
2025-08-04;IVT;???;102264;1;2;64;100;100;3;267
2025-08-04;IVT;???;102319;1;1;100;88;73;6;267
2025-08-04;IVT;???;102346;1;1;93;87;82;5;267
2025-08-04;IVT;???;102466;1;3;95;69;100;3;267
2025-08-04;IVT;???;102496;1;3;70;90;100;7;267
2025-08-04;IVT;???;102630;1;3;94;64;99;10;267
2025-08-04;IVT;???;102646;1;2;93;94;79;1;267
2025-08-04;IVT;???;102669;0;4;100;67;100;0;267
2025-08-04;IVT;???;102686;1;3;86;92;86;3;267
2025-08-04;IVT;???;102702;1;2;100;100;61;6;267
2025-08-04;IVT;???;102784;1;2;100;80;81;6;267
2025-08-04;IVT;???;102828;1;2;70;100;96;1;267
2025-08-04;IVT;???;102831;1;1;90;73;94;10;267
2025-08-04;IVT;???;102857;1;4;93;79;85;10;267
2025-08-04;IVT;???;102861;0;3;90;69;99;9;267
2025-08-04;IVT;???;102982;1;2;64;100;100;3;267
2025-08-04;IVT;???;103075;1;3;97;87;75;8;267
2025-08-04;IVT;???;103118;1;2;90;75;100;2;267
2025-08-04;IVT;???;103125;1;4;100;70;89;8;267
2025-08-04;IVT;???;103159;1;3;80;83;100;4;267
2025-08-04;IVT;???;103184;0;3;99;92;73;3;267
2025-08-04;IVT;???;103190;1;3;100;84;74;9;267
2025-08-04;IVT;???;103214;1;3;87;74;100;6;267
2025-08-04;IVT;???;103396;1;3;100;74;91;2;267
2025-08-04;IVT;???;103497;1;4;80;100;86;1;267
2025-08-04;IVT;???;103512;0;4;85;80;92;10;267
2025-08-04;IVT;???;103513;1;4;71;98;94;4;267
2025-08-04;IVT;???;103676;1;2;81;91;94;1;267
2025-08-04;IVT;???;103776;0;2;85;100;80;2;267
2025-08-04;IVT;???;103790;1;2;84;100;83;0;267
2025-08-04;IVT;???;103840;1;1;98;96;63;10;267
2025-08-04;IVT;???;103866;1;3;86;81;100;0;267
2025-08-04;IVT;???;103904;1;1;80;84;100;3;267
2025-08-04;IVT;???;102371;1;3;99;78;81;8;266
2025-08-04;IVT;???;102422;1;3;63;98;100;5;266
2025-08-04;IVT;???;102472;0;2;83;77;100;6;266
2025-08-04;IVT;???;102502;1;2;98;100;66;2;266
2025-08-04;IVT;???;102551;1;2;74;92;91;9;266
2025-08-04;IVT;???;102589;0;3;97;100;65;4;266
2025-08-04;IVT;???;102593;0;3;69;100;90;7;266
2025-08-04;IVT;???;102618;1;3;79;100;79;8;266
2025-08-04;IVT;???;102788;0;1;78;100;81;7;266
2025-08-04;IVT;???;102816;1;2;95;73;92;6;266
2025-08-04;IVT;???;102854;0;2;86;80;91;9;266
2025-08-04;IVT;???;102876;1;3;100;90;70;6;266
2025-08-04;IVT;???;102902;1;3;100;83;75;8;266
2025-08-04;IVT;???;102923;1;4;97;79;87;3;266
2025-08-04;IVT;???;103137;0;2;67;93;100;6;266
2025-08-04;IVT;???;103170;1;3;76;100;88;2;266
2025-08-04;IVT;???;103173;1;3;94;65;100;7;266
2025-08-04;IVT;???;103203;1;1;100;61;100;5;266
2025-08-04;IVT;???;103231;0;1;92;73;100;1;266
2025-08-04;IVT;???;103419;1;1;92;74;100;0;266
2025-08-04;IVT;???;103493;1;3;80;79;100;7;266
2025-08-04;IVT;???;103533;1;2;100;100;59;7;266
2025-08-04;IVT;???;103536;1;1;100;63;100;3;266
2025-08-04;IVT;???;103686;1;2;73;100;89;4;266
2025-08-04;IVT;???;103801;0;2;100;57;100;9;266
2025-08-04;IVT;???;103828;1;2;99;99;59;9;266
2025-08-04;IVT;???;103850;1;3;100;100;60;6;266
2025-08-04;IVT;???;103910;1;1;80;92;87;7;266
2025-08-04;IVT;???;102257;1;3;70;97;92;6;265
2025-08-04;IVT;???;102361;1;1;68;94;100;3;265
2025-08-04;IVT;???;102439;1;3;77;100;83;5;265
2025-08-04;IVT;???;102468;1;3;99;65;100;1;265
2025-08-04;IVT;???;102523;1;3;88;73;100;4;265
2025-08-04;IVT;???;102601;1;3;86;84;93;2;265
2025-08-04;IVT;???;102694;1;2;88;97;78;2;265
2025-08-04;IVT;???;102717;1;2;87;71;100;7;265
2025-08-04;IVT;???;102751;1;4;96;83;79;7;265
2025-08-04;IVT;???;102964;1;2;87;88;87;3;265
2025-08-04;IVT;???;103058;0;3;100;77;81;7;265
2025-08-04;IVT;???;103114;1;3;91;100;66;8;265
2025-08-04;IVT;???;103158;1;3;69;93;100;3;265
2025-08-04;IVT;???;103163;1;2;100;100;63;2;265
2025-08-04;IVT;???;103428;1;3;79;100;84;2;265
2025-08-04;IVT;???;103429;1;2;93;96;68;8;265
2025-08-04;IVT;???;103524;0;3;93;85;77;10;265
2025-08-04;IVT;???;103629;1;3;90;100;72;3;265
2025-08-04;IVT;???;103860;1;3;100;80;81;4;265
2025-08-04;IVT;???;103869;0;2;90;86;87;2;265
2025-08-04;IVT;???;102278;1;2;87;96;81;0;264
2025-08-04;IVT;???;102317;1;3;66;97;99;2;264
2025-08-04;IVT;???;102401;1;3;100;100;60;4;264
2025-08-04;IVT;???;102480;1;2;87;90;78;9;264
2025-08-04;IVT;???;102545;0;1;55;100;100;9;264
2025-08-04;IVT;???;102760;1;3;100;95;67;2;264
2025-08-04;IVT;???;102813;0;3;60;100;100;4;264
2025-08-04;IVT;???;102966;1;3;96;88;73;7;264
2025-08-04;IVT;???;103053;1;4;82;89;85;8;264
2025-08-04;IVT;???;103085;1;3;73;99;90;2;264
2025-08-04;IVT;???;103164;1;3;92;71;100;1;264
2025-08-04;IVT;???;103418;1;2;86;78;100;0;264
2025-08-04;IVT;???;103538;0;2;96;78;89;1;264
2025-08-04;IVT;???;103804;1;3;85;70;100;9;264
2025-08-04;IVT;???;103837;0;3;65;91;100;8;264
2025-08-04;IVT;???;103843;1;3;83;87;87;7;264
2025-08-04;IVT;???;102228;1;3;97;59;100;7;263
2025-08-04;IVT;???;102457;1;4;56;100;100;7;263
2025-08-04;IVT;???;102568;1;2;74;88;97;4;263
2025-08-04;IVT;???;102699;1;3;79;79;100;5;263
2025-08-04;IVT;???;102701;1;4;94;81;80;8;263
2025-08-04;IVT;???;102929;1;2;83;79;98;3;263
2025-08-04;IVT;???;103048;0;1;100;77;82;4;263
2025-08-04;IVT;???;103094;1;2;100;100;63;0;263
2025-08-04;IVT;???;103111;1;3;93;68;100;2;263
2025-08-04;IVT;???;103112;1;3;87;100;72;4;263
2025-08-04;IVT;???;103131;1;4;100;60;100;3;263
2025-08-04;IVT;???;103189;1;3;95;80;83;5;263
2025-08-04;IVT;???;103233;0;3;59;94;100;10;263
2025-08-04;IVT;???;103733;1;2;86;95;82;0;263
2025-08-04;IVT;???;103798;1;1;98;64;91;10;263
2025-08-04;IVT;???;102247;1;2;71;89;98;4;262
2025-08-04;IVT;???;102316;1;2;68;98;95;1;262
2025-08-04;IVT;???;102424;1;2;91;93;74;4;262
2025-08-04;IVT;???;102595;1;1;82;72;99;9;262
2025-08-04;IVT;???;102700;1;3;98;69;89;6;262
2025-08-04;IVT;???;102874;1;4;80;79;100;3;262
2025-08-04;IVT;???;102885;1;2;88;100;65;9;262
2025-08-04;IVT;???;102896;1;2;100;76;80;6;262
2025-08-04;IVT;???;102909;1;1;78;79;100;5;262
2025-08-04;IVT;???;103115;1;2;59;100;100;3;262
2025-08-04;IVT;???;103201;1;2;84;71;100;7;262
2025-08-04;IVT;???;103280;1;2;69;85;100;8;262
2025-08-04;IVT;???;103416;1;1;98;64;92;8;262
2025-08-04;IVT;???;103494;0;2;100;73;83;6;262
2025-08-04;IVT;???;103509;1;1;71;98;90;3;262
2025-08-04;IVT;???;103731;0;3;60;96;100;6;262
2025-08-04;IVT;???;103814;1;2;89;88;81;4;262
2025-08-04;IVT;???;103824;1;2;81;100;76;5;262
2025-08-04;IVT;???;103835;1;2;100;61;100;1;262
2025-08-04;IVT;???;103854;1;2;88;86;86;2;262
2025-08-04;IVT;???;103897;1;2;62;95;95;10;262
2025-08-04;IVT;???;102299;1;3;100;82;72;7;261
2025-08-04;IVT;???;102328;0;1;100;63;94;4;261
2025-08-04;IVT;???;102381;1;3;62;93;100;6;261
2025-08-04;IVT;???;102441;1;2;86;93;81;1;261
2025-08-04;IVT;???;102484;1;4;100;74;87;0;261
2025-08-04;IVT;???;102583;1;2;100;71;87;3;261
2025-08-04;IVT;???;102779;1;3;99;94;61;7;261
2025-08-04;IVT;???;102814;0;2;86;98;73;4;261
2025-08-04;IVT;???;102844;1;3;78;92;83;8;261
2025-08-04;IVT;???;102924;1;2;100;95;62;4;261
2025-08-04;IVT;???;103047;1;2;95;57;100;9;261
2025-08-04;IVT;???;103141;0;2;100;62;90;9;261
2025-08-04;IVT;???;103530;1;1;71;88;100;2;261
2025-08-04;IVT;???;103742;0;3;100;77;83;1;261
2025-08-04;IVT;???;103746;1;3;100;81;74;6;261
2025-08-04;IVT;???;103764;1;1;100;56;100;5;261
2025-08-04;IVT;???;103773;1;3;75;91;90;5;261
2025-08-04;IVT;???;102307;0;1;84;100;68;8;260
2025-08-04;IVT;???;102448;1;3;94;100;59;7;260
2025-08-04;IVT;???;102501;0;2;87;100;68;5;260
2025-08-04;IVT;???;102537;1;3;100;63;88;9;260
2025-08-04;IVT;???;102633;1;2;67;87;100;6;260
2025-08-04;IVT;???;102733;1;3;100;92;67;1;260
2025-08-04;IVT;???;102782;1;2;92;91;72;5;260
2025-08-04;IVT;???;102853;1;2;98;78;82;2;260
2025-08-04;IVT;???;102855;1;2;92;87;73;8;260
2025-08-04;IVT;???;102871;0;2;92;84;82;2;260
2025-08-04;IVT;???;103078;1;1;67;100;85;8;260
2025-08-04;IVT;???;103157;1;3;84;71;98;7;260
2025-08-04;IVT;???;103267;1;2;73;81;100;6;260
2025-08-04;IVT;???;103268;1;3;67;100;90;3;260
2025-08-04;IVT;???;103275;1;3;74;84;100;2;260
2025-08-04;IVT;???;103510;1;3;56;100;100;4;260
2025-08-04;IVT;???;103541;0;3;94;85;74;7;260
2025-08-04;IVT;???;103606;1;3;100;64;88;8;260
2025-08-04;IVT;???;103684;1;4;78;97;82;3;260
2025-08-04;IVT;???;103759;1;3;63;100;88;9;260
2025-08-04;IVT;???;102237;1;1;96;62;91;10;259
2025-08-04;IVT;???;102249;1;2;100;89;61;9;259
2025-08-04;IVT;???;102464;1;3;100;92;65;2;259
2025-08-04;IVT;???;102709;1;3;78;82;98;1;259
2025-08-04;IVT;???;102780;1;3;92;64;99;4;259
2025-08-04;IVT;???;102864;0;2;88;85;78;8;259
2025-08-04;IVT;???;102886;1;2;66;83;100;10;259
2025-08-04;IVT;???;102912;1;3;95;78;77;9;259
2025-08-04;IVT;???;103152;0;1;92;90;69;8;259
2025-08-04;IVT;???;103162;1;2;85;71;99;4;259
2025-08-04;IVT;???;103495;1;4;95;82;77;5;259
2025-08-04;IVT;???;103594;1;1;67;84;100;8;259
2025-08-04;IVT;???;103772;0;3;100;66;87;6;259
2025-08-04;IVT;???;103842;1;3;75;75;100;9;259
2025-08-04;IVT;???;103903;1;1;100;76;79;4;259
2025-08-04;IVT;???;103909;1;3;94;89;73;3;259
2025-08-04;IVT;???;103914;0;2;100;83;71;5;259
2025-08-04;IVT;???;102251;1;2;82;96;72;8;258
2025-08-04;IVT;???;102276;1;2;71;100;83;4;258
2025-08-04;IVT;???;102358;1;2;89;69;100;0;258
2025-08-04;IVT;???;102465;1;3;79;74;97;8;258
2025-08-04;IVT;???;102498;1;3;63;97;88;10;258
2025-08-04;IVT;???;102518;1;2;97;70;83;8;258
2025-08-04;IVT;???;102533;1;3;88;66;94;10;258
2025-08-04;IVT;???;102679;1;2;74;76;100;8;258
2025-08-04;IVT;???;102703;1;2;100;81;76;1;258
2025-08-04;IVT;???;102737;1;3;89;68;100;1;258
2025-08-04;IVT;???;102748;1;4;99;63;90;6;258
2025-08-04;IVT;???;102834;1;2;79;85;94;0;258
2025-08-04;IVT;???;102835;1;1;89;99;64;6;258
2025-08-04;IVT;???;102847;1;3;73;95;87;3;258
2025-08-04;IVT;???;103150;1;2;100;65;89;4;258
2025-08-04;IVT;???;103198;1;2;74;77;100;7;258
2025-08-04;IVT;???;103417;0;2;100;58;95;5;258
2025-08-04;IVT;???;103598;1;3;96;59;95;8;258
2025-08-04;IVT;???;103789;1;2;100;78;77;3;258
2025-08-04;IVT;???;103846;1;2;89;66;99;4;258
2025-08-04;IVT;???;103873;1;4;92;66;100;0;258
2025-08-04;IVT;???;102270;1;1;69;87;100;1;257
2025-08-04;IVT;???;102290;1;3;83;98;71;5;257
2025-08-04;IVT;???;102306;1;3;100;87;63;7;257
2025-08-04;IVT;???;102324;0;2;93;96;62;6;257
2025-08-04;IVT;???;102341;1;3;65;89;100;3;257
2025-08-04;IVT;???;102488;1;4;100;90;59;8;257
2025-08-04;IVT;???;102547;1;2;94;85;70;8;257
2025-08-04;IVT;???;102749;1;4;66;89;100;2;257
2025-08-04;IVT;???;102830;1;2;93;100;64;0;257
2025-08-04;IVT;???;102865;1;2;77;100;80;0;257
2025-08-04;IVT;???;102869;1;3;100;68;85;4;257
2025-08-04;IVT;???;102968;1;3;100;55;92;10;257
2025-08-04;IVT;???;103218;1;2;80;98;74;5;257
2025-08-04;IVT;???;103232;1;3;64;93;90;10;257
2025-08-04;IVT;???;103383;1;2;72;82;100;3;257
2025-08-04;IVT;???;103388;1;3;76;81;91;9;257
2025-08-04;IVT;???;103677;1;3;55;94;100;8;257
2025-08-04;IVT;???;103755;1;3;57;100;90;10;257
2025-08-04;IVT;???;103771;1;1;82;74;96;5;257
2025-08-04;IVT;???;103913;1;4;78;74;100;5;257
2025-08-04;IVT;???;102345;1;2;70;96;80;10;256
2025-08-04;IVT;???;102351;1;3;90;59;97;10;256
2025-08-04;IVT;???;102434;1;2;100;61;89;6;256
2025-08-04;IVT;???;102479;1;4;56;98;100;2;256
2025-08-04;IVT;???;102499;1;3;88;65;93;10;256
2025-08-04;IVT;???;102602;1;1;64;100;83;9;256
2025-08-04;IVT;???;102607;0;3;83;100;63;10;256
2025-08-04;IVT;???;102634;1;2;73;85;91;7;256
2025-08-04;IVT;???;102652;1;3;79;74;100;3;256
2025-08-04;IVT;???;102731;1;2;89;63;95;9;256
2025-08-04;IVT;???;102908;1;3;97;97;57;5;256
2025-08-04;IVT;???;102930;0;2;72;82;100;2;256
2025-08-04;IVT;???;103038;1;3;75;90;89;2;256
2025-08-04;IVT;???;103121;1;3;89;93;68;6;256
2025-08-04;IVT;???;103244;1;2;100;58;96;2;256
2025-08-04;IVT;???;103609;1;2;100;75;75;6;256
2025-08-04;IVT;???;103618;1;2;79;100;76;1;256
2025-08-04;IVT;???;103815;1;2;63;100;88;5;256
2025-08-04;IVT;???;103848;1;3;68;99;89;0;256
2025-08-04;IVT;???;103899;1;3;81;87;80;8;256
2025-08-04;IVT;???;102239;0;3;100;84;63;8;255
2025-08-04;IVT;???;102287;1;3;94;68;88;5;255
2025-08-04;IVT;???;102386;1;3;55;97;100;3;255
2025-08-04;IVT;???;102542;0;4;81;100;72;2;255
2025-08-04;IVT;???;102570;1;2;72;74;100;9;255
2025-08-04;IVT;???;102579;1;1;53;92;100;10;255
2025-08-04;IVT;???;102750;1;2;100;85;62;8;255
2025-08-04;IVT;???;102913;1;2;100;57;93;5;255
2025-08-04;IVT;???;103037;1;2;89;71;88;7;255
2025-08-04;IVT;???;103136;0;3;97;86;66;6;255
2025-08-04;IVT;???;103389;1;2;59;100;89;7;255
2025-08-04;IVT;???;103720;0;3;100;83;64;8;255
2025-08-04;IVT;???;103800;1;2;93;62;92;8;255
2025-08-04;IVT;???;103868;1;2;69;100;78;8;255
2025-08-04;IVT;???;102388;1;3;79;100;75;0;254
2025-08-04;IVT;???;102402;1;2;100;61;89;4;254
2025-08-04;IVT;???;102417;1;3;88;80;86;0;254
2025-08-04;IVT;???;102433;0;2;80;100;74;0;254
2025-08-04;IVT;???;102471;1;2;100;80;67;7;254
2025-08-04;IVT;???;102492;1;2;82;99;66;7;254
2025-08-04;IVT;???;102566;1;2;100;81;65;8;254
2025-08-04;IVT;???;102672;1;4;81;65;100;8;254
2025-08-04;IVT;???;102744;1;4;89;58;98;9;254
2025-08-04;IVT;???;102765;1;4;85;77;92;0;254
2025-08-04;IVT;???;102785;1;3;75;98;74;7;254
2025-08-04;IVT;???;102815;1;4;77;68;100;9;254
2025-08-04;IVT;???;102915;1;1;63;87;100;4;254
2025-08-04;IVT;???;102974;1;1;77;89;86;2;254
2025-08-04;IVT;???;103143;1;3;100;65;86;3;254
2025-08-04;IVT;???;103197;0;2;69;76;100;9;254
2025-08-04;IVT;???;103535;1;3;81;72;92;9;254
2025-08-04;IVT;???;103729;1;3;88;74;87;5;254
2025-08-04;IVT;???;103883;1;2;58;91;99;6;254
2025-08-04;IVT;???;102260;1;2;100;64;81;8;253
2025-08-04;IVT;???;102301;1;2;61;91;100;1;253
2025-08-04;IVT;???;102309;1;2;89;79;84;1;253
2025-08-04;IVT;???;102368;1;2;74;76;100;3;253
2025-08-04;IVT;???;102476;1;2;95;100;56;2;253
2025-08-04;IVT;???;102529;1;1;91;71;82;9;253
2025-08-04;IVT;???;102617;1;4;68;85;98;2;253
2025-08-04;IVT;???;102648;0;3;100;62;91;0;253
2025-08-04;IVT;???;102741;0;2;73;89;88;3;253
2025-08-04;IVT;???;102803;0;2;74;81;89;9;253
2025-08-04;IVT;???;102826;1;2;88;91;74;0;253
2025-08-04;IVT;???;102849;1;1;100;61;88;4;253
2025-08-04;IVT;???;102891;1;2;94;86;66;7;253
2025-08-04;IVT;???;102941;0;2;70;76;100;7;253
2025-08-04;IVT;???;103095;1;2;88;92;69;4;253
2025-08-04;IVT;???;103183;0;2;69;96;83;5;253
2025-08-04;IVT;???;103252;1;3;98;77;68;10;253
2025-08-04;IVT;???;103421;0;2;94;66;92;1;253
2025-08-04;IVT;???;103514;1;2;75;77;100;1;253
2025-08-04;IVT;???;103836;1;3;77;79;91;6;253
2025-08-04;IVT;???;103856;1;3;63;85;100;5;253
2025-08-04;IVT;???;102408;1;3;92;100;58;2;252
2025-08-04;IVT;???;102517;1;2;91;64;96;1;252
2025-08-04;IVT;???;102528;1;1;66;90;93;3;252
2025-08-04;IVT;???;102557;1;2;98;70;81;3;252
2025-08-04;IVT;???;102594;1;3;77;69;100;6;252
2025-08-04;IVT;???;102609;1;3;91;97;64;0;252
2025-08-04;IVT;???;102610;1;3;68;82;96;6;252
2025-08-04;IVT;???;102716;1;2;92;64;88;8;252
2025-08-04;IVT;???;102904;1;1;84;58;100;10;252
2025-08-04;IVT;???;102976;0;2;79;99;64;10;252
2025-08-04;IVT;???;103062;1;4;69;93;89;1;252
2025-08-04;IVT;???;103098;1;2;84;64;100;4;252
2025-08-04;IVT;???;103205;0;3;68;84;96;4;252
2025-08-04;IVT;???;103217;1;2;78;65;100;9;252
2025-08-04;IVT;???;103256;1;2;64;84;96;8;252
2025-08-04;IVT;???;103395;1;3;94;58;100;0;252
2025-08-04;IVT;???;103501;0;2;100;71;73;8;252
2025-08-04;IVT;???;103838;1;1;97;82;68;5;252
2025-08-04;IVT;???;103859;1;2;88;100;60;4;252
2025-08-04;IVT;???;102432;1;3;60;90;100;1;251
2025-08-04;IVT;???;102507;1;1;68;76;100;7;251
2025-08-04;IVT;???;102621;1;2;100;77;66;8;251
2025-08-04;IVT;???;102631;1;2;69;94;78;10;251
2025-08-04;IVT;???;102739;0;3;79;100;67;5;251
2025-08-04;IVT;???;103051;1;2;100;79;72;0;251
2025-08-04;IVT;???;103091;1;3;82;60;100;9;251
2025-08-04;IVT;???;103124;1;1;58;90;96;7;251
2025-08-04;IVT;???;103270;1;2;70;98;80;3;251
2025-08-04;IVT;???;103281;1;2;81;77;92;1;251
2025-08-04;IVT;???;103399;1;2;88;100;58;5;251
2025-08-04;IVT;???;103710;1;3;79;85;87;0;251
2025-08-04;IVT;???;103736;1;3;100;67;76;8;251
2025-08-04;IVT;???;103766;1;2;98;78;71;4;251
2025-08-04;IVT;???;103785;1;2;62;97;90;2;251
2025-08-04;IVT;???;103787;1;2;73;72;100;6;251
2025-08-04;IVT;???;103809;1;3;100;70;76;5;251
2025-08-04;IVT;???;103861;1;3;65;87;99;0;251
2025-08-04;IVT;???;103862;1;3;88;100;57;6;251
2025-08-04;IVT;???;103879;1;4;87;100;64;0;251
2025-08-04;IVT;???;102246;1;2;100;59;91;0;250
2025-08-04;IVT;???;102296;1;2;87;63;100;0;250
2025-08-04;IVT;???;102347;1;3;68;95;77;10;250
2025-08-04;IVT;???;102395;1;3;83;100;61;6;250
2025-08-04;IVT;???;102508;0;3;84;64;94;8;250
2025-08-04;IVT;???;102526;1;3;93;83;66;8;250
2025-08-04;IVT;???;102584;1;4;80;66;100;4;250
2025-08-04;IVT;???;102605;1;3;96;77;68;9;250
2025-08-04;IVT;???;102758;0;3;81;100;63;6;250
2025-08-04;IVT;???;102823;0;3;93;87;62;8;250
2025-08-04;IVT;???;102841;1;2;57;98;88;7;250
2025-08-04;IVT;???;102981;1;1;75;98;74;3;250
2025-08-04;IVT;???;103160;1;2;80;71;89;10;250
2025-08-04;IVT;???;103172;1;2;58;84;100;8;250
2025-08-04;IVT;???;103179;1;2;68;100;78;4;250
2025-08-04;IVT;???;103241;1;3;100;65;75;10;250
2025-08-04;IVT;???;103398;1;2;100;70;70;10;250
2025-08-04;IVT;???;103503;1;1;99;67;82;2;250
2025-08-04;IVT;???;103525;1;2;86;63;100;1;250
2025-08-04;IVT;???;103597;1;2;80;90;78;2;250
2025-08-04;IVT;???;103688;1;2;88;67;93;2;250
2025-08-04;IVT;???;103783;1;3;74;78;95;3;250
2025-08-04;IVT;???;102235;0;3;100;87;56;6;249
2025-08-04;IVT;???;102366;1;2;88;65;87;9;249
2025-08-04;IVT;???;102407;0;1;70;97;78;4;249
2025-08-04;IVT;???;102413;1;2;85;86;76;2;249
2025-08-04;IVT;???;102437;1;2;100;77;72;0;249
2025-08-04;IVT;???;102512;1;3;100;94;53;2;249
2025-08-04;IVT;???;102581;0;2;88;73;84;4;249
2025-08-04;IVT;???;102625;1;3;80;76;87;6;249
2025-08-04;IVT;???;102712;1;3;100;89;59;1;249
2025-08-04;IVT;???;102713;1;3;56;84;100;9;249
2025-08-04;IVT;???;102755;1;3;87;62;90;10;249
2025-08-04;IVT;???;102900;1;1;81;77;88;3;249
2025-08-04;IVT;???;103039;1;4;82;72;92;3;249
2025-08-04;IVT;???;103044;1;3;100;69;72;8;249
2025-08-04;IVT;???;103049;1;3;61;83;100;5;249
2025-08-04;IVT;???;103084;1;3;76;65;100;8;249
2025-08-04;IVT;???;103089;1;2;97;100;48;4;249
2025-08-04;IVT;???;103151;0;1;98;89;59;3;249
2025-08-04;IVT;???;103245;1;4;74;100;68;7;249
2025-08-04;IVT;???;103273;1;2;91;62;91;5;249
2025-08-04;IVT;???;103737;1;3;78;79;82;10;249
2025-08-04;IVT;???;103744;1;2;66;100;73;10;249
2025-08-04;IVT;???;103803;1;3;71;100;74;4;249
2025-08-04;IVT;???;103820;1;3;93;85;63;8;249
2025-08-04;IVT;???;103849;1;2;75;100;72;2;249
2025-08-04;IVT;???;102335;1;1;82;64;100;2;248
2025-08-04;IVT;???;102470;0;3;100;88;59;1;248
2025-08-04;IVT;???;102513;1;3;78;100;67;3;248
2025-08-04;IVT;???;102534;0;2;74;83;84;7;248
2025-08-04;IVT;???;102535;1;3;65;94;80;9;248
2025-08-04;IVT;???;102619;1;2;99;95;50;4;248
2025-08-04;IVT;???;102624;1;2;100;79;66;3;248
2025-08-04;IVT;???;102783;0;2;79;62;100;7;248
2025-08-04;IVT;???;102794;0;2;100;58;89;1;248
2025-08-04;IVT;???;102956;0;1;75;85;87;1;248
2025-08-04;IVT;???;103103;1;1;79;68;95;6;248
2025-08-04;IVT;???;103196;1;2;85;100;60;3;248
2025-08-04;IVT;???;103236;1;3;87;72;82;7;248
2025-08-04;IVT;???;103392;1;3;85;57;97;9;248
2025-08-04;IVT;???;103593;1;3;100;67;74;7;248
2025-08-04;IVT;???;103601;1;1;71;100;67;10;248
2025-08-04;IVT;???;103674;0;1;65;100;83;0;248
2025-08-04;IVT;???;103819;1;1;58;100;82;8;248
2025-08-04;IVT;???;103896;1;2;69;100;79;0;248
2025-08-04;IVT;???;102458;1;2;86;58;93;10;247
2025-08-04;IVT;???;102527;0;4;69;92;79;7;247
2025-08-04;IVT;???;102645;1;3;69;82;91;5;247
2025-08-04;IVT;???;102658;0;3;62;83;97;5;247
2025-08-04;IVT;???;102764;1;3;87;75;81;4;247
2025-08-04;IVT;???;102805;1;3;66;100;80;1;247
2025-08-04;IVT;???;102935;1;3;69;86;88;4;247
2025-08-04;IVT;???;103156;1;2;99;89;59;0;247
2025-08-04;IVT;???;103276;1;2;73;67;97;10;247
2025-08-04;IVT;???;103508;1;3;98;57;88;4;247
2025-08-04;IVT;???;103520;1;2;98;53;86;10;247
2025-08-04;IVT;???;103623;0;2;80;100;58;9;247
2025-08-04;IVT;???;103881;1;3;71;85;88;3;247
2025-08-04;IVT;???;103887;1;3;80;82;76;9;247
2025-08-04;IVT;???;103916;1;4;59;100;80;8;247
2025-08-04;IVT;???;102231;1;3;100;60;76;10;246
2025-08-04;IVT;???;102318;0;4;81;100;58;7;246
2025-08-04;IVT;???;102349;1;1;68;77;100;1;246
2025-08-04;IVT;???;102365;0;3;69;100;77;0;246
2025-08-04;IVT;???;102423;0;3;85;57;100;4;246
2025-08-04;IVT;???;102491;1;3;92;65;85;4;246
2025-08-04;IVT;???;102636;1;2;69;96;74;7;246
2025-08-04;IVT;???;102761;1;2;79;64;100;3;246
2025-08-04;IVT;???;102768;1;3;91;86;69;0;246
2025-08-04;IVT;???;102790;1;2;84;75;84;3;246
2025-08-04;IVT;???;102822;1;2;64;91;85;6;246
2025-08-04;IVT;???;102829;0;3;78;72;90;6;246
2025-08-04;IVT;???;102839;1;4;87;89;63;7;246
2025-08-04;IVT;???;102867;1;1;100;66;78;2;246
2025-08-04;IVT;???;102927;1;3;56;97;85;8;246
2025-08-04;IVT;???;103130;1;2;78;100;67;1;246
2025-08-04;IVT;???;103230;1;2;75;89;82;0;246
2025-08-04;IVT;???;103682;1;2;58;95;84;9;246
2025-08-04;IVT;???;103714;1;3;87;73;83;3;246
2025-08-04;IVT;???;103777;1;3;88;91;67;0;246
2025-08-04;IVT;???;103802;1;2;65;88;85;8;246
2025-08-04;IVT;???;103880;1;2;72;89;83;2;246
2025-08-04;IVT;???;103898;1;2;88;92;56;10;246
2025-08-04;IVT;???;102240;1;3;69;100;75;1;245
2025-08-04;IVT;???;102265;1;1;64;85;96;0;245
2025-08-04;IVT;???;102342;1;1;65;94;76;10;245
2025-08-04;IVT;???;102344;1;3;89;89;65;2;245
2025-08-04;IVT;???;102541;1;3;73;100;70;2;245
2025-08-04;IVT;???;102561;0;2;100;78;65;2;245
2025-08-04;IVT;???;102827;1;2;60;100;79;6;245
2025-08-04;IVT;???;102921;1;1;64;75;99;7;245
2025-08-04;IVT;???;102937;1;2;50;100;95;0;245
2025-08-04;IVT;???;103063;1;1;85;72;86;2;245
2025-08-04;IVT;???;103254;0;4;57;84;100;4;245
2025-08-04;IVT;???;103412;1;2;55;84;100;6;245
2025-08-04;IVT;???;103537;1;2;74;66;100;5;245
2025-08-04;IVT;???;103630;1;2;58;85;99;3;245
2025-08-04;IVT;???;103675;1;1;68;70;100;7;245
2025-08-04;IVT;???;103839;1;3;100;64;77;4;245
2025-08-04;IVT;???;103857;1;2;89;78;71;7;245
2025-08-04;IVT;???;102253;1;2;84;69;85;6;244
2025-08-04;IVT;???;102303;1;3;66;99;70;9;244
2025-08-04;IVT;???;102310;1;4;81;61;100;2;244
2025-08-04;IVT;???;102364;1;2;58;97;84;5;244
2025-08-04;IVT;???;102495;1;2;79;63;93;9;244
2025-08-04;IVT;???;102497;1;3;93;77;67;7;244
2025-08-04;IVT;???;102525;1;3;95;90;56;3;244
2025-08-04;IVT;???;102559;1;3;67;94;74;9;244
2025-08-04;IVT;???;102667;1;2;74;67;100;3;244
2025-08-04;IVT;???;102692;1;4;100;67;75;2;244
2025-08-04;IVT;???;102698;1;3;100;74;67;3;244
2025-08-04;IVT;???;102708;1;2;86;76;82;0;244
2025-08-04;IVT;???;102877;1;2;82;91;67;4;244
2025-08-04;IVT;???;102905;0;2;92;80;66;6;244
2025-08-04;IVT;???;102953;1;2;79;68;87;10;244
2025-08-04;IVT;???;102957;1;3;74;69;100;1;244
2025-08-04;IVT;???;103122;1;3;83;79;80;2;244
2025-08-04;IVT;???;103154;1;3;61;75;100;8;244
2025-08-04;IVT;???;103610;1;1;86;76;80;2;244
2025-08-04;IVT;???;103717;1;4;82;76;77;9;244
2025-08-04;IVT;???;103719;1;3;72;100;67;5;244
2025-08-04;IVT;???;103723;1;2;93;57;85;9;244
2025-08-04;IVT;???;103806;1;4;93;57;87;7;244
2025-08-04;IVT;???;103834;1;2;93;70;77;4;244
2025-08-04;IVT;???;102269;1;3;55;88;91;9;243
2025-08-04;IVT;???;102340;0;3;77;100;65;1;243
2025-08-04;IVT;???;102399;1;2;81;71;82;9;243
2025-08-04;IVT;???;102603;1;2;77;68;92;6;243
2025-08-04;IVT;???;102613;0;2;69;83;85;6;243
2025-08-04;IVT;???;102651;1;1;63;79;95;6;243
2025-08-04;IVT;???;102781;0;2;60;78;100;5;243
2025-08-04;IVT;???;102846;0;1;60;82;97;4;243
2025-08-04;IVT;???;102863;1;3;59;100;83;1;243
2025-08-04;IVT;???;102870;1;2;62;72;100;9;243
2025-08-04;IVT;???;103127;1;3;62;90;88;3;243
2025-08-04;IVT;???;103140;0;4;100;75;59;9;243
2025-08-04;IVT;???;103193;1;2;75;60;100;8;243
2025-08-04;IVT;???;103226;1;2;70;66;100;7;243
2025-08-04;IVT;???;103498;1;2;71;75;97;0;243
2025-08-04;IVT;???;103505;1;3;70;100;69;4;243
2025-08-04;IVT;???;103523;1;2;100;64;75;4;243
2025-08-04;IVT;???;103711;1;1;92;68;82;1;243
2025-08-04;IVT;???;102233;1;3;97;59;80;6;242
2025-08-04;IVT;???;102258;1;2;62;74;100;6;242
2025-08-04;IVT;???;102332;1;1;66;96;79;1;242
2025-08-04;IVT;???;102404;0;4;79;66;96;1;242
2025-08-04;IVT;???;102628;1;2;97;70;75;0;242
2025-08-04;IVT;???;102726;0;1;79;70;85;8;242
2025-08-04;IVT;???;102919;1;2;50;90;94;8;242
2025-08-04;IVT;???;102928;1;1;81;94;66;1;242
2025-08-04;IVT;???;102961;1;2;71;100;62;9;242
2025-08-04;IVT;???;103033;0;3;63;77;97;5;242
2025-08-04;IVT;???;103036;1;2;63;100;71;8;242
2025-08-04;IVT;???;103240;0;2;84;88;60;10;242
2025-08-04;IVT;???;103542;1;2;71;84;87;0;242
2025-08-04;IVT;???;103631;1;1;59;78;97;8;242
2025-08-04;IVT;???;103882;1;2;97;79;66;0;242
2025-08-04;IVT;???;102391;1;2;61;99;71;10;241
2025-08-04;IVT;???;102591;1;3;77;61;93;10;241
2025-08-04;IVT;???;102687;1;3;71;75;91;4;241
2025-08-04;IVT;???;102775;0;3;70;100;65;6;241
2025-08-04;IVT;???;102898;1;2;69;100;63;9;241
2025-08-04;IVT;???;102943;0;2;67;67;100;7;241
2025-08-04;IVT;???;102971;1;1;94;73;70;4;241
2025-08-04;IVT;???;103050;1;2;65;85;89;2;241
2025-08-04;IVT;???;103104;1;4;64;77;90;10;241
2025-08-04;IVT;???;103139;1;3;79;86;71;5;241
2025-08-04;IVT;???;103149;1;4;85;92;63;1;241
2025-08-04;IVT;???;103407;1;4;77;84;80;0;241
2025-08-04;IVT;???;103811;1;2;52;92;89;8;241
2025-08-04;IVT;???;103825;1;2;65;80;94;2;241
2025-08-04;IVT;???;103875;1;2;60;88;83;10;241
2025-08-04;IVT;???;102238;1;2;76;100;59;5;240
2025-08-04;IVT;???;102339;0;3;62;73;100;5;240
2025-08-04;IVT;???;102377;1;2;71;83;81;5;240
2025-08-04;IVT;???;102469;1;2;79;54;100;7;240
2025-08-04;IVT;???;102493;1;2;60;75;100;5;240
2025-08-04;IVT;???;102746;1;3;56;80;96;8;240
2025-08-04;IVT;???;102819;0;3;68;85;82;5;240
2025-08-04;IVT;???;102970;1;2;80;62;94;4;240
2025-08-04;IVT;???;103056;1;2;83;86;65;6;240
2025-08-04;IVT;???;103166;1;3;89;55;90;6;240
2025-08-04;IVT;???;103234;1;1;83;81;67;9;240
2025-08-04;IVT;???;103239;1;2;64;94;75;7;240
2025-08-04;IVT;???;103703;1;4;67;83;82;8;240
2025-08-04;IVT;???;103767;1;2;74;78;82;6;240
2025-08-04;IVT;???;103917;1;3;83;55;100;2;240
2025-08-04;IVT;???;102279;0;3;100;70;63;6;239
2025-08-04;IVT;???;102298;0;4;73;67;93;6;239
2025-08-04;IVT;???;102315;1;3;74;57;100;8;239
2025-08-04;IVT;???;102396;1;2;81;92;66;0;239
2025-08-04;IVT;???;102494;1;1;81;68;87;3;239
2025-08-04;IVT;???;102558;1;1;85;62;92;0;239
2025-08-04;IVT;???;102571;1;2;69;65;97;8;239
2025-08-04;IVT;???;102578;1;2;73;74;85;7;239
2025-08-04;IVT;???;102710;1;3;68;86;85;0;239
2025-08-04;IVT;???;102723;1;3;73;79;83;4;239
2025-08-04;IVT;???;102753;1;4;84;58;90;7;239
2025-08-04;IVT;???;102787;1;3;75;70;92;2;239
2025-08-04;IVT;???;102887;1;1;53;82;100;4;239
2025-08-04;IVT;???;102954;1;1;65;87;79;8;239
2025-08-04;IVT;???;102958;1;2;73;99;59;8;239
2025-08-04;IVT;???;102963;1;4;90;80;60;9;239
2025-08-04;IVT;???;102975;1;1;55;79;100;5;239
2025-08-04;IVT;???;103185;0;2;81;66;92;0;239
2025-08-04;IVT;???;103253;1;1;61;98;76;4;239
2025-08-04;IVT;???;103260;1;2;85;61;90;3;239
2025-08-04;IVT;???;103504;1;1;58;100;74;7;239
2025-08-04;IVT;???;102292;1;2;61;70;100;7;238
2025-08-04;IVT;???;102327;0;1;76;100;60;2;238
2025-08-04;IVT;???;102370;0;2;92;47;90;9;238
2025-08-04;IVT;???;102429;1;3;91;88;54;5;238
2025-08-04;IVT;???;102447;1;3;67;97;69;5;238
2025-08-04;IVT;???;102451;1;2;77;98;59;4;238
2025-08-04;IVT;???;102453;0;2;85;70;77;6;238
2025-08-04;IVT;???;102478;1;3;60;69;100;9;238
2025-08-04;IVT;???;102505;1;4;70;80;81;7;238
2025-08-04;IVT;???;102552;1;3;77;93;62;6;238
2025-08-04;IVT;???;102569;1;1;71;66;100;1;238
2025-08-04;IVT;???;102574;1;2;62;69;99;8;238
2025-08-04;IVT;???;102592;1;2;96;67;70;5;238
2025-08-04;IVT;???;102626;1;2;94;67;71;6;238
2025-08-04;IVT;???;102811;0;1;55;74;100;9;238
2025-08-04;IVT;???;102894;1;3;100;70;67;1;238
2025-08-04;IVT;???;103068;1;2;70;72;96;0;238
2025-08-04;IVT;???;103213;1;3;84;77;68;9;238
2025-08-04;IVT;???;103387;1;3;87;92;58;1;238
2025-08-04;IVT;???;103531;1;3;57;100;75;6;238
2025-08-04;IVT;???;103705;1;4;55;89;91;3;238
2025-08-04;IVT;???;103716;1;2;80;56;100;2;238
2025-08-04;IVT;???;103779;1;2;77;78;80;3;238
2025-08-04;IVT;???;102357;1;2;63;71;100;3;237
2025-08-04;IVT;???;102363;1;2;68;82;82;5;237
2025-08-04;IVT;???;102454;1;3;72;80;84;1;237
2025-08-04;IVT;???;102475;1;2;62;85;90;0;237
2025-08-04;IVT;???;102490;1;2;74;73;81;9;237
2025-08-04;IVT;???;102629;1;1;92;71;64;10;237
2025-08-04;IVT;???;102664;1;3;59;74;100;4;237
2025-08-04;IVT;???;102706;0;1;68;94;71;4;237
2025-08-04;IVT;???;102800;1;3;63;100;71;3;237
2025-08-04;IVT;???;102806;0;2;86;68;79;4;237
2025-08-04;IVT;???;102873;0;2;65;100;68;4;237
2025-08-04;IVT;???;102917;0;3;70;100;61;6;237
2025-08-04;IVT;???;103113;1;2;65;94;74;4;237
2025-08-04;IVT;???;103191;1;2;64;94;76;3;237
2025-08-04;IVT;???;103228;1;2;75;57;100;5;237
2025-08-04;IVT;???;103277;0;2;58;96;77;6;237
2025-08-04;IVT;???;103426;1;3;99;69;59;10;237
2025-08-04;IVT;???;103507;1;3;93;61;74;9;237
2025-08-04;IVT;???;103715;1;2;100;70;67;0;237
2025-08-04;IVT;???;103781;0;1;89;79;59;10;237
2025-08-04;IVT;???;103900;1;2;86;70;81;0;237
2025-08-04;IVT;???;102243;1;2;84;79;65;8;236
2025-08-04;IVT;???;102294;1;1;77;59;100;0;236
2025-08-04;IVT;???;102350;1;4;81;57;98;0;236
2025-08-04;IVT;???;102374;0;1;91;56;89;0;236
2025-08-04;IVT;???;102521;1;4;94;51;86;5;236
2025-08-04;IVT;???;102532;0;2;93;59;78;6;236
2025-08-04;IVT;???;102536;1;1;78;83;73;2;236
2025-08-04;IVT;???;102615;1;2;82;64;81;9;236
2025-08-04;IVT;???;102722;1;2;61;70;100;5;236
2025-08-04;IVT;???;102771;1;4;77;77;78;4;236
2025-08-04;IVT;???;103066;1;1;100;73;54;9;236
2025-08-04;IVT;???;103249;1;2;70;86;72;8;236
2025-08-04;IVT;???;103258;1;3;58;91;81;6;236
2025-08-04;IVT;???;103272;1;2;75;89;63;9;236
2025-08-04;IVT;???;103502;1;3;70;60;96;10;236
2025-08-04;IVT;???;103534;1;2;74;57;96;9;236
2025-08-04;IVT;???;102274;1;2;100;59;69;7;235
2025-08-04;IVT;???;102390;1;2;78;72;80;5;235
2025-08-04;IVT;???;102431;1;3;60;91;81;3;235
2025-08-04;IVT;???;102462;1;2;69;80;80;6;235
2025-08-04;IVT;???;102611;1;3;71;56;100;8;235
2025-08-04;IVT;???;102660;1;3;63;69;97;6;235
2025-08-04;IVT;???;103128;1;3;80;72;76;7;235
2025-08-04;IVT;???;103227;1;2;71;79;77;8;235
2025-08-04;IVT;???;103393;1;3;87;88;50;10;235
2025-08-04;IVT;???;103626;1;3;86;89;57;3;235
2025-08-04;IVT;???;102277;1;2;93;61;75;5;234
2025-08-04;IVT;???;102297;1;4;100;66;66;2;234
2025-08-04;IVT;???;102305;1;2;81;66;81;6;234
2025-08-04;IVT;???;102372;1;1;68;88;72;6;234
2025-08-04;IVT;???;102406;1;1;58;69;100;7;234
2025-08-04;IVT;???;102504;1;3;60;80;87;7;234
2025-08-04;IVT;???;102656;1;2;89;58;80;7;234
2025-08-04;IVT;???;102728;1;3;77;65;83;9;234
2025-08-04;IVT;???;102801;1;2;48;84;99;3;234
2025-08-04;IVT;???;103071;1;4;87;81;62;4;234
2025-08-04;IVT;???;103080;1;3;100;56;69;9;234
2025-08-04;IVT;???;103211;0;2;80;68;82;4;234
2025-08-04;IVT;???;103223;1;3;100;60;72;2;234
2025-08-04;IVT;???;103390;1;1;97;63;65;9;234
2025-08-04;IVT;???;103690;0;2;74;63;97;0;234
2025-08-04;IVT;???;103794;1;3;92;62;73;7;234
2025-08-04;IVT;???;103833;1;2;57;95;81;1;234
2025-08-04;IVT;???;102389;1;3;79;86;68;0;233
2025-08-04;IVT;???;102564;0;2;64;61;100;8;233
2025-08-04;IVT;???;102582;1;3;68;86;73;6;233
2025-08-04;IVT;???;102586;1;1;100;70;62;1;233
2025-08-04;IVT;???;102684;1;4;77;96;50;10;233
2025-08-04;IVT;???;102696;1;4;96;70;63;4;233
2025-08-04;IVT;???;102729;1;3;67;66;99;1;233
2025-08-04;IVT;???;102860;1;2;62;93;72;6;233
2025-08-04;IVT;???;103059;1;4;88;69;76;0;233
2025-08-04;IVT;???;103259;0;2;100;68;61;4;233
2025-08-04;IVT;???;103261;1;3;65;99;65;4;233
2025-08-04;IVT;???;103608;0;2;63;83;85;2;233
2025-08-04;IVT;???;103625;1;1;62;93;76;2;233
2025-08-04;IVT;???;103721;0;2;66;77;83;7;233
2025-08-04;IVT;???;103758;0;1;61;92;76;4;233
2025-08-04;IVT;???;103797;1;1;69;79;83;2;233
2025-08-04;IVT;???;103864;1;1;74;70;82;7;233
2025-08-04;IVT;???;102359;1;2;61;70;96;5;232
2025-08-04;IVT;???;102473;0;2;66;72;92;2;232
2025-08-04;IVT;???;102643;1;4;100;76;53;3;232
2025-08-04;IVT;???;102715;1;3;72;87;67;6;232
2025-08-04;IVT;???;102832;1;3;81;59;83;9;232
2025-08-04;IVT;???;102848;1;4;89;77;60;6;232
2025-08-04;IVT;???;103041;1;4;100;60;65;7;232
2025-08-04;IVT;???;103082;0;3;69;81;78;4;232
2025-08-04;IVT;???;103679;0;2;83;80;64;5;232
2025-08-04;IVT;???;103727;0;2;72;83;73;4;232
2025-08-04;IVT;???;103735;1;1;55;76;98;3;232
2025-08-04;IVT;???;103830;1;3;100;59;73;0;232
2025-08-04;IVT;???;103858;0;2;74;58;98;2;232
2025-08-04;IVT;???;102242;1;2;72;76;75;8;231
2025-08-04;IVT;???;102256;1;4;61;74;95;1;231
2025-08-04;IVT;???;102322;1;2;67;62;95;7;231
2025-08-04;IVT;???;102394;1;2;79;91;61;0;231
2025-08-04;IVT;???;102452;1;2;58;86;82;5;231
2025-08-04;IVT;???;102560;0;2;100;77;50;4;231
2025-08-04;IVT;???;102622;1;2;70;100;60;1;231
2025-08-04;IVT;???;102632;1;3;73;75;73;10;231
2025-08-04;IVT;???;102688;1;2;62;59;100;10;231
2025-08-04;IVT;???;102730;1;2;65;87;76;3;231
2025-08-04;IVT;???;102926;1;3;76;96;55;4;231
2025-08-04;IVT;???;102952;1;2;76;51;100;4;231
2025-08-04;IVT;???;103100;1;4;64;68;97;2;231
2025-08-04;IVT;???;103195;1;3;55;84;88;4;231
2025-08-04;IVT;???;103222;1;1;65;60;100;6;231
2025-08-04;IVT;???;103697;1;2;59;90;81;1;231
2025-08-04;IVT;???;103751;1;1;97;56;68;10;231
2025-08-04;IVT;???;103752;1;3;96;64;69;2;231
2025-08-04;IVT;???;103816;1;2;59;66;100;6;231
2025-08-04;IVT;???;103895;1;2;59;76;86;10;231
2025-08-04;IVT;???;102248;1;1;52;87;86;5;230
2025-08-04;IVT;???;102330;1;3;80;60;86;4;230
2025-08-04;IVT;???;102438;1;2;55;100;67;8;230
2025-08-04;IVT;???;102555;1;2;64;67;99;0;230
2025-08-04;IVT;???;102714;0;1;69;62;94;5;230
2025-08-04;IVT;???;102720;1;2;65;84;74;7;230
2025-08-04;IVT;???;102747;1;2;60;100;62;8;230
2025-08-04;IVT;???;102901;1;3;54;94;74;8;230
2025-08-04;IVT;???;103052;1;4;98;74;52;6;230
2025-08-04;IVT;???;103064;0;2;90;64;71;5;230
2025-08-04;IVT;???;103077;0;3;86;62;81;1;230
2025-08-04;IVT;???;103178;1;3;58;73;90;9;230
2025-08-04;IVT;???;103194;1;3;79;76;71;4;230
2025-08-04;IVT;???;103242;1;3;83;88;51;8;230
2025-08-04;IVT;???;103400;1;2;74;77;78;1;230
2025-08-04;IVT;???;103422;1;2;100;64;63;3;230
2025-08-04;IVT;???;103732;0;3;91;69;61;9;230
2025-08-04;IVT;???;103775;1;3;100;68;60;2;230
2025-08-04;IVT;???;103884;1;2;66;59;100;5;230
2025-08-04;IVT;???;103891;1;2;83;83;62;2;230
2025-08-04;IVT;???;102280;1;3;73;62;92;2;229
2025-08-04;IVT;???;102520;1;2;62;89;75;3;229
2025-08-04;IVT;???;102649;1;3;70;75;77;7;229
2025-08-04;IVT;???;102736;1;1;83;52;92;2;229
2025-08-04;IVT;???;102836;0;3;82;85;62;0;229
2025-08-04;IVT;???;102895;1;3;48;76;99;6;229
2025-08-04;IVT;???;102938;0;1;72;53;100;4;229
2025-08-04;IVT;???;103519;1;1;65;63;100;1;229
2025-08-04;IVT;???;103694;1;2;47;80;100;2;229
2025-08-04;IVT;???;103724;1;4;66;100;60;3;229
2025-08-04;IVT;???;103739;1;2;59;71;93;6;229
2025-08-04;IVT;???;103890;1;2;87;63;70;9;229
2025-08-04;IVT;???;102275;1;2;65;58;97;8;228
2025-08-04;IVT;???;102289;1;4;57;69;100;2;228
2025-08-04;IVT;???;102333;1;4;57;100;69;2;228
2025-08-04;IVT;???;102343;1;3;100;75;51;2;228
2025-08-04;IVT;???;102427;1;2;90;51;82;5;228
2025-08-04;IVT;???;102596;1;2;66;75;86;1;228
2025-08-04;IVT;???;102598;1;3;55;91;82;0;228
2025-08-04;IVT;???;102697;1;2;76;79;64;9;228
2025-08-04;IVT;???;102767;1;2;57;100;61;10;228
2025-08-04;IVT;???;102910;0;3;54;85;85;4;228
2025-08-04;IVT;???;102951;0;3;64;59;100;5;228
2025-08-04;IVT;???;103617;1;3;86;83;51;8;228
2025-08-04;IVT;???;103757;1;1;100;54;69;5;228
2025-08-04;IVT;???;103893;0;3;100;58;63;7;228
2025-08-04;IVT;???;102393;1;2;53;100;71;3;227
2025-08-04;IVT;???;102416;0;2;85;54;86;2;227
2025-08-04;IVT;???;102600;0;3;59;63;100;5;227
2025-08-04;IVT;???;102685;1;1;61;77;83;6;227
2025-08-04;IVT;???;102725;1;3;85;85;48;9;227
2025-08-04;IVT;???;102934;0;2;60;72;93;2;227
2025-08-04;IVT;???;102979;0;3;77;74;67;9;227
2025-08-04;IVT;???;103120;1;1;57;78;91;1;227
2025-08-04;IVT;???;103146;0;3;96;74;54;3;227
2025-08-04;IVT;???;103147;1;2;72;60;90;5;227
2025-08-04;IVT;???;103167;1;3;66;55;100;6;227
2025-08-04;IVT;???;103699;0;3;69;58;100;0;227
2025-08-04;IVT;???;103706;1;2;76;87;64;0;227
2025-08-04;IVT;???;103894;1;1;69;74;82;2;227
2025-08-04;IVT;???;102379;1;3;62;84;70;10;226
2025-08-04;IVT;???;102382;1;3;62;79;83;2;226
2025-08-04;IVT;???;102411;0;3;88;60;75;3;226
2025-08-04;IVT;???;102641;1;4;87;76;62;1;226
2025-08-04;IVT;???;102906;1;3;84;62;74;6;226
2025-08-04;IVT;???;103043;1;2;72;86;64;4;226
2025-08-04;IVT;???;103099;1;2;55;100;67;4;226
2025-08-04;IVT;???;103215;0;3;67;65;85;9;226
2025-08-04;IVT;???;103425;1;1;99;65;53;9;226
2025-08-04;IVT;???;103532;1;3;78;77;63;8;226
2025-08-04;IVT;???;103712;1;4;62;92;66;6;226
2025-08-04;IVT;???;103756;1;4;100;56;66;4;226
2025-08-04;IVT;???;103872;1;3;61;100;62;3;226
2025-08-04;IVT;???;103901;1;2;57;85;82;2;226
2025-08-04;IVT;???;102556;1;3;67;85;73;0;225
2025-08-04;IVT;???;102590;1;2;60;96;68;1;225
2025-08-04;IVT;???;102960;1;4;87;71;59;8;225
2025-08-04;IVT;???;103061;1;2;75;66;83;1;225
2025-08-04;IVT;???;103079;0;3;66;93;61;5;225
2025-08-04;IVT;???;103424;1;3;55;77;89;4;225
2025-08-04;IVT;???;103431;1;3;77;68;72;8;225
2025-08-04;IVT;???;103539;1;2;66;56;100;3;225
2025-08-04;IVT;???;103604;1;2;58;93;73;1;225
2025-08-04;IVT;???;103678;1;4;93;75;49;8;225
2025-08-04;IVT;???;103696;1;1;71;79;69;6;225
2025-08-04;IVT;???;103792;1;3;57;99;66;3;225
2025-08-04;IVT;???;102620;1;1;57;71;96;0;224
2025-08-04;IVT;???;102653;1;1;65;74;78;7;224
2025-08-04;IVT;???;102674;0;2;61;90;66;7;224
2025-08-04;IVT;???;102812;1;1;100;52;71;1;224
2025-08-04;IVT;???;103057;0;3;55;88;81;0;224
2025-08-04;IVT;???;103101;1;1;77;63;84;0;224
2025-08-04;IVT;???;103133;1;3;100;58;61;5;224
2025-08-04;IVT;???;103148;1;3;96;55;72;1;224
2025-08-04;IVT;???;103264;1;3;62;55;99;8;224
2025-08-04;IVT;???;103386;1;4;62;65;96;1;224
2025-08-04;IVT;???;103529;1;1;59;69;89;7;224
2025-08-04;IVT;???;103595;1;3;66;93;57;8;224
2025-08-04;IVT;???;103832;0;2;94;70;60;0;224
2025-08-04;IVT;???;103870;1;3;94;52;77;1;224
2025-08-04;IVT;???;102383;1;3;52;80;81;10;223
2025-08-04;IVT;???;102442;1;2;74;81;67;1;223
2025-08-04;IVT;???;102485;1;3;69;80;68;6;223
2025-08-04;IVT;???;102588;1;4;54;69;100;0;223
2025-08-04;IVT;???;102638;1;4;56;95;63;9;223
2025-08-04;IVT;???;102659;0;3;75;66;74;8;223
2025-08-04;IVT;???;102931;1;2;61;62;100;0;223
2025-08-04;IVT;???;103045;1;4;48;85;82;8;223
2025-08-04;IVT;???;103243;1;2;85;54;84;0;223
2025-08-04;IVT;???;103685;1;3;82;65;70;6;223
2025-08-04;IVT;???;103708;1;3;95;57;65;6;223
2025-08-04;IVT;???;103774;1;2;63;95;55;10;223
2025-08-04;IVT;???;103817;1;3;71;65;86;1;223
2025-08-04;IVT;???;102418;0;4;88;59;73;2;222
2025-08-04;IVT;???;102436;1;2;47;78;93;4;222
2025-08-04;IVT;???;102514;1;1;64;72;79;7;222
2025-08-04;IVT;???;102804;0;3;85;67;67;3;222
2025-08-04;IVT;???;102882;1;2;86;78;56;2;222
2025-08-04;IVT;???;103096;1;2;74;88;54;6;222
2025-08-04;IVT;???;103134;1;3;69;78;69;6;222
2025-08-04;IVT;???;103269;1;3;72;95;49;6;222
2025-08-04;IVT;???;103278;1;2;58;73;81;10;222
2025-08-04;IVT;???;103405;1;3;80;75;60;7;222
2025-08-04;IVT;???;103420;1;2;65;86;68;3;222
2025-08-04;IVT;???;103788;1;3;87;57;70;8;222
2025-08-04;IVT;???;103799;1;3;69;90;61;2;222
2025-08-04;IVT;???;103888;1;3;62;57;94;9;222
2025-08-04;IVT;???;102410;1;1;69;66;86;0;221
2025-08-04;IVT;???;102778;1;1;85;77;57;2;221
2025-08-04;IVT;???;102879;1;1;54;97;61;9;221
2025-08-04;IVT;???;102914;0;3;73;68;77;3;221
2025-08-04;IVT;???;103596;1;1;100;58;56;7;221
2025-08-04;IVT;???;103698;1;1;55;99;62;5;221
2025-08-04;IVT;???;103743;1;3;91;62;64;4;221
2025-08-04;IVT;???;103818;1;3;63;67;85;6;221
2025-08-04;IVT;???;102284;0;3;49;100;63;8;220
2025-08-04;IVT;???;102338;1;2;81;59;76;4;220
2025-08-04;IVT;???;102732;1;3;69;87;58;6;220
2025-08-04;IVT;???;102792;1;3;64;85;71;0;220
2025-08-04;IVT;???;103207;1;3;73;67;75;5;220
2025-08-04;IVT;???;103406;1;3;77;51;87;5;220
2025-08-04;IVT;???;103687;1;3;96;47;67;10;220
2025-08-04;IVT;???;103761;1;1;58;94;64;4;220
2025-08-04;IVT;???;102244;0;2;63;57;97;2;219
2025-08-04;IVT;???;102293;1;3;53;86;73;7;219
2025-08-04;IVT;???;102420;1;2;100;56;53;10;219
2025-08-04;IVT;???;102612;1;2;59;62;96;2;219
2025-08-04;IVT;???;102650;1;1;98;58;59;4;219
2025-08-04;IVT;???;103067;1;2;59;92;62;6;219
2025-08-04;IVT;???;103081;1;3;61;74;76;8;219
2025-08-04;IVT;???;103102;1;2;78;65;66;10;219
2025-08-04;IVT;???;103186;1;1;55;63;97;4;219
2025-08-04;IVT;???;103282;1;3;70;60;88;1;219
2025-08-04;IVT;???;103707;1;2;67;57;89;6;219
2025-08-04;IVT;???;103763;1;1;52;64;95;8;219
2025-08-04;IVT;???;103851;1;3;57;70;90;2;219
2025-08-04;IVT;???;102421;1;2;86;64;64;4;218
2025-08-04;IVT;???;102530;1;1;58;79;76;5;218
2025-08-04;IVT;???;102959;1;2;72;78;68;0;218
2025-08-04;IVT;???;103073;1;1;54;58;100;6;218
2025-08-04;IVT;???;103092;0;2;67;94;53;4;218
2025-08-04;IVT;???;103182;1;2;79;85;54;0;218
2025-08-04;IVT;???;102635;1;2;59;87;66;5;217
2025-08-04;IVT;???;102734;1;2;55;83;69;10;217
2025-08-04;IVT;???;102833;1;3;64;89;56;8;217
2025-08-04;IVT;???;102973;1;2;87;59;61;10;217
2025-08-04;IVT;???;103142;0;2;75;60;78;4;217
2025-08-04;IVT;???;103517;1;4;56;94;63;4;217
2025-08-04;IVT;???;103614;0;3;62;86;65;4;217
2025-08-04;IVT;???;103683;1;2;76;74;67;0;217
2025-08-04;IVT;???;103847;1;2;56;65;96;0;217
2025-08-04;IVT;???;102435;0;3;56;81;72;7;216
2025-08-04;IVT;???;102673;1;3;60;68;82;6;216
2025-08-04;IVT;???;102681;1;2;61;48;100;7;216
2025-08-04;IVT;???;102852;0;3;65;54;95;2;216
2025-08-04;IVT;???;103414;0;2;68;86;62;0;216
2025-08-04;IVT;???;103620;1;3;75;64;70;7;216
2025-08-04;IVT;???;103702;1;4;51;75;88;2;216
2025-08-04;IVT;???;103778;1;2;53;89;66;8;216
2025-08-04;IVT;???;103822;0;2;63;89;60;4;216
2025-08-04;IVT;???;102477;1;3;65;83;57;10;215
2025-08-04;IVT;???;102677;1;3;85;56;67;7;215
2025-08-04;IVT;???;102796;1;2;67;59;89;0;215
2025-08-04;IVT;???;102949;1;1;85;70;59;1;215
2025-08-04;IVT;???;103165;1;2;86;49;80;0;215
2025-08-04;IVT;???;103403;1;3;69;69;68;9;215
2025-08-04;IVT;???;103786;1;1;54;76;75;10;215
2025-08-04;IVT;???;103826;0;4;66;81;63;5;215
2025-08-04;IVT;???;103863;1;3;57;71;84;3;215
2025-08-04;IVT;???;102897;1;1;64;66;76;8;214
2025-08-04;IVT;???;103410;1;2;57;65;86;6;214
2025-08-04;IVT;???;103615;1;2;86;61;59;8;214
2025-08-04;IVT;???;103701;1;3;82;61;61;10;214
2025-08-04;IVT;???;103765;0;2;59;66;85;4;214
2025-08-04;IVT;???;103831;1;1;78;61;74;1;214
2025-08-04;IVT;???;103889;1;3;62;57;88;7;214
2025-08-04;IVT;???;102266;1;3;62;53;97;1;213
2025-08-04;IVT;???;102682;1;2;81;61;67;4;213
2025-08-04;IVT;???;102769;1;1;78;76;59;0;213
2025-08-04;IVT;???;102883;1;2;67;75;68;3;213
2025-08-04;IVT;???;103225;1;2;78;55;73;7;213
2025-08-04;IVT;???;103266;0;2;57;85;61;10;213
2025-08-04;IVT;???;102263;1;2;60;82;66;4;212
2025-08-04;IVT;???;102482;0;2;75;53;81;3;212
2025-08-04;IVT;???;102572;1;4;57;96;58;1;212
2025-08-04;IVT;???;102675;1;1;73;73;62;4;212
2025-08-04;IVT;???;102719;0;2;59;72;74;7;212
2025-08-04;IVT;???;102911;1;3;100;57;48;7;212
2025-08-04;IVT;???;103246;1;2;62;80;63;7;212
2025-08-04;IVT;???;103522;1;3;59;49;99;5;212
2025-08-04;IVT;???;103892;1;4;57;72;76;7;212
2025-08-04;IVT;???;102450;1;3;75;56;77;3;211
2025-08-04;IVT;???;102549;1;3;82;56;66;7;211
2025-08-04;IVT;???;102637;1;2;84;72;53;2;211
2025-08-04;IVT;???;102671;1;1;70;69;72;0;211
2025-08-04;IVT;???;102704;1;2;65;84;58;4;211
2025-08-04;IVT;???;102721;0;3;71;57;83;0;211
2025-08-04;IVT;???;102888;0;3;67;55;80;9;211
2025-08-04;IVT;???;103046;1;3;72;81;58;0;211
2025-08-04;IVT;???;103144;1;3;86;47;75;3;211
2025-08-04;IVT;???;103180;1;2;71;69;69;2;211
2025-08-04;IVT;???;103204;1;2;57;79;67;8;211
2025-08-04;IVT;???;103409;0;4;62;56;90;3;211
2025-08-04;IVT;???;103427;1;4;61;72;78;0;211
2025-08-04;IVT;???;103689;0;3;60;90;59;2;211
2025-08-04;IVT;???;103823;1;3;62;72;71;6;211
2025-08-04;IVT;???;102580;1;4;57;89;60;4;210
2025-08-04;IVT;???;102837;1;2;76;58;72;4;210
2025-08-04;IVT;???;102892;1;2;55;68;77;10;210
2025-08-04;IVT;???;102936;1;3;83;57;65;5;210
2025-08-04;IVT;???;102752;1;3;68;57;79;5;209
2025-08-04;IVT;???;102843;1;3;56;63;83;7;209
2025-08-04;IVT;???;102845;0;1;82;66;54;7;209
2025-08-04;IVT;???;102872;0;1;59;53;87;10;209
2025-08-04;IVT;???;103060;1;3;60;51;89;9;209
2025-08-04;IVT;???;103076;1;4;72;53;74;10;209
2025-08-04;IVT;???;103221;1;3;74;70;62;3;209
2025-08-04;IVT;???;103248;1;1;60;68;78;3;209
2025-08-04;IVT;???;103432;1;3;60;80;68;1;209
2025-08-04;IVT;???;103521;0;2;76;57;74;2;209
2025-08-04;IVT;???;103528;1;2;68;82;57;2;209
2025-08-04;IVT;???;103607;1;1;70;54;75;10;209
2025-08-04;IVT;???;103827;0;3;87;67;48;7;209
2025-08-04;IVT;???;102323;1;1;55;84;64;5;208
2025-08-04;IVT;???;102415;0;1;59;81;65;3;208
2025-08-04;IVT;???;102663;1;3;82;54;71;1;208
2025-08-04;IVT;???;103054;0;1;71;74;59;4;208
2025-08-04;IVT;???;102400;1;1;86;60;55;6;207
2025-08-04;IVT;???;102614;1;2;74;60;63;10;207
2025-08-04;IVT;???;102693;0;2;69;70;65;3;207
2025-08-04;IVT;???;102772;1;2;71;50;86;0;207
2025-08-04;IVT;???;102932;1;2;66;66;70;5;207
2025-08-04;IVT;???;102972;1;3;73;72;57;5;207
2025-08-04;IVT;???;103034;1;1;53;88;65;1;207
2025-08-04;IVT;???;103250;0;2;57;61;85;4;207
2025-08-04;IVT;???;103730;1;2;51;66;84;6;207
2025-08-04;IVT;???;103908;1;4;49;90;62;6;207
2025-08-04;IVT;???;102419;1;4;52;92;57;5;206
2025-08-04;IVT;???;102925;0;3;57;70;76;3;206
2025-08-04;IVT;???;102950;1;3;74;59;63;10;206
2025-08-04;IVT;???;102378;1;3;61;66;72;6;205
2025-08-04;IVT;???;103912;1;3;49;68;87;0;204
2025-08-04;IVT;???;102286;1;4;70;69;59;5;203
2025-08-04;IVT;???;102373;1;3;85;57;61;0;203
2025-08-04;IVT;???;102384;1;2;66;57;70;10;203
2025-08-04;IVT;???;102503;1;2;62;58;81;2;203
2025-08-04;IVT;???;103622;1;1;56;58;82;7;203
2025-08-04;IVT;???;103725;1;2;65;65;69;4;203
2025-08-04;IVT;???;102808;1;4;77;58;64;3;202
2025-08-04;IVT;???;102948;1;3;57;58;83;4;202
2025-08-04;IVT;???;103110;1;3;61;56;78;7;202
2025-08-04;IVT;???;103499;1;3;70;69;58;5;202
2025-08-04;IVT;???;103515;1;2;57;67;74;4;202
2025-08-04;IVT;???;103812;1;2;95;49;56;2;202
2025-08-04;IVT;???;103123;1;3;81;67;48;5;201
2025-08-04;IVT;???;103209;0;4;70;66;63;2;201
2025-08-04;IVT;???;103500;1;4;87;49;57;8;201
2025-08-04;IVT;???;103599;1;2;61;72;64;4;201
2025-08-04;IVT;???;103695;0;2;62;63;75;1;201
2025-08-04;IVT;???;103745;1;2;53;80;66;2;201
2025-08-04;IVT;???;102538;1;2;70;54;71;5;200
2025-08-04;IVT;???;102754;1;3;69;58;65;8;200
2025-08-04;IVT;???;102756;1;1;79;52;64;5;200
2025-08-04;IVT;???;102798;1;3;75;59;65;1;200
2025-08-04;IVT;???;102838;1;3;79;55;59;7;200
2025-08-04;IVT;???;102893;1;3;72;57;62;9;200
2025-08-04;IVT;???;103040;1;1;79;60;54;7;200
2025-08-04;IVT;???;103611;1;3;76;57;58;9;200
2025-08-04;IVT;???;103753;1;2;58;60;82;0;200
2025-08-04;IVT;???;103807;1;3;59;79;57;5;200
2025-08-04;IVT;???;103852;0;2;77;49;71;3;200
2025-08-04;IVT;???;103132;1;1;64;70;61;4;199
2025-08-04;IVT;???;103181;0;2;74;63;59;3;199
2025-08-04;IVT;???;103874;0;3;51;92;50;6;199
2025-08-04;IVT;???;102245;1;2;66;67;65;0;198
2025-08-04;IVT;???;102304;1;3;79;64;49;6;198
2025-08-04;IVT;???;102331;1;2;63;72;61;2;198
2025-08-04;IVT;???;102606;1;2;50;83;55;10;198
2025-08-04;IVT;???;102745;1;2;54;78;64;2;198
2025-08-04;IVT;???;103235;0;2;56;64;75;3;198
2025-08-04;IVT;???;102308;0;1;58;60;76;3;197
2025-08-04;IVT;???;103271;1;3;68;63;65;1;197
2025-08-04;IVT;???;103810;0;2;65;61;68;3;197
2025-08-04;IVT;???;103129;1;3;55;79;59;3;196
2025-08-04;IVT;???;103784;1;1;52;54;81;9;196
2025-08-04;IVT;???;102840;1;3;63;65;61;6;195
2025-08-04;IVT;???;103168;1;1;54;79;62;0;195
2025-08-04;IVT;???;103397;1;4;60;81;54;0;195
2025-08-04;IVT;???;103905;1;2;73;52;69;1;195
2025-08-04;IVT;???;102567;0;3;61;67;60;6;194
2025-08-04;IVT;???;102676;0;3;55;65;69;5;194
2025-08-04;IVT;???;102786;1;3;47;73;71;3;194
2025-08-04;IVT;???;103855;1;4;60;56;75;3;194
2025-08-04;IVT;???;102355;0;2;58;53;80;2;193
2025-08-04;IVT;???;102553;1;2;77;63;52;1;193
2025-08-04;IVT;???;102890;1;2;47;86;58;2;193
2025-08-04;IVT;???;103526;0;3;61;80;50;1;192
2025-08-04;IVT;???;103734;1;4;83;49;59;1;192
2025-08-04;IVT;???;102337;1;1;52;80;56;3;191
2025-08-04;IVT;???;102962;0;4;68;57;65;1;191
2025-08-04;IVT;???;102977;1;1;58;75;58;0;191
2025-08-04;IVT;???;102232;1;2;57;57;72;4;190
2025-08-04;IVT;???;102250;1;1;61;64;62;3;190
2025-08-04;IVT;???;102506;0;4;52;48;87;3;190
2025-08-04;IVT;???;102608;1;3;87;47;55;1;190
2025-08-04;IVT;???;102799;1;4;64;76;50;0;190
2025-08-04;IVT;???;103391;1;1;72;57;55;6;190
2025-08-04;IVT;???;103845;1;3;60;66;60;4;190
2025-08-04;IVT;???;103829;1;4;72;57;60;0;189
2025-08-04;IVT;???;102405;1;2;73;53;57;5;188
2025-08-04;IVT;???;102707;1;3;65;60;57;6;188
2025-08-04;IVT;???;102807;1;2;54;74;59;1;188
2025-08-04;IVT;???;102907;1;2;55;66;59;8;188
2025-08-04;IVT;???;103169;1;1;64;62;56;6;188
2025-08-04;IVT;???;103035;1;3;73;48;56;10;187
2025-08-04;IVT;???;102969;0;2;53;64;63;6;186
2025-08-04;IVT;???;103867;1;2;70;59;50;7;186
2025-08-04;IVT;???;102789;1;4;65;58;59;3;185
2025-08-04;IVT;???;102842;1;3;70;55;60;0;185
2025-08-04;IVT;???;102577;1;3;52;60;69;3;184
2025-08-04;IVT;???;103616;1;1;56;64;54;10;184
2025-08-04;IVT;???;102689;1;2;61;50;62;10;183
2025-08-04;IVT;???;103704;1;2;58;59;63;3;183
2025-08-04;IVT;???;102550;1;2;64;60;55;2;181
2025-08-04;IVT;???;102430;1;2;74;51;50;5;180
2025-08-04;IVT;???;102757;1;2;51;64;57;7;179
2025-08-04;IVT;???;103612;1;2;50;81;48;0;179
2025-08-04;IVT;???;103117;0;3;66;53;50;9;178
2025-08-04;IVT;???;102353;1;3;75;48;48;6;177
2025-08-04;IVT;???;102762;1;1;68;52;53;3;176
2025-08-04;IVT;???;103878;1;2;55;55;61;4;175
2025-08-04;IVT;???;102539;1;3;71;52;49;1;173
2025-08-04;IVT;???;102654;1;2;48;58;56;9;171
2025-08-04;IVT;???;102740;1;3;62;47;48;9;166
2025-08-04;IVT;???;102903;0;3;59;51;52;3;165
2025-08-04;IVT;???;102409;1;3;59;47;52;6;164
2025-08-04;IVT;???;102375;1;2;48;48;61;6;163
2025-08-04;IVT;???;103853;1;4;54;52;53;3;162
2025-08-04;ITSS;????;103740;1;3;100;100;100;10;310
2025-08-04;ITSS;????;102397;1;2;100;100;100;9;309
2025-08-04;ITSS;????;102325;0;4;100;100;99;8;307
2025-08-04;ITSS;????;102273;1;4;100;100;99;7;306
2025-08-04;ITSS;????;102763;1;3;100;100;100;6;306
2025-08-04;ITSS;????;103461;1;2;100;100;100;6;306
2025-08-04;ITSS;????;102940;1;4;97;100;100;8;305
2025-08-04;ITSS;????;103468;1;4;100;100;100;5;305
2025-08-04;ITSS;????;103700;0;4;100;99;100;6;305
2025-08-04;ITSS;????;102255;1;2;100;95;100;9;304
2025-08-04;ITSS;????;102291;1;3;100;100;99;5;304
2025-08-04;ITSS;????;102510;1;2;100;100;100;4;304
2025-08-04;ITSS;????;103551;1;4;100;100;100;4;304
2025-08-04;ITSS;????;102461;0;4;100;100;100;3;303
2025-08-04;ITSS;????;103877;1;2;96;100;100;7;303
2025-08-04;ITSS;????;102234;1;4;100;100;100;2;302
2025-08-04;ITSS;????;102680;1;2;100;100;100;2;302
2025-08-04;ITSS;????;102825;1;3;98;100;100;4;302
2025-08-04;ITSS;????;103691;1;4;100;100;100;2;302
2025-08-04;ITSS;????;103821;1;4;100;100;100;2;302
2025-08-04;ITSS;????;102300;1;3;100;93;98;10;301
2025-08-04;ITSS;????;102644;0;2;100;100;100;1;301
2025-08-04;ITSS;????;102727;1;3;96;100;98;7;301
2025-08-04;ITSS;????;103681;1;3;100;100;91;10;301
2025-08-04;ITSS;????;102295;1;1;100;99;97;4;300
2025-08-04;ITSS;????;102489;1;3;93;99;100;8;300
2025-08-04;ITSS;????;103518;1;2;92;100;98;10;300
2025-08-04;ITSS;????;103600;1;2;100;100;100;0;300
2025-08-04;ITSS;????;103780;0;3;100;100;100;0;300
2025-08-04;ITSS;????;102711;1;3;95;100;100;4;299
2025-08-04;ITSS;????;103550;1;3;99;99;100;1;299
2025-08-04;ITSS;????;103570;1;3;100;91;100;8;299
2025-08-04;ITSS;????;102271;1;4;100;94;100;4;298
2025-08-04;ITSS;????;102403;1;3;100;100;92;5;297
2025-08-04;ITSS;????;102735;0;4;100;94;95;8;297
2025-08-04;ITSS;????;103326;0;3;100;95;100;2;297
2025-08-04;ITSS;????;103635;0;3;94;100;100;3;297
2025-08-04;ITSS;????;103844;0;2;99;93;100;5;297
2025-08-04;ITSS;????;102516;1;4;100;94;94;8;296
2025-08-04;ITSS;????;102770;0;2;94;100;100;2;296
2025-08-04;ITSS;????;103479;1;3;100;91;95;10;296
2025-08-04;ITSS;????;103748;0;4;100;88;100;8;296
2025-08-04;ITSS;????;103813;1;4;100;86;100;10;296
2025-08-04;ITSS;????;102724;1;4;100;95;100;0;295
2025-08-04;ITSS;????;102922;0;2;100;92;100;3;295
2025-08-04;ITSS;????;102474;0;4;93;94;100;7;294
2025-08-04;ITSS;????;103435;1;4;97;98;97;2;294
2025-08-04;ITSS;????;103605;0;4;100;100;93;1;294
2025-08-04;ITSS;????;103709;1;3;92;98;98;6;294
2025-08-04;ITSS;????;102354;1;3;88;100;100;5;293
2025-08-04;ITSS;????;102554;1;4;91;100;100;2;293
2025-08-04;ITSS;????;102562;1;2;87;100;100;6;293
2025-08-04;ITSS;????;102933;1;2;100;87;100;6;293
2025-08-04;ITSS;????;103546;1;1;97;100;86;10;293
2025-08-04;ITSS;????;103603;1;3;100;100;93;0;293
2025-08-04;ITSS;????;103693;0;4;100;91;100;2;293
2025-08-04;ITSS;????;103911;1;1;95;93;98;7;293
2025-08-04;ITSS;????;102321;1;3;100;95;87;10;292
2025-08-04;ITSS;????;102426;1;2;100;93;96;3;292
2025-08-04;ITSS;????;102565;1;2;100;100;91;1;292
2025-08-04;ITSS;????;102809;0;4;100;85;100;7;292
2025-08-04;ITSS;????;102880;0;3;100;93;94;5;292
2025-08-04;ITSS;????;103477;0;4;100;99;92;1;292
2025-08-04;ITSS;????;103496;0;4;100;93;96;3;292
2025-08-04;ITSS;????;103750;1;2;100;99;91;2;292
2025-08-04;ITSS;????;102597;1;3;100;85;96;10;291
2025-08-04;ITSS;????;102742;1;1;91;100;96;4;291
2025-08-04;ITSS;????;102859;1;2;100;100;83;8;291
2025-08-04;ITSS;????;102918;1;3;89;99;100;3;291
2025-08-04;ITSS;????;102942;1;3;91;92;100;8;291
2025-08-04;ITSS;????;102367;1;2;100;88;100;2;290
2025-08-04;ITSS;????;102773;1;3;100;100;89;1;290
2025-08-04;ITSS;????;102856;1;3;100;84;100;6;290
2025-08-04;ITSS;????;103476;1;3;94;86;100;10;290
2025-08-04;ITSS;????;103915;1;1;100;89;91;10;290
2025-08-04;ITSS;????;102230;0;4;100;82;100;7;289
2025-08-04;ITSS;????;102268;1;4;92;100;93;4;289
2025-08-04;ITSS;????;102483;1;2;81;100;100;8;289
2025-08-04;ITSS;????;102486;1;4;100;86;100;3;289
2025-08-04;ITSS;????;102261;1;3;80;100;98;10;288
2025-08-04;ITSS;????;102398;1;4;100;100;82;6;288
2025-08-04;ITSS;????;102511;1;4;100;96;86;6;288
2025-08-04;ITSS;????;102616;0;2;81;100;100;7;288
2025-08-04;ITSS;????;102743;1;4;100;81;100;7;288
2025-08-04;ITSS;????;102862;1;2;96;91;92;9;288
2025-08-04;ITSS;????;102866;1;2;85;99;97;7;288
2025-08-04;ITSS;????;103286;1;4;100;79;100;9;288
2025-08-04;ITSS;????;103592;0;2;86;100;100;2;288
2025-08-04;ITSS;????;102336;1;2;96;82;100;9;287
2025-08-04;ITSS;????;102543;1;4;100;90;97;0;287
2025-08-04;ITSS;????;102655;0;4;84;100;100;3;287
2025-08-04;ITSS;????;102793;0;4;100;86;100;1;287
2025-08-04;ITSS;????;102850;1;4;100;85;100;2;287
2025-08-04;ITSS;????;103305;0;4;90;100;90;7;287
2025-08-04;ITSS;????;102282;1;2;100;100;76;10;286
2025-08-04;ITSS;????;102443;1;2;88;98;100;0;286
2025-08-04;ITSS;????;102666;1;3;99;100;83;4;286
2025-08-04;ITSS;????;102691;1;2;84;100;100;2;286
2025-08-04;ITSS;????;102738;1;4;83;100;100;3;286
2025-08-04;ITSS;????;102824;1;2;100;100;82;4;286
2025-08-04;ITSS;????;103283;1;2;100;86;100;0;286
2025-08-04;ITSS;????;103673;1;4;93;100;91;2;286
2025-08-04;ITSS;????;103718;1;3;100;100;86;0;286
2025-08-04;ITSS;????;102236;1;3;86;99;100;0;285
2025-08-04;ITSS;????;102481;1;4;87;100;88;10;285
2025-08-04;ITSS;????;102540;1;3;75;100;100;10;285
2025-08-04;ITSS;????;102576;1;3;100;100;80;5;285
2025-08-04;ITSS;????;102661;1;4;95;95;86;9;285
2025-08-04;ITSS;????;103320;1;4;81;100;100;4;285
2025-08-04;ITSS;????;103322;1;4;100;100;85;0;285
2025-08-04;ITSS;????;103567;1;4;100;95;86;4;285
2025-08-04;ITSS;????;103641;1;1;89;89;100;7;285
2025-08-04;ITSS;????;102254;1;2;92;100;82;10;284
2025-08-04;ITSS;????;102314;1;4;80;100;100;4;284
2025-08-04;ITSS;????;102334;1;2;98;98;88;0;284
2025-08-04;ITSS;????;102369;1;3;100;100;80;4;284
2025-08-04;ITSS;????;102459;1;4;85;99;90;10;284
2025-08-04;ITSS;????;102544;1;4;82;95;97;10;284
2025-08-04;ITSS;????;102774;1;2;100;99;79;6;284
2025-08-04;ITSS;????;103559;1;2;80;100;100;4;284
2025-08-04;ITSS;????;103568;1;1;100;82;100;2;284
2025-08-04;ITSS;????;103574;1;3;97;82;100;5;284
2025-08-04;ITSS;????;103741;1;2;93;100;81;10;284
2025-08-04;ITSS;????;103902;1;3;83;100;94;7;284
2025-08-04;ITSS;????;102376;1;4;100;100;80;3;283
2025-08-04;ITSS;????;102392;1;2;98;81;97;7;283
2025-08-04;ITSS;????;102414;1;2;100;82;100;1;283
2025-08-04;ITSS;????;102627;1;1;93;96;85;9;283
2025-08-04;ITSS;????;102678;1;4;95;100;84;4;283
2025-08-04;ITSS;????;102980;1;2;100;73;100;10;283
2025-08-04;ITSS;????;103565;1;4;82;98;93;10;283
2025-08-04;ITSS;????;103760;1;2;97;90;92;4;283
2025-08-04;ITSS;????;102444;1;2;95;77;100;10;282
2025-08-04;ITSS;????;102522;1;2;82;98;92;10;282
2025-08-04;ITSS;????;102604;1;3;78;100;100;4;282
2025-08-04;ITSS;????;102657;1;3;100;100;74;8;282
2025-08-04;ITSS;????;102810;1;4;85;99;96;2;282
2025-08-04;ITSS;????;102889;1;1;92;87;100;3;282
2025-08-04;ITSS;????;103328;1;4;100;90;83;9;282
2025-08-04;ITSS;????;103467;1;4;97;100;85;0;282
2025-08-04;ITSS;????;103561;1;2;100;95;87;0;282
2025-08-04;ITSS;????;103805;1;3;100;80;100;2;282
2025-08-04;ITSS;????;103886;1;4;100;100;73;9;282
2025-08-04;ITSS;????;102446;1;4;83;88;100;10;281
2025-08-04;ITSS;????;102467;0;4;84;100;89;8;281
2025-08-04;ITSS;????;102791;1;4;83;97;99;2;281
2025-08-04;ITSS;????;103713;1;4;95;100;84;2;281
2025-08-04;ITSS;????;103747;1;2;100;96;76;9;281
2025-08-04;ITSS;????;102241;1;4;90;85;100;5;280
2025-08-04;ITSS;????;102360;1;3;100;100;70;10;280
2025-08-04;ITSS;????;102548;1;2;100;93;86;1;280
2025-08-04;ITSS;????;102623;1;4;94;89;87;10;280
2025-08-04;ITSS;????;102639;1;2;90;100;90;0;280
2025-08-04;ITSS;????;102642;1;4;88;83;99;10;280
2025-08-04;ITSS;????;102668;1;4;96;79;100;5;280
2025-08-04;ITSS;????;102695;1;4;93;80;100;7;280
2025-08-04;ITSS;????;102802;1;4;100;99;77;4;280
2025-08-04;ITSS;????;103876;1;4;98;84;93;5;280
2025-08-04;ITSS;????;102281;1;3;78;100;100;1;279
2025-08-04;ITSS;????;102302;1;3;100;100;73;6;279
2025-08-04;ITSS;????;102312;1;4;93;81;100;5;279
2025-08-04;ITSS;????;102440;1;2;100;75;100;4;279
2025-08-04;ITSS;????;102515;0;4;83;99;97;0;279
2025-08-04;ITSS;????;102563;1;4;95;89;87;8;279
2025-08-04;ITSS;????;102718;1;4;100;100;77;2;279
2025-08-04;ITSS;????;103795;0;3;100;82;88;9;279
2025-08-04;ITSS;????;103841;1;4;100;83;95;1;279
2025-08-04;ITSS;????;102311;0;2;100;74;100;4;278
2025-08-04;ITSS;????;102455;1;2;100;74;100;4;278
2025-08-04;ITSS;????;103728;1;3;100;88;90;0;278
2025-08-04;ITSS;????;103754;1;4;100;94;79;5;278
2025-08-04;ITSS;????;103791;1;4;100;89;83;6;278
2025-08-04;ITSS;????;103796;1;2;100;78;100;0;278
2025-08-04;ITSS;????;103865;0;4;100;78;100;0;278
2025-08-04;ITSS;????;102412;1;4;92;100;84;1;277
2025-08-04;ITSS;????;102487;1;2;100;73;100;4;277
2025-08-04;ITSS;????;102585;1;3;100;80;93;4;277
2025-08-04;ITSS;????;102665;1;3;77;98;94;8;277
2025-08-04;ITSS;????;102776;1;2;89;100;86;2;277
2025-08-04;ITSS;????;102967;0;4;85;92;99;1;277
2025-08-04;ITSS;????;103749;1;1;96;75;98;8;277
2025-08-04;ITSS;????;103769;1;3;73;100;100;4;277
2025-08-04;ITSS;????;102683;1;3;100;100;68;8;276
2025-08-04;ITSS;????;102944;1;3;100;82;86;8;276
2025-08-04;ITSS;????;103573;1;2;100;85;91;0;276
2025-08-04;ITSS;????;103762;0;4;100;75;100;1;276
2025-08-04;ITSS;????;102259;1;2;92;88;86;9;275
2025-08-04;ITSS;????;102285;1;3;96;80;99;0;275
2025-08-04;ITSS;????;102362;1;4;95;91;87;2;275
2025-08-04;ITSS;????;102500;1;1;99;76;98;2;275
2025-08-04;ITSS;????;102546;1;2;95;100;73;7;275
2025-08-04;ITSS;????;102573;1;4;71;98;99;7;275
2025-08-04;ITSS;????;102670;1;4;88;100;82;5;275
2025-08-04;ITSS;????;102795;1;3;82;97;91;5;275
2025-08-04;ITSS;????;102878;1;3;86;92;90;7;275
2025-08-04;ITSS;????;102920;1;3;77;100;92;6;275
2025-08-04;ITSS;????;103433;0;3;74;100;94;7;275
2025-08-04;ITSS;????;103602;1;2;80;100;86;9;275
2025-08-04;ITSS;????;103907;1;2;94;99;82;0;275
2025-08-04;ITSS;????;102348;1;1;81;93;95;5;274
2025-08-04;ITSS;????;102449;1;2;89;78;100;7;274
2025-08-04;ITSS;????;102456;1;4;84;100;88;2;274
2025-08-04;ITSS;????;102599;1;4;93;100;81;0;274
2025-08-04;ITSS;????;102777;1;1;100;85;79;10;274
2025-08-04;ITSS;????;102851;1;1;87;85;95;7;274
2025-08-04;ITSS;????;102881;1;3;100;83;81;10;274
2025-08-04;ITSS;????;102884;1;3;98;74;100;2;274
2025-08-04;ITSS;????;102945;1;2;92;83;94;5;274
2025-08-04;ITSS;????;102947;1;2;100;69;98;7;274
2025-08-04;ITSS;????;103316;1;4;100;65;100;9;274
2025-08-04;ITSS;????;103506;1;4;92;87;90;5;274
2025-08-04;ITSS;????;103516;1;4;99;65;100;10;274
2025-08-04;ITSS;????;103657;0;3;86;100;86;2;274
2025-08-04;ITSS;????;103808;1;2;100;100;72;2;274
2025-08-04;ITSS;????;102329;1;4;85;78;100;10;273
2025-08-04;ITSS;????;102356;1;2;100;71;100;2;273
2025-08-04;ITSS;????;102509;1;3;100;69;100;4;273
2025-08-04;ITSS;????;102519;0;4;82;100;88;3;273
2025-08-04;ITSS;????;103318;1;3;90;100;78;5;273
2025-08-04;ITSS;????;103454;0;4;80;98;95;0;273
2025-08-04;ITSS;????;103738;1;1;88;98;84;3;273
2025-08-04;ITSS;????;102252;1;2;100;76;93;3;272
2025-08-04;ITSS;????;102267;1;4;82;94;96;0;272
2025-08-04;ITSS;????;102326;1;3;71;100;100;1;272
2025-08-04;ITSS;????;102352;1;3;86;100;78;8;272
2025-08-04;ITSS;????;102463;1;2;82;100;87;3;272
2025-08-04;ITSS;????;102524;0;4;87;81;100;4;272
2025-08-04;ITSS;????;102705;1;3;64;99;100;9;272
2025-08-04;ITSS;????;102766;0;2;90;74;100;8;272
2025-08-04;ITSS;????;102821;1;4;89;78;100;5;272
2025-08-04;ITSS;????;102978;1;3;73;100;95;4;272
2025-08-04;ITSS;????;103445;1;2;79;94;94;5;272
2025-08-04;ITSS;????;103640;1;3;98;100;66;8;272
2025-08-04;ITSS;????;103645;1;3;80;89;100;3;272
2025-08-04;ITSS;????;103680;1;3;76;97;91;8;272
2025-08-04;ITSS;????;102262;1;4;92;100;72;7;271
2025-08-04;ITSS;????;102387;1;3;76;87;100;8;271
2025-08-04;ITSS;????;102445;1;3;75;100;94;2;271
2025-08-04;ITSS;????;102647;1;2;83;100;85;3;271
2025-08-04;ITSS;????;102868;1;3;88;98;84;1;271
2025-08-04;ITSS;????;103301;1;4;73;100;96;2;271
2025-08-04;ITSS;????;103511;1;2;95;91;76;9;271
2025-08-04;ITSS;????;103590;1;3;100;100;63;8;271
2025-08-04;ITSS;????;103672;1;3;90;79;100;2;271
2025-08-04;ITSS;????;103722;1;2;86;79;100;6;271
2025-08-04;ITSS;????;103726;0;4;92;78;100;1;271
2025-08-04;ITSS;????;103782;1;4;89;88;89;5;271
2025-08-04;ITSS;????;102320;1;2;96;100;74;0;270
2025-08-04;ITSS;????;102385;1;3;100;92;69;9;270
2025-08-04;ITSS;????;102460;1;2;83;80;100;7;270
2025-08-04;ITSS;????;102662;1;2;75;91;100;4;270
2025-08-04;ITSS;????;102817;1;3;70;100;100;0;270
2025-08-04;ITSS;????;102818;1;2;62;100;100;8;270
2025-08-04;ITSS;????;102820;1;2;100;100;63;7;270
2025-08-04;ITSS;????;102875;1;2;85;87;91;7;270
2025-08-04;ITSS;????;102965;1;2;62;100;100;8;270
2025-08-04;ITSS;????;103324;1;2;75;95;94;6;270
2025-08-04;ITSS;????;103548;1;3;78;94;92;6;270
2025-08-04;ITSS;????;103644;1;2;100;100;69;1;270
2025-08-04;ITSS;????;103692;1;2;70;100;100;0;270
2025-08-04;ITSS;????;103793;1;2;100;79;82;9;270
2025-08-04;ITSS;????;103885;1;3;84;79;100;7;270
2025-08-04;ITSS;????;102272;1;3;97;66;100;6;269
2025-08-04;ITSS;????;102288;1;1;100;68;98;3;269
2025-08-04;ITSS;????;102425;0;2;78;100;90;1;269
2025-08-04;ITSS;????;102428;1;3;63;100;99;7;269
2025-08-04;ITSS;????;102575;0;3;100;61;98;10;269
2025-08-04;ITSS;????;102587;1;4;100;100;59;10;269
2025-08-04;ITSS;????;102690;1;4;100;92;69;8;269
2025-08-04;ITSS;????;102858;1;2;90;72;100;7;269
2025-08-04;ITSS;????;102899;1;3;65;96;100;8;269
2025-08-04;ITSS;????;102946;1;4;100;78;89;2;269
2025-08-04;ITSS;????;103298;1;4;95;73;100;1;269
2025-08-04;ITSS;????;103465;1;3;74;97;90;8;269
2025-08-04;ITSS;????;103768;1;3;68;100;100;1;269
2025-08-04;ITSS;????;103770;0;2;93;100;70;6;269
2025-08-04;ITSS;????;102229;1;1;91;94;73;10;268
2025-08-04;ITSS;????;102283;1;4;100;67;98;3;268
2025-08-04;ITSS;????;102313;1;2;80;91;93;4;268
2025-08-04;ITSS;????;102380;1;2;100;100;61;7;268
2025-08-04;ITSS;????;102531;1;3;65;100;95;8;268
2025-08-04;ITSS;????;102640;1;4;98;97;71;2;268
2025-08-04;ITSS;????;102759;1;4;62;100;100;6;268
2025-08-04;ITSS;????;102797;1;3;90;68;100;10;268
2025-08-04;ITSS;????;102916;0;3;93;83;85;7;268
2025-08-04;ITSS;????;102939;0;2;100;62;100;6;268
2025-08-04;ITSS;????;102955;1;4;100;100;62;6;268
2025-08-04;ITSS;????;103302;1;2;91;83;94;0;268
2025-08-04;ITSS;????;103440;1;1;72;94;97;5;268
2025-08-04;ITSS;????;103563;1;4;95;65;100;8;268
2025-08-04;ITSS;????;103652;0;2;99;63;100;6;268
2025-08-04;ITSS;????;103669;1;3;84;90;92;2;268
2025-08-04;ITSS;????;103871;1;1;85;81;93;9;268
2025-08-04;ITSS;????;103906;1;2;100;62;100;6;268
2025-08-04;ITSS;????;102264;1;3;64;100;100;3;267
2025-08-04;ITSS;????;102319;1;4;100;88;73;6;267
2025-08-04;ITSS;????;102346;1;4;93;87;82;5;267
2025-08-04;ITSS;????;102466;1;2;95;69;100;3;267
2025-08-04;ITSS;????;102496;1;2;70;90;100;7;267
2025-08-04;ITSS;????;102630;1;2;94;64;99;10;267
2025-08-04;ITSS;????;102646;1;3;93;94;79;1;267
2025-08-04;ITSS;????;102669;0;2;100;67;100;0;267
2025-08-04;ITSS;????;102686;1;1;86;92;86;3;267
2025-08-04;ITSS;????;102702;1;3;100;100;61;6;267
2025-08-04;ITSS;????;102784;1;4;100;80;81;6;267
2025-08-04;ITSS;????;102828;1;3;70;100;96;1;267
2025-08-04;ITSS;????;102831;1;4;90;73;94;10;267
2025-08-04;ITSS;????;102857;1;1;93;79;85;10;267
2025-08-04;ITSS;????;102861;0;4;90;69;99;9;267
2025-08-04;ITSS;????;102982;1;3;64;100;100;3;267
2025-08-04;ITSS;????;103317;1;4;92;100;72;3;267
2025-08-04;ITSS;????;103332;1;4;77;100;90;0;267
2025-08-04;ITSS;????;103450;1;2;100;67;100;0;267
2025-08-04;ITSS;????;103497;1;3;80;100;86;1;267
2025-08-04;ITSS;????;103512;0;1;85;80;92;10;267
2025-08-04;ITSS;????;103513;1;3;71;98;94;4;267
2025-08-04;ITSS;????;103676;1;4;81;91;94;1;267
2025-08-04;ITSS;????;103776;0;3;85;100;80;2;267
2025-08-04;ITSS;????;103790;1;3;84;100;83;0;267
2025-08-04;ITSS;????;103840;1;4;98;96;63;10;267
2025-08-04;ITSS;????;103866;1;4;86;81;100;0;267
2025-08-04;ITSS;????;103904;1;3;80;84;100;3;267
2025-08-04;ITSS;????;102371;1;2;99;78;81;8;266
2025-08-04;ITSS;????;102422;1;4;63;98;100;5;266
2025-08-04;ITSS;????;102472;0;3;83;77;100;6;266
2025-08-04;ITSS;????;102502;1;3;98;100;66;2;266
2025-08-04;ITSS;????;102551;1;4;74;92;91;9;266
2025-08-04;ITSS;????;102589;0;1;97;100;65;4;266
2025-08-04;ITSS;????;102593;0;2;69;100;90;7;266
2025-08-04;ITSS;????;102618;1;4;79;100;79;8;266
2025-08-04;ITSS;????;102788;0;2;78;100;81;7;266
2025-08-04;ITSS;????;102816;1;1;95;73;92;6;266
2025-08-04;ITSS;????;102854;0;3;86;80;91;9;266
2025-08-04;ITSS;????;102876;1;4;100;90;70;6;266
2025-08-04;ITSS;????;102902;1;2;100;83;75;8;266
2025-08-04;ITSS;????;102923;1;1;97;79;87;3;266
2025-08-04;ITSS;????;103493;1;2;80;79;100;7;266
2025-08-04;ITSS;????;103686;1;4;73;100;89;4;266
2025-08-04;ITSS;????;103801;0;3;100;57;100;9;266
2025-08-04;ITSS;????;103828;1;3;99;99;59;9;266
2025-08-04;ITSS;????;103850;1;2;100;100;60;6;266
2025-08-04;ITSS;????;103910;1;3;80;92;87;7;266
2025-08-04;ITSS;????;102257;1;2;70;97;92;6;265
2025-08-04;ITSS;????;102361;1;2;68;94;100;3;265
2025-08-04;ITSS;????;102439;1;2;77;100;83;5;265
2025-08-04;ITSS;????;102468;1;2;99;65;100;1;265
2025-08-04;ITSS;????;102523;1;4;88;73;100;4;265
2025-08-04;ITSS;????;102601;1;4;86;84;93;2;265
2025-08-04;ITSS;????;102694;1;3;88;97;78;2;265
2025-08-04;ITSS;????;102717;1;4;87;71;100;7;265
2025-08-04;ITSS;????;102751;1;3;96;83;79;7;265
2025-08-04;ITSS;????;102964;1;3;87;88;87;3;265
2025-08-04;ITSS;????;103300;1;3;85;88;84;8;265
2025-08-04;ITSS;????;103646;1;4;100;84;79;2;265
2025-08-04;ITSS;????;103860;1;4;100;80;81;4;265
2025-08-04;ITSS;????;103869;0;4;90;86;87;2;265
2025-08-04;ITSS;????;102278;1;4;87;96;81;0;264
2025-08-04;ITSS;????;102317;1;2;66;97;99;2;264
2025-08-04;ITSS;????;102401;1;2;100;100;60;4;264
2025-08-04;ITSS;????;102480;1;4;87;90;78;9;264
2025-08-04;ITSS;????;102545;0;4;55;100;100;9;264
2025-08-04;ITSS;????;102760;1;4;100;95;67;2;264
2025-08-04;ITSS;????;102813;0;4;60;100;100;4;264
2025-08-04;ITSS;????;102966;1;4;96;88;73;7;264
2025-08-04;ITSS;????;103311;1;2;76;100;85;3;264
2025-08-04;ITSS;????;103466;0;2;81;80;98;5;264
2025-08-04;ITSS;????;103547;0;4;100;85;75;4;264
2025-08-04;ITSS;????;103804;1;2;85;70;100;9;264
2025-08-04;ITSS;????;103837;0;4;65;91;100;8;264
2025-08-04;ITSS;????;103843;1;4;83;87;87;7;264
2025-08-04;ITSS;????;102228;1;4;97;59;100;7;263
2025-08-04;ITSS;????;102457;1;3;56;100;100;7;263
2025-08-04;ITSS;????;102568;1;4;74;88;97;4;263
2025-08-04;ITSS;????;102699;1;4;79;79;100;5;263
2025-08-04;ITSS;????;102701;1;3;94;81;80;8;263
2025-08-04;ITSS;????;102929;1;1;83;79;98;3;263
2025-08-04;ITSS;????;103552;1;2;86;80;90;7;263
2025-08-04;ITSS;????;103564;1;2;85;80;92;6;263
2025-08-04;ITSS;????;103733;1;3;86;95;82;0;263
2025-08-04;ITSS;????;103798;1;3;98;64;91;10;263
2025-08-04;ITSS;????;102247;1;3;71;89;98;4;262
2025-08-04;ITSS;????;102316;1;3;68;98;95;1;262
2025-08-04;ITSS;????;102424;1;3;91;93;74;4;262
2025-08-04;ITSS;????;102595;1;4;82;72;99;9;262
2025-08-04;ITSS;????;102700;1;4;98;69;89;6;262
2025-08-04;ITSS;????;102874;1;3;80;79;100;3;262
2025-08-04;ITSS;????;102885;1;4;88;100;65;9;262
2025-08-04;ITSS;????;102896;1;3;100;76;80;6;262
2025-08-04;ITSS;????;102909;1;4;78;79;100;5;262
2025-08-04;ITSS;????;103310;0;2;100;61;100;1;262
2025-08-04;ITSS;????;103434;1;3;99;79;74;10;262
2025-08-04;ITSS;????;103451;1;4;72;100;83;7;262
2025-08-04;ITSS;????;103494;0;4;100;73;83;6;262
2025-08-04;ITSS;????;103509;1;4;71;98;90;3;262
2025-08-04;ITSS;????;103654;1;4;75;100;82;5;262
2025-08-04;ITSS;????;103731;0;2;60;96;100;6;262
2025-08-04;ITSS;????;103814;1;3;89;88;81;4;262
2025-08-04;ITSS;????;103824;1;3;81;100;76;5;262
2025-08-04;ITSS;????;103835;1;3;100;61;100;1;262
2025-08-04;ITSS;????;103854;1;3;88;86;86;2;262
2025-08-04;ITSS;????;103897;1;3;62;95;95;10;262
2025-08-04;ITSS;????;102299;1;2;100;82;72;7;261
2025-08-04;ITSS;????;102328;0;4;100;63;94;4;261
2025-08-04;ITSS;????;102381;1;2;62;93;100;6;261
2025-08-04;ITSS;????;102441;1;4;86;93;81;1;261
2025-08-04;ITSS;????;102484;1;1;100;74;87;0;261
2025-08-04;ITSS;????;102583;1;3;100;71;87;3;261
2025-08-04;ITSS;????;102779;1;4;99;94;61;7;261
2025-08-04;ITSS;????;102814;0;1;86;98;73;4;261
2025-08-04;ITSS;????;102844;1;2;78;92;83;8;261
2025-08-04;ITSS;????;102924;1;1;100;95;62;4;261
2025-08-04;ITSS;????;103481;0;2;100;66;92;3;261
2025-08-04;ITSS;????;103663;1;2;95;77;87;2;261
2025-08-04;ITSS;????;103742;0;4;100;77;83;1;261
2025-08-04;ITSS;????;103746;1;2;100;81;74;6;261
2025-08-04;ITSS;????;103764;1;4;100;56;100;5;261
2025-08-04;ITSS;????;103773;1;4;75;91;90;5;261
2025-08-04;ITSS;????;102307;0;2;84;100;68;8;260
2025-08-04;ITSS;????;102448;1;2;94;100;59;7;260
2025-08-04;ITSS;????;102501;0;3;87;100;68;5;260
2025-08-04;ITSS;????;102537;1;2;100;63;88;9;260
2025-08-04;ITSS;????;102633;1;1;67;87;100;6;260
2025-08-04;ITSS;????;102733;1;2;100;92;67;1;260
2025-08-04;ITSS;????;102782;1;3;92;91;72;5;260
2025-08-04;ITSS;????;102853;1;3;98;78;82;2;260
2025-08-04;ITSS;????;102855;1;3;92;87;73;8;260
2025-08-04;ITSS;????;102871;0;1;92;84;82;2;260
2025-08-04;ITSS;????;103458;1;4;100;69;87;4;260
2025-08-04;ITSS;????;103510;1;2;56;100;100;4;260
2025-08-04;ITSS;????;103569;1;4;91;100;59;10;260
2025-08-04;ITSS;????;103606;1;4;100;64;88;8;260
2025-08-04;ITSS;????;103662;1;2;95;88;72;5;260
2025-08-04;ITSS;????;103684;1;1;78;97;82;3;260
2025-08-04;ITSS;????;103759;1;4;63;100;88;9;260
2025-08-04;ITSS;????;102237;1;3;96;62;91;10;259
2025-08-04;ITSS;????;102249;1;3;100;89;61;9;259
2025-08-04;ITSS;????;102464;1;2;100;92;65;2;259
2025-08-04;ITSS;????;102709;1;4;78;82;98;1;259
2025-08-04;ITSS;????;102780;1;2;92;64;99;4;259
2025-08-04;ITSS;????;102864;0;3;88;85;78;8;259
2025-08-04;ITSS;????;102886;1;3;66;83;100;10;259
2025-08-04;ITSS;????;102912;1;1;95;78;77;9;259
2025-08-04;ITSS;????;103290;1;4;89;64;100;6;259
2025-08-04;ITSS;????;103315;1;3;100;54;100;5;259
2025-08-04;ITSS;????;103321;1;3;100;76;82;1;259
2025-08-04;ITSS;????;103482;1;3;65;100;84;10;259
2025-08-04;ITSS;????;103495;1;1;95;82;77;5;259
2025-08-04;ITSS;????;103553;1;3;65;100;93;1;259
2025-08-04;ITSS;????;103594;1;2;67;84;100;8;259
2025-08-04;ITSS;????;103772;0;2;100;66;87;6;259
2025-08-04;ITSS;????;103842;1;2;75;75;100;9;259
2025-08-04;ITSS;????;103903;1;4;100;76;79;4;259
2025-08-04;ITSS;????;103909;1;1;94;89;73;3;259
2025-08-04;ITSS;????;103914;0;4;100;83;71;5;259
2025-08-04;ITSS;????;102251;1;3;82;96;72;8;258
2025-08-04;ITSS;????;102276;1;3;71;100;83;4;258
2025-08-04;ITSS;????;102358;1;4;89;69;100;0;258
2025-08-04;ITSS;????;102465;1;2;79;74;97;8;258
2025-08-04;ITSS;????;102498;1;2;63;97;88;10;258
2025-08-04;ITSS;????;102518;1;4;97;70;83;8;258
2025-08-04;ITSS;????;102533;1;2;88;66;94;10;258
2025-08-04;ITSS;????;102679;1;4;74;76;100;8;258
2025-08-04;ITSS;????;102703;1;4;100;81;76;1;258
2025-08-04;ITSS;????;102737;1;2;89;68;100;1;258
2025-08-04;ITSS;????;102748;1;3;99;63;90;6;258
2025-08-04;ITSS;????;102834;1;4;79;85;94;0;258
2025-08-04;ITSS;????;102835;1;3;89;99;64;6;258
2025-08-04;ITSS;????;102847;1;1;73;95;87;3;258
2025-08-04;ITSS;????;103323;1;3;78;81;96;3;258
2025-08-04;ITSS;????;103456;1;3;80;68;100;10;258
2025-08-04;ITSS;????;103560;1;2;71;100;86;1;258
2025-08-04;ITSS;????;103598;1;2;96;59;95;8;258
2025-08-04;ITSS;????;103670;0;1;85;82;91;0;258
2025-08-04;ITSS;????;103671;0;4;100;65;85;8;258
2025-08-04;ITSS;????;103789;1;3;100;78;77;3;258
2025-08-04;ITSS;????;103846;1;3;89;66;99;4;258
2025-08-04;ITSS;????;103873;1;2;92;66;100;0;258
2025-08-04;ITSS;????;102270;1;4;69;87;100;1;257
2025-08-04;ITSS;????;102290;1;2;83;98;71;5;257
2025-08-04;ITSS;????;102306;1;4;100;87;63;7;257
2025-08-04;ITSS;????;102324;0;4;93;96;62;6;257
2025-08-04;ITSS;????;102341;1;2;65;89;100;3;257
2025-08-04;ITSS;????;102488;1;2;100;90;59;8;257
2025-08-04;ITSS;????;102547;1;1;94;85;70;8;257
2025-08-04;ITSS;????;102749;1;3;66;89;100;2;257
2025-08-04;ITSS;????;102830;1;3;93;100;64;0;257
2025-08-04;ITSS;????;102865;1;1;77;100;80;0;257
2025-08-04;ITSS;????;102869;1;2;100;68;85;4;257
2025-08-04;ITSS;????;102968;1;2;100;55;92;10;257
2025-08-04;ITSS;????;103474;1;2;65;99;93;0;257
2025-08-04;ITSS;????;103677;1;2;55;94;100;8;257
2025-08-04;ITSS;????;103755;1;1;57;100;90;10;257
2025-08-04;ITSS;????;103771;1;4;82;74;96;5;257
2025-08-04;ITSS;????;103913;1;1;78;74;100;5;257
2025-08-04;ITSS;????;102345;1;4;70;96;80;10;256
2025-08-04;ITSS;????;102351;1;2;90;59;97;10;256
2025-08-04;ITSS;????;102434;1;3;100;61;89;6;256
2025-08-04;ITSS;????;102479;1;2;56;98;100;2;256
2025-08-04;ITSS;????;102499;1;2;88;65;93;10;256
2025-08-04;ITSS;????;102602;1;4;64;100;83;9;256
2025-08-04;ITSS;????;102607;0;4;83;100;63;10;256
2025-08-04;ITSS;????;102634;1;4;73;85;91;7;256
2025-08-04;ITSS;????;102652;1;2;79;74;100;3;256
2025-08-04;ITSS;????;102731;1;4;89;63;95;9;256
2025-08-04;ITSS;????;102908;1;4;97;97;57;5;256
2025-08-04;ITSS;????;102930;0;4;72;82;100;2;256
2025-08-04;ITSS;????;103556;1;2;77;96;78;5;256
2025-08-04;ITSS;????;103609;1;3;100;75;75;6;256
2025-08-04;ITSS;????;103815;1;3;63;100;88;5;256
2025-08-04;ITSS;????;103848;1;1;68;99;89;0;256
2025-08-04;ITSS;????;103899;1;2;81;87;80;8;256
2025-08-04;ITSS;????;102239;0;4;100;84;63;8;255
2025-08-04;ITSS;????;102287;1;2;94;68;88;5;255
2025-08-04;ITSS;????;102386;1;2;55;97;100;3;255
2025-08-04;ITSS;????;102542;0;3;81;100;72;2;255
2025-08-04;ITSS;????;102570;1;3;72;74;100;9;255
2025-08-04;ITSS;????;102579;1;4;53;92;100;10;255
2025-08-04;ITSS;????;102750;1;1;100;85;62;8;255
2025-08-04;ITSS;????;102913;1;3;100;57;93;5;255
2025-08-04;ITSS;????;103284;1;4;56;100;95;4;255
2025-08-04;ITSS;????;103319;1;3;83;68;97;7;255
2025-08-04;ITSS;????;103475;1;3;60;93;99;3;255
2025-08-04;ITSS;????;103720;0;2;100;83;64;8;255
2025-08-04;ITSS;????;103800;1;1;93;62;92;8;255
2025-08-04;ITSS;????;103868;1;3;69;100;78;8;255
2025-08-04;ITSS;????;102388;1;2;79;100;75;0;254
2025-08-04;ITSS;????;102402;1;4;100;61;89;4;254
2025-08-04;ITSS;????;102417;1;2;88;80;86;0;254
2025-08-04;ITSS;????;102433;0;3;80;100;74;0;254
2025-08-04;ITSS;????;102471;1;3;100;80;67;7;254
2025-08-04;ITSS;????;102492;1;1;82;99;66;7;254
2025-08-04;ITSS;????;102566;1;3;100;81;65;8;254
2025-08-04;ITSS;????;102672;1;2;81;65;100;8;254
2025-08-04;ITSS;????;102744;1;3;89;58;98;9;254
2025-08-04;ITSS;????;102765;1;2;85;77;92;0;254
2025-08-04;ITSS;????;102785;1;1;75;98;74;7;254
2025-08-04;ITSS;????;102815;1;1;77;68;100;9;254
2025-08-04;ITSS;????;102915;1;3;63;87;100;4;254
2025-08-04;ITSS;????;102974;1;4;77;89;86;2;254
2025-08-04;ITSS;????;103308;1;4;79;85;89;1;254
2025-08-04;ITSS;????;103455;1;2;87;84;79;4;254
2025-08-04;ITSS;????;103470;1;3;94;69;86;5;254
2025-08-04;ITSS;????;103639;1;3;82;100;67;5;254
2025-08-04;ITSS;????;103729;1;1;88;74;87;5;254
2025-08-04;ITSS;????;103883;1;4;58;91;99;6;254
2025-08-04;ITSS;????;102260;1;3;100;64;81;8;253
2025-08-04;ITSS;????;102301;1;1;61;91;100;1;253
2025-08-04;ITSS;????;102309;1;3;89;79;84;1;253
2025-08-04;ITSS;????;102368;1;3;74;76;100;3;253
2025-08-04;ITSS;????;102476;1;1;95;100;56;2;253
2025-08-04;ITSS;????;102529;1;4;91;71;82;9;253
2025-08-04;ITSS;????;102617;1;2;68;85;98;2;253
2025-08-04;ITSS;????;102648;0;2;100;62;91;0;253
2025-08-04;ITSS;????;102741;0;3;73;89;88;3;253
2025-08-04;ITSS;????;102803;0;4;74;81;89;9;253
2025-08-04;ITSS;????;102826;1;3;88;91;74;0;253
2025-08-04;ITSS;????;102849;1;4;100;61;88;4;253
2025-08-04;ITSS;????;102891;1;3;94;86;66;7;253
2025-08-04;ITSS;????;102941;0;1;70;76;100;7;253
2025-08-04;ITSS;????;103309;1;4;81;83;83;6;253
2025-08-04;ITSS;????;103449;1;1;81;100;64;8;253
2025-08-04;ITSS;????;103514;1;1;75;77;100;1;253
2025-08-04;ITSS;????;103643;0;3;87;95;61;10;253
2025-08-04;ITSS;????;103836;1;2;77;79;91;6;253
2025-08-04;ITSS;????;103856;1;4;63;85;100;5;253
2025-08-04;ITSS;????;102408;1;1;92;100;58;2;252
2025-08-04;ITSS;????;102517;1;4;91;64;96;1;252
2025-08-04;ITSS;????;102528;1;2;66;90;93;3;252
2025-08-04;ITSS;????;102557;1;3;98;70;81;3;252
2025-08-04;ITSS;????;102594;1;2;77;69;100;6;252
2025-08-04;ITSS;????;102609;1;2;91;97;64;0;252
2025-08-04;ITSS;????;102610;1;1;68;82;96;6;252
2025-08-04;ITSS;????;102716;1;3;92;64;88;8;252
2025-08-04;ITSS;????;102904;1;4;84;58;100;10;252
2025-08-04;ITSS;????;102976;0;4;79;99;64;10;252
2025-08-04;ITSS;????;103501;0;3;100;71;73;8;252
2025-08-04;ITSS;????;103838;1;2;97;82;68;5;252
2025-08-04;ITSS;????;103859;1;3;88;100;60;4;252
2025-08-04;ITSS;????;102432;1;4;60;90;100;1;251
2025-08-04;ITSS;????;102507;1;2;68;76;100;7;251
2025-08-04;ITSS;????;102621;1;3;100;77;66;8;251
2025-08-04;ITSS;????;102631;1;3;69;94;78;10;251
2025-08-04;ITSS;????;102739;0;2;79;100;67;5;251
2025-08-04;ITSS;????;103306;1;4;83;100;64;4;251
2025-08-04;ITSS;????;103638;1;3;63;92;91;5;251
2025-08-04;ITSS;????;103660;1;2;87;90;71;3;251
2025-08-04;ITSS;????;103710;1;4;79;85;87;0;251
2025-08-04;ITSS;????;103736;1;2;100;67;76;8;251
2025-08-04;ITSS;????;103766;1;1;98;78;71;4;251
2025-08-04;ITSS;????;103785;1;4;62;97;90;2;251
2025-08-04;ITSS;????;103787;1;3;73;72;100;6;251
2025-08-04;ITSS;????;103809;1;2;100;70;76;5;251
2025-08-04;ITSS;????;103861;1;1;65;87;99;0;251
2025-08-04;ITSS;????;103862;1;4;88;100;57;6;251
2025-08-04;ITSS;????;103879;1;3;87;100;64;0;251
2025-08-04;ITSS;????;102246;1;3;100;59;91;0;250
2025-08-04;ITSS;????;102296;1;3;87;63;100;0;250
2025-08-04;ITSS;????;102347;1;4;68;95;77;10;250
2025-08-04;ITSS;????;102395;1;2;83;100;61;6;250
2025-08-04;ITSS;????;102508;0;2;84;64;94;8;250
2025-08-04;ITSS;????;102526;1;4;93;83;66;8;250
2025-08-04;ITSS;????;102584;1;3;80;66;100;4;250
2025-08-04;ITSS;????;102605;1;4;96;77;68;9;250
2025-08-04;ITSS;????;102758;0;1;81;100;63;6;250
2025-08-04;ITSS;????;102823;0;2;93;87;62;8;250
2025-08-04;ITSS;????;102841;1;3;57;98;88;7;250
2025-08-04;ITSS;????;102981;1;2;75;98;74;3;250
2025-08-04;ITSS;????;103447;0;4;79;83;80;8;250
2025-08-04;ITSS;????;103503;1;2;99;67;82;2;250
2025-08-04;ITSS;????;103545;1;3;100;58;82;10;250
2025-08-04;ITSS;????;103586;1;4;76;71;100;3;250
2025-08-04;ITSS;????;103597;1;4;80;90;78;2;250
2025-08-04;ITSS;????;103688;1;3;88;67;93;2;250
2025-08-04;ITSS;????;103783;1;4;74;78;95;3;250
2025-08-04;ITSS;????;102235;0;2;100;87;56;6;249
2025-08-04;ITSS;????;102366;1;3;88;65;87;9;249
2025-08-04;ITSS;????;102407;0;4;70;97;78;4;249
2025-08-04;ITSS;????;102413;1;3;85;86;76;2;249
2025-08-04;ITSS;????;102437;1;3;100;77;72;0;249
2025-08-04;ITSS;????;102512;1;1;100;94;53;2;249
2025-08-04;ITSS;????;102581;0;3;88;73;84;4;249
2025-08-04;ITSS;????;102625;1;1;80;76;87;6;249
2025-08-04;ITSS;????;102712;1;2;100;89;59;1;249
2025-08-04;ITSS;????;102713;1;2;56;84;100;9;249
2025-08-04;ITSS;????;102755;1;1;87;62;90;10;249
2025-08-04;ITSS;????;102900;1;3;81;77;88;3;249
2025-08-04;ITSS;????;103444;1;3;100;62;80;7;249
2025-08-04;ITSS;????;103453;1;3;90;83;71;5;249
2025-08-04;ITSS;????;103633;1;1;77;79;87;6;249
2025-08-04;ITSS;????;103659;1;4;91;74;79;5;249
2025-08-04;ITSS;????;103661;1;1;88;72;84;5;249
2025-08-04;ITSS;????;103737;1;2;78;79;82;10;249
2025-08-04;ITSS;????;103744;1;3;66;100;73;10;249
2025-08-04;ITSS;????;103803;1;2;71;100;74;4;249
2025-08-04;ITSS;????;103820;1;2;93;85;63;8;249
2025-08-04;ITSS;????;103849;1;3;75;100;72;2;249
2025-08-04;ITSS;????;102335;1;4;82;64;100;2;248
2025-08-04;ITSS;????;102470;0;2;100;88;59;1;248
2025-08-04;ITSS;????;102513;1;4;78;100;67;3;248
2025-08-04;ITSS;????;102534;0;1;74;83;84;7;248
2025-08-04;ITSS;????;102535;1;1;65;94;80;9;248
2025-08-04;ITSS;????;102619;1;1;99;95;50;4;248
2025-08-04;ITSS;????;102624;1;3;100;79;66;3;248
2025-08-04;ITSS;????;102783;0;3;79;62;100;7;248
2025-08-04;ITSS;????;102794;0;3;100;58;89;1;248
2025-08-04;ITSS;????;102956;0;3;75;85;87;1;248
2025-08-04;ITSS;????;103285;1;1;97;80;61;10;248
2025-08-04;ITSS;????;103439;1;1;91;80;72;5;248
2025-08-04;ITSS;????;103441;1;1;94;83;68;3;248
2025-08-04;ITSS;????;103581;1;4;76;72;100;0;248
2025-08-04;ITSS;????;103584;1;4;97;81;68;2;248
2025-08-04;ITSS;????;103593;1;2;100;67;74;7;248
2025-08-04;ITSS;????;103601;1;2;71;100;67;10;248
2025-08-04;ITSS;????;103634;1;4;65;83;100;0;248
2025-08-04;ITSS;????;103674;0;2;65;100;83;0;248
2025-08-04;ITSS;????;103819;1;4;58;100;82;8;248
2025-08-04;ITSS;????;103896;1;4;69;100;79;0;248
2025-08-04;ITSS;????;102458;1;3;86;58;93;10;247
2025-08-04;ITSS;????;102527;0;3;69;92;79;7;247
2025-08-04;ITSS;????;102645;1;2;69;82;91;5;247
2025-08-04;ITSS;????;102658;0;1;62;83;97;5;247
2025-08-04;ITSS;????;102764;1;2;87;75;81;4;247
2025-08-04;ITSS;????;102805;1;2;66;100;80;1;247
2025-08-04;ITSS;????;102935;1;2;69;86;88;4;247
2025-08-04;ITSS;????;103304;1;2;73;100;70;4;247
2025-08-04;ITSS;????;103313;1;4;54;95;93;5;247
2025-08-04;ITSS;????;103325;1;4;89;75;73;10;247
2025-08-04;ITSS;????;103443;1;1;63;95;89;0;247
2025-08-04;ITSS;????;103508;1;4;98;57;88;4;247
2025-08-04;ITSS;????;103520;1;1;98;53;86;10;247
2025-08-04;ITSS;????;103648;1;2;69;100;77;1;247
2025-08-04;ITSS;????;103666;1;4;78;82;81;6;247
2025-08-04;ITSS;????;103881;1;2;71;85;88;3;247
2025-08-04;ITSS;????;103887;1;2;80;82;76;9;247
2025-08-04;ITSS;????;103916;1;2;59;100;80;8;247
2025-08-04;ITSS;????;102231;1;4;100;60;76;10;246
2025-08-04;ITSS;????;102318;0;2;81;100;58;7;246
2025-08-04;ITSS;????;102349;1;3;68;77;100;1;246
2025-08-04;ITSS;????;102365;0;2;69;100;77;0;246
2025-08-04;ITSS;????;102423;0;2;85;57;100;4;246
2025-08-04;ITSS;????;102491;1;1;92;65;85;4;246
2025-08-04;ITSS;????;102636;1;4;69;96;74;7;246
2025-08-04;ITSS;????;102761;1;3;79;64;100;3;246
2025-08-04;ITSS;????;102768;1;4;91;86;69;0;246
2025-08-04;ITSS;????;102790;1;4;84;75;84;3;246
2025-08-04;ITSS;????;102822;1;1;64;91;85;6;246
2025-08-04;ITSS;????;102829;0;4;78;72;90;6;246
2025-08-04;ITSS;????;102839;1;3;87;89;63;7;246
2025-08-04;ITSS;????;102867;1;3;100;66;78;2;246
2025-08-04;ITSS;????;102927;1;2;56;97;85;8;246
2025-08-04;ITSS;????;103287;1;3;100;77;67;2;246
2025-08-04;ITSS;????;103682;1;3;58;95;84;9;246
2025-08-04;ITSS;????;103714;1;4;87;73;83;3;246
2025-08-04;ITSS;????;103777;1;1;88;91;67;0;246
2025-08-04;ITSS;????;103802;1;4;65;88;85;8;246
2025-08-04;ITSS;????;103880;1;3;72;89;83;2;246
2025-08-04;ITSS;????;103898;1;1;88;92;56;10;246
2025-08-04;ITSS;????;102240;1;4;69;100;75;1;245
2025-08-04;ITSS;????;102265;1;4;64;85;96;0;245
2025-08-04;ITSS;????;102342;1;3;65;94;76;10;245
2025-08-04;ITSS;????;102344;1;2;89;89;65;2;245
2025-08-04;ITSS;????;102541;1;2;73;100;70;2;245
2025-08-04;ITSS;????;102561;0;3;100;78;65;2;245
2025-08-04;ITSS;????;102827;1;4;60;100;79;6;245
2025-08-04;ITSS;????;102921;1;2;64;75;99;7;245
2025-08-04;ITSS;????;102937;1;1;50;100;95;0;245
2025-08-04;ITSS;????;103457;1;4;72;73;100;0;245
2025-08-04;ITSS;????;103469;1;4;62;82;100;1;245
2025-08-04;ITSS;????;103664;1;2;71;88;77;9;245
2025-08-04;ITSS;????;103675;1;2;68;70;100;7;245
2025-08-04;ITSS;????;103839;1;4;100;64;77;4;245
2025-08-04;ITSS;????;103857;1;3;89;78;71;7;245
2025-08-04;ITSS;????;102253;1;4;84;69;85;6;244
2025-08-04;ITSS;????;102303;1;2;66;99;70;9;244
2025-08-04;ITSS;????;102310;1;2;81;61;100;2;244
2025-08-04;ITSS;????;102364;1;1;58;97;84;5;244
2025-08-04;ITSS;????;102495;1;3;79;63;93;9;244
2025-08-04;ITSS;????;102497;1;2;93;77;67;7;244
2025-08-04;ITSS;????;102525;1;2;95;90;56;3;244
2025-08-04;ITSS;????;102559;1;2;67;94;74;9;244
2025-08-04;ITSS;????;102667;1;3;74;67;100;3;244
2025-08-04;ITSS;????;102692;1;2;100;67;75;2;244
2025-08-04;ITSS;????;102698;1;4;100;74;67;3;244
2025-08-04;ITSS;????;102708;1;3;86;76;82;0;244
2025-08-04;ITSS;????;102877;1;4;82;91;67;4;244
2025-08-04;ITSS;????;102905;0;4;92;80;66;6;244
2025-08-04;ITSS;????;102953;1;1;79;68;87;10;244
2025-08-04;ITSS;????;102957;1;4;74;69;100;1;244
2025-08-04;ITSS;????;103289;1;2;82;100;56;6;244
2025-08-04;ITSS;????;103549;1;4;85;88;61;10;244
2025-08-04;ITSS;????;103610;1;4;86;76;80;2;244
2025-08-04;ITSS;????;103717;1;1;82;76;77;9;244
2025-08-04;ITSS;????;103719;1;4;72;100;67;5;244
2025-08-04;ITSS;????;103723;1;3;93;57;85;9;244
2025-08-04;ITSS;????;103806;1;3;93;57;87;7;244
2025-08-04;ITSS;????;103834;1;3;93;70;77;4;244
2025-08-04;ITSS;????;102269;1;4;55;88;91;9;243
2025-08-04;ITSS;????;102340;0;2;77;100;65;1;243
2025-08-04;ITSS;????;102399;1;3;81;71;82;9;243
2025-08-04;ITSS;????;102603;1;3;77;68;92;6;243
2025-08-04;ITSS;????;102613;0;4;69;83;85;6;243
2025-08-04;ITSS;????;102651;1;4;63;79;95;6;243
2025-08-04;ITSS;????;102781;0;4;60;78;100;5;243
2025-08-04;ITSS;????;102846;0;4;60;82;97;4;243
2025-08-04;ITSS;????;102863;1;4;59;100;83;1;243
2025-08-04;ITSS;????;102870;1;3;62;72;100;9;243
2025-08-04;ITSS;????;103293;1;2;100;73;61;9;243
2025-08-04;ITSS;????;103446;1;3;89;77;77;0;243
2025-08-04;ITSS;????;103498;1;1;71;75;97;0;243
2025-08-04;ITSS;????;103505;1;2;70;100;69;4;243
2025-08-04;ITSS;????;103554;1;4;81;100;62;0;243
2025-08-04;ITSS;????;103711;1;4;92;68;82;1;243
2025-08-04;ITSS;????;102233;1;2;97;59;80;6;242
2025-08-04;ITSS;????;102258;1;4;62;74;100;6;242
2025-08-04;ITSS;????;102332;1;2;66;96;79;1;242
2025-08-04;ITSS;????;102404;0;3;79;66;96;1;242
2025-08-04;ITSS;????;102628;1;1;97;70;75;0;242
2025-08-04;ITSS;????;102726;0;3;79;70;85;8;242
2025-08-04;ITSS;????;102919;1;1;50;90;94;8;242
2025-08-04;ITSS;????;102928;1;3;81;94;66;1;242
2025-08-04;ITSS;????;102961;1;3;71;100;62;9;242
2025-08-04;ITSS;????;103296;1;2;59;73;100;10;242
2025-08-04;ITSS;????;103331;1;1;94;74;73;1;242
2025-08-04;ITSS;????;103442;1;3;69;84;83;6;242
2025-08-04;ITSS;????;103460;1;1;92;54;86;10;242
2025-08-04;ITSS;????;103572;1;3;79;100;62;1;242
2025-08-04;ITSS;????;103577;0;1;83;79;73;7;242
2025-08-04;ITSS;????;103882;1;3;97;79;66;0;242
2025-08-04;ITSS;????;102391;1;4;61;99;71;10;241
2025-08-04;ITSS;????;102591;1;4;77;61;93;10;241
2025-08-04;ITSS;????;102687;1;1;71;75;91;4;241
2025-08-04;ITSS;????;102775;0;2;70;100;65;6;241
2025-08-04;ITSS;????;102898;1;3;69;100;63;9;241
2025-08-04;ITSS;????;102943;0;3;67;67;100;7;241
2025-08-04;ITSS;????;102971;1;2;94;73;70;4;241
2025-08-04;ITSS;????;103329;0;3;83;75;83;0;241
2025-08-04;ITSS;????;103463;1;4;60;73;100;8;241
2025-08-04;ITSS;????;103471;1;2;91;64;78;8;241
2025-08-04;ITSS;????;103811;1;1;52;92;89;8;241
2025-08-04;ITSS;????;103825;1;3;65;80;94;2;241
2025-08-04;ITSS;????;103875;1;3;60;88;83;10;241
2025-08-04;ITSS;????;102238;1;3;76;100;59;5;240
2025-08-04;ITSS;????;102339;0;2;62;73;100;5;240
2025-08-04;ITSS;????;102377;1;4;71;83;81;5;240
2025-08-04;ITSS;????;102469;1;1;79;54;100;7;240
2025-08-04;ITSS;????;102493;1;4;60;75;100;5;240
2025-08-04;ITSS;????;102746;1;4;56;80;96;8;240
2025-08-04;ITSS;????;102819;0;1;68;85;82;5;240
2025-08-04;ITSS;????;102970;1;1;80;62;94;4;240
2025-08-04;ITSS;????;103438;0;1;88;55;92;5;240
2025-08-04;ITSS;????;103480;1;3;89;74;70;7;240
2025-08-04;ITSS;????;103591;1;2;59;85;88;8;240
2025-08-04;ITSS;????;103653;1;2;87;68;84;1;240
2025-08-04;ITSS;????;103658;1;1;92;54;84;10;240
2025-08-04;ITSS;????;103703;1;1;67;83;82;8;240
2025-08-04;ITSS;????;103767;1;3;74;78;82;6;240
2025-08-04;ITSS;????;103917;1;2;83;55;100;2;240
2025-08-04;ITSS;????;102279;0;4;100;70;63;6;239
2025-08-04;ITSS;????;102298;0;2;73;67;93;6;239
2025-08-04;ITSS;????;102315;1;4;74;57;100;8;239
2025-08-04;ITSS;????;102396;1;3;81;92;66;0;239
2025-08-04;ITSS;????;102494;1;3;81;68;87;3;239
2025-08-04;ITSS;????;102558;1;4;85;62;92;0;239
2025-08-04;ITSS;????;102571;1;4;69;65;97;8;239
2025-08-04;ITSS;????;102578;1;4;73;74;85;7;239
2025-08-04;ITSS;????;102710;1;2;68;86;85;0;239
2025-08-04;ITSS;????;102723;1;4;73;79;83;4;239
2025-08-04;ITSS;????;102753;1;1;84;58;90;7;239
2025-08-04;ITSS;????;102787;1;2;75;70;92;2;239
2025-08-04;ITSS;????;102887;1;2;53;82;100;4;239
2025-08-04;ITSS;????;102954;1;2;65;87;79;8;239
2025-08-04;ITSS;????;102958;1;3;73;99;59;8;239
2025-08-04;ITSS;????;102963;1;3;90;80;60;9;239
2025-08-04;ITSS;????;102975;1;4;55;79;100;5;239
2025-08-04;ITSS;????;103297;1;4;88;82;65;4;239
2025-08-04;ITSS;????;103307;1;3;64;74;100;1;239
2025-08-04;ITSS;????;103330;1;2;89;60;80;10;239
2025-08-04;ITSS;????;103464;1;3;95;69;65;10;239
2025-08-04;ITSS;????;103504;1;2;58;100;74;7;239
2025-08-04;ITSS;????;103566;1;2;100;70;67;2;239
2025-08-04;ITSS;????;102292;1;3;61;70;100;7;238
2025-08-04;ITSS;????;102327;0;2;76;100;60;2;238
2025-08-04;ITSS;????;102370;0;1;92;47;90;9;238
2025-08-04;ITSS;????;102429;1;1;91;88;54;5;238
2025-08-04;ITSS;????;102447;1;4;67;97;69;5;238
2025-08-04;ITSS;????;102451;1;3;77;98;59;4;238
2025-08-04;ITSS;????;102453;0;4;85;70;77;6;238
2025-08-04;ITSS;????;102478;1;4;60;69;100;9;238
2025-08-04;ITSS;????;102505;1;2;70;80;81;7;238
2025-08-04;ITSS;????;102552;1;2;77;93;62;6;238
2025-08-04;ITSS;????;102569;1;4;71;66;100;1;238
2025-08-04;ITSS;????;102574;1;4;62;69;99;8;238
2025-08-04;ITSS;????;102592;1;4;96;67;70;5;238
2025-08-04;ITSS;????;102626;1;4;94;67;71;6;238
2025-08-04;ITSS;????;102811;0;2;55;74;100;9;238
2025-08-04;ITSS;????;102894;1;4;100;70;67;1;238
2025-08-04;ITSS;????;103295;1;2;75;98;63;2;238
2025-08-04;ITSS;????;103655;1;3;100;58;72;8;238
2025-08-04;ITSS;????;103705;1;1;55;89;91;3;238
2025-08-04;ITSS;????;103716;1;3;80;56;100;2;238
2025-08-04;ITSS;????;103779;1;3;77;78;80;3;238
2025-08-04;ITSS;????;102357;1;3;63;71;100;3;237
2025-08-04;ITSS;????;102363;1;3;68;82;82;5;237
2025-08-04;ITSS;????;102454;1;1;72;80;84;1;237
2025-08-04;ITSS;????;102475;1;1;62;85;90;0;237
2025-08-04;ITSS;????;102490;1;3;74;73;81;9;237
2025-08-04;ITSS;????;102629;1;2;92;71;64;10;237
2025-08-04;ITSS;????;102664;1;1;59;74;100;4;237
2025-08-04;ITSS;????;102706;0;3;68;94;71;4;237
2025-08-04;ITSS;????;102800;1;4;63;100;71;3;237
2025-08-04;ITSS;????;102806;0;4;86;68;79;4;237
2025-08-04;ITSS;????;102873;0;3;65;100;68;4;237
2025-08-04;ITSS;????;102917;0;2;70;100;61;6;237
2025-08-04;ITSS;????;103507;1;4;93;61;74;9;237
2025-08-04;ITSS;????;103637;1;4;86;90;58;3;237
2025-08-04;ITSS;????;103715;1;4;100;70;67;0;237
2025-08-04;ITSS;????;103781;0;4;89;79;59;10;237
2025-08-04;ITSS;????;103900;1;3;86;70;81;0;237
2025-08-04;ITSS;????;102243;1;3;84;79;65;8;236
2025-08-04;ITSS;????;102294;1;4;77;59;100;0;236
2025-08-04;ITSS;????;102350;1;1;81;57;98;0;236
2025-08-04;ITSS;????;102374;0;4;91;56;89;0;236
2025-08-04;ITSS;????;102521;1;1;94;51;86;5;236
2025-08-04;ITSS;????;102532;0;3;93;59;78;6;236
2025-08-04;ITSS;????;102536;1;4;78;83;73;2;236
2025-08-04;ITSS;????;102615;1;3;82;64;81;9;236
2025-08-04;ITSS;????;102722;1;1;61;70;100;5;236
2025-08-04;ITSS;????;102771;1;2;77;77;78;4;236
2025-08-04;ITSS;????;103502;1;4;70;60;96;10;236
2025-08-04;ITSS;????;103571;1;1;85;56;93;2;236
2025-08-04;ITSS;????;103583;1;2;85;76;70;5;236
2025-08-04;ITSS;????;103587;1;4;89;80;67;0;236
2025-08-04;ITSS;????;103667;1;2;73;74;82;7;236
2025-08-04;ITSS;????;102274;1;3;100;59;69;7;235
2025-08-04;ITSS;????;102390;1;1;78;72;80;5;235
2025-08-04;ITSS;????;102431;1;1;60;91;81;3;235
2025-08-04;ITSS;????;102462;1;3;69;80;80;6;235
2025-08-04;ITSS;????;102611;1;4;71;56;100;8;235
2025-08-04;ITSS;????;102660;1;4;63;69;97;6;235
2025-08-04;ITSS;????;103452;0;4;87;60;79;9;235
2025-08-04;ITSS;????;103473;1;1;81;52;99;3;235
2025-08-04;ITSS;????;103578;1;1;83;73;73;6;235
2025-08-04;ITSS;????;102277;1;4;93;61;75;5;234
2025-08-04;ITSS;????;102297;1;2;100;66;66;2;234
2025-08-04;ITSS;????;102305;1;1;81;66;81;6;234
2025-08-04;ITSS;????;102372;1;4;68;88;72;6;234
2025-08-04;ITSS;????;102406;1;4;58;69;100;7;234
2025-08-04;ITSS;????;102504;1;2;60;80;87;7;234
2025-08-04;ITSS;????;102656;1;4;89;58;80;7;234
2025-08-04;ITSS;????;102728;1;2;77;65;83;9;234
2025-08-04;ITSS;????;102801;1;1;48;84;99;3;234
2025-08-04;ITSS;????;103665;1;3;82;89;63;0;234
2025-08-04;ITSS;????;103690;0;3;74;63;97;0;234
2025-08-04;ITSS;????;103794;1;1;92;62;73;7;234
2025-08-04;ITSS;????;103833;1;4;57;95;81;1;234
2025-08-04;ITSS;????;102389;1;4;79;86;68;0;233
2025-08-04;ITSS;????;102564;0;3;64;61;100;8;233
2025-08-04;ITSS;????;102582;1;2;68;86;73;6;233
2025-08-04;ITSS;????;102586;1;2;100;70;62;1;233
2025-08-04;ITSS;????;102684;1;1;77;96;50;10;233
2025-08-04;ITSS;????;102696;1;1;96;70;63;4;233
2025-08-04;ITSS;????;102729;1;1;67;66;99;1;233
2025-08-04;ITSS;????;102860;1;4;62;93;72;6;233
2025-08-04;ITSS;????;103585;1;3;59;71;94;9;233
2025-08-04;ITSS;????;103608;0;1;63;83;85;2;233
2025-08-04;ITSS;????;103721;0;4;66;77;83;7;233
2025-08-04;ITSS;????;103758;0;3;61;92;76;4;233
2025-08-04;ITSS;????;103797;1;4;69;79;83;2;233
2025-08-04;ITSS;????;103864;1;3;74;70;82;7;233
2025-08-04;ITSS;????;102359;1;3;61;70;96;5;232
2025-08-04;ITSS;????;102473;0;3;66;72;92;2;232
2025-08-04;ITSS;????;102643;1;1;100;76;53;3;232
2025-08-04;ITSS;????;102715;1;4;72;87;67;6;232
2025-08-04;ITSS;????;102832;1;4;81;59;83;9;232
2025-08-04;ITSS;????;102848;1;3;89;77;60;6;232
2025-08-04;ITSS;????;103649;1;2;57;70;98;7;232
2025-08-04;ITSS;????;103650;1;3;71;58;100;3;232
2025-08-04;ITSS;????;103679;0;3;83;80;64;5;232
2025-08-04;ITSS;????;103727;0;3;72;83;73;4;232
2025-08-04;ITSS;????;103735;1;4;55;76;98;3;232
2025-08-04;ITSS;????;103830;1;2;100;59;73;0;232
2025-08-04;ITSS;????;103858;0;4;74;58;98;2;232
2025-08-04;ITSS;????;102242;1;3;72;76;75;8;231
2025-08-04;ITSS;????;102256;1;1;61;74;95;1;231
2025-08-04;ITSS;????;102322;1;1;67;62;95;7;231
2025-08-04;ITSS;????;102394;1;1;79;91;61;0;231
2025-08-04;ITSS;????;102452;1;3;58;86;82;5;231
2025-08-04;ITSS;????;102560;0;1;100;77;50;4;231
2025-08-04;ITSS;????;102622;1;3;70;100;60;1;231
2025-08-04;ITSS;????;102632;1;4;73;75;73;10;231
2025-08-04;ITSS;????;102688;1;4;62;59;100;10;231
2025-08-04;ITSS;????;102730;1;1;65;87;76;3;231
2025-08-04;ITSS;????;102926;1;1;76;96;55;4;231
2025-08-04;ITSS;????;102952;1;1;76;51;100;4;231
2025-08-04;ITSS;????;103288;1;3;59;71;100;1;231
2025-08-04;ITSS;????;103314;1;4;75;65;81;10;231
2025-08-04;ITSS;????;103555;1;1;49;81;92;9;231
2025-08-04;ITSS;????;103562;1;2;88;80;60;3;231
2025-08-04;ITSS;????;103580;1;4;95;65;61;10;231
2025-08-04;ITSS;????;103697;1;4;59;90;81;1;231
2025-08-04;ITSS;????;103751;1;4;97;56;68;10;231
2025-08-04;ITSS;????;103752;1;4;96;64;69;2;231
2025-08-04;ITSS;????;103816;1;3;59;66;100;6;231
2025-08-04;ITSS;????;103895;1;3;59;76;86;10;231
2025-08-04;ITSS;????;102248;1;3;52;87;86;5;230
2025-08-04;ITSS;????;102330;1;1;80;60;86;4;230
2025-08-04;ITSS;????;102438;1;4;55;100;67;8;230
2025-08-04;ITSS;????;102555;1;1;64;67;99;0;230
2025-08-04;ITSS;????;102714;0;4;69;62;94;5;230
2025-08-04;ITSS;????;102720;1;3;65;84;74;7;230
2025-08-04;ITSS;????;102747;1;3;60;100;62;8;230
2025-08-04;ITSS;????;102901;1;1;54;94;74;8;230
2025-08-04;ITSS;????;103575;1;2;58;65;97;10;230
2025-08-04;ITSS;????;103732;0;4;91;69;61;9;230
2025-08-04;ITSS;????;103775;1;2;100;68;60;2;230
2025-08-04;ITSS;????;103884;1;4;66;59;100;5;230
2025-08-04;ITSS;????;103891;1;3;83;83;62;2;230
2025-08-04;ITSS;????;102280;1;4;73;62;92;2;229
2025-08-04;ITSS;????;102520;1;3;62;89;75;3;229
2025-08-04;ITSS;????;102649;1;1;70;75;77;7;229
2025-08-04;ITSS;????;102736;1;4;83;52;92;2;229
2025-08-04;ITSS;????;102836;0;4;82;85;62;0;229
2025-08-04;ITSS;????;102895;1;1;48;76;99;6;229
2025-08-04;ITSS;????;102938;0;2;72;53;100;4;229
2025-08-04;ITSS;????;103519;1;3;65;63;100;1;229
2025-08-04;ITSS;????;103668;1;3;59;100;66;4;229
2025-08-04;ITSS;????;103694;1;1;47;80;100;2;229
2025-08-04;ITSS;????;103724;1;2;66;100;60;3;229
2025-08-04;ITSS;????;103739;1;4;59;71;93;6;229
2025-08-04;ITSS;????;103890;1;3;87;63;70;9;229
2025-08-04;ITSS;????;102275;1;3;65;58;97;8;228
2025-08-04;ITSS;????;102289;1;2;57;69;100;2;228
2025-08-04;ITSS;????;102333;1;2;57;100;69;2;228
2025-08-04;ITSS;????;102343;1;1;100;75;51;2;228
2025-08-04;ITSS;????;102427;1;1;90;51;82;5;228
2025-08-04;ITSS;????;102596;1;3;66;75;86;1;228
2025-08-04;ITSS;????;102598;1;2;55;91;82;0;228
2025-08-04;ITSS;????;102697;1;4;76;79;64;9;228
2025-08-04;ITSS;????;102767;1;3;57;100;61;10;228
2025-08-04;ITSS;????;102910;0;1;54;85;85;4;228
2025-08-04;ITSS;????;102951;0;4;64;59;100;5;228
2025-08-04;ITSS;????;103757;1;4;100;54;69;5;228
2025-08-04;ITSS;????;103893;0;2;100;58;63;7;228
2025-08-04;ITSS;????;102393;1;1;53;100;71;3;227
2025-08-04;ITSS;????;102416;0;1;85;54;86;2;227
2025-08-04;ITSS;????;102600;0;2;59;63;100;5;227
2025-08-04;ITSS;????;102685;1;4;61;77;83;6;227
2025-08-04;ITSS;????;102725;1;1;85;85;48;9;227
2025-08-04;ITSS;????;102934;0;3;60;72;93;2;227
2025-08-04;ITSS;????;102979;0;1;77;74;67;9;227
2025-08-04;ITSS;????;103437;0;3;89;73;64;1;227
2025-08-04;ITSS;????;103462;1;3;91;57;75;4;227
2025-08-04;ITSS;????;103699;0;4;69;58;100;0;227
2025-08-04;ITSS;????;103706;1;3;76;87;64;0;227
2025-08-04;ITSS;????;103894;1;3;69;74;82;2;227
2025-08-04;ITSS;????;102379;1;4;62;84;70;10;226
2025-08-04;ITSS;????;102382;1;2;62;79;83;2;226
2025-08-04;ITSS;????;102411;0;2;88;60;75;3;226
2025-08-04;ITSS;????;102641;1;1;87;76;62;1;226
2025-08-04;ITSS;????;102906;1;2;84;62;74;6;226
2025-08-04;ITSS;????;103558;1;4;61;72;86;7;226
2025-08-04;ITSS;????;103647;0;4;60;100;56;10;226
2025-08-04;ITSS;????;103712;1;3;62;92;66;6;226
2025-08-04;ITSS;????;103756;1;3;100;56;66;4;226
2025-08-04;ITSS;????;103872;1;4;61;100;62;3;226
2025-08-04;ITSS;????;103901;1;3;57;85;82;2;226
2025-08-04;ITSS;????;102556;1;2;67;85;73;0;225
2025-08-04;ITSS;????;102590;1;3;60;96;68;1;225
2025-08-04;ITSS;????;102960;1;3;87;71;59;8;225
2025-08-04;ITSS;????;103604;1;3;58;93;73;1;225
2025-08-04;ITSS;????;103678;1;1;93;75;49;8;225
2025-08-04;ITSS;????;103696;1;4;71;79;69;6;225
2025-08-04;ITSS;????;103792;1;2;57;99;66;3;225
2025-08-04;ITSS;????;102620;1;4;57;71;96;0;224
2025-08-04;ITSS;????;102653;1;3;65;74;78;7;224
2025-08-04;ITSS;????;102674;0;3;61;90;66;7;224
2025-08-04;ITSS;????;102812;1;2;100;52;71;1;224
2025-08-04;ITSS;????;103595;1;2;66;93;57;8;224
2025-08-04;ITSS;????;103832;0;1;94;70;60;0;224
2025-08-04;ITSS;????;103870;1;1;94;52;77;1;224
2025-08-04;ITSS;????;102383;1;1;52;80;81;10;223
2025-08-04;ITSS;????;102442;1;1;74;81;67;1;223
2025-08-04;ITSS;????;102485;1;4;69;80;68;6;223
2025-08-04;ITSS;????;102588;1;1;54;69;100;0;223
2025-08-04;ITSS;????;102638;1;1;56;95;63;9;223
2025-08-04;ITSS;????;102659;0;1;75;66;74;8;223
2025-08-04;ITSS;????;102931;1;3;61;62;100;0;223
2025-08-04;ITSS;????;103448;1;2;95;66;60;2;223
2025-08-04;ITSS;????;103478;1;1;56;69;88;10;223
2025-08-04;ITSS;????;103685;1;2;82;65;70;6;223
2025-08-04;ITSS;????;103708;1;4;95;57;65;6;223
2025-08-04;ITSS;????;103774;1;1;63;95;55;10;223
2025-08-04;ITSS;????;103817;1;1;71;65;86;1;223
2025-08-04;ITSS;????;102418;0;2;88;59;73;2;222
2025-08-04;ITSS;????;102436;1;1;47;78;93;4;222
2025-08-04;ITSS;????;102514;1;2;64;72;79;7;222
2025-08-04;ITSS;????;102804;0;2;85;67;67;3;222
2025-08-04;ITSS;????;102882;1;1;86;78;56;2;222
2025-08-04;ITSS;????;103576;1;3;65;93;58;6;222
2025-08-04;ITSS;????;103788;1;1;87;57;70;8;222
2025-08-04;ITSS;????;103799;1;2;69;90;61;2;222
2025-08-04;ITSS;????;103888;1;4;62;57;94;9;222
2025-08-04;ITSS;????;102410;1;3;69;66;86;0;221
2025-08-04;ITSS;????;102778;1;2;85;77;57;2;221
2025-08-04;ITSS;????;102879;1;4;54;97;61;9;221
2025-08-04;ITSS;????;102914;0;2;73;68;77;3;221
2025-08-04;ITSS;????;103291;1;2;56;97;62;6;221
2025-08-04;ITSS;????;103589;1;4;65;75;71;10;221
2025-08-04;ITSS;????;103596;1;2;100;58;56;7;221
2025-08-04;ITSS;????;103698;1;3;55;99;62;5;221
2025-08-04;ITSS;????;103743;1;1;91;62;64;4;221
2025-08-04;ITSS;????;103818;1;4;63;67;85;6;221
2025-08-04;ITSS;????;102284;0;1;49;100;63;8;220
2025-08-04;ITSS;????;102338;1;3;81;59;76;4;220
2025-08-04;ITSS;????;102732;1;2;69;87;58;6;220
2025-08-04;ITSS;????;102792;1;2;64;85;71;0;220
2025-08-04;ITSS;????;103687;1;1;96;47;67;10;220
2025-08-04;ITSS;????;103761;1;4;58;94;64;4;220
2025-08-04;ITSS;????;102244;0;1;63;57;97;2;219
2025-08-04;ITSS;????;102293;1;1;53;86;73;7;219
2025-08-04;ITSS;????;102420;1;1;100;56;53;10;219
2025-08-04;ITSS;????;102612;1;3;59;62;96;2;219
2025-08-04;ITSS;????;102650;1;3;98;58;59;4;219
2025-08-04;ITSS;????;103656;1;1;66;76;69;8;219
2025-08-04;ITSS;????;103707;1;3;67;57;89;6;219
2025-08-04;ITSS;????;103763;1;4;52;64;95;8;219
2025-08-04;ITSS;????;103851;1;2;57;70;90;2;219
2025-08-04;ITSS;????;102421;1;3;86;64;64;4;218
2025-08-04;ITSS;????;102530;1;2;58;79;76;5;218
2025-08-04;ITSS;????;102959;1;1;72;78;68;0;218
2025-08-04;ITSS;????;102635;1;3;59;87;66;5;217
2025-08-04;ITSS;????;102734;1;4;55;83;69;10;217
2025-08-04;ITSS;????;102833;1;2;64;89;56;8;217
2025-08-04;ITSS;????;102973;1;4;87;59;61;10;217
2025-08-04;ITSS;????;103517;1;1;56;94;63;4;217
2025-08-04;ITSS;????;103582;1;2;66;68;81;2;217
2025-08-04;ITSS;????;103683;1;4;76;74;67;0;217
2025-08-04;ITSS;????;103847;1;3;56;65;96;0;217
2025-08-04;ITSS;????;102435;0;2;56;81;72;7;216
2025-08-04;ITSS;????;102673;1;2;60;68;82;6;216
2025-08-04;ITSS;????;102681;1;1;61;48;100;7;216
2025-08-04;ITSS;????;102852;0;1;65;54;95;2;216
2025-08-04;ITSS;????;103702;1;1;51;75;88;2;216
2025-08-04;ITSS;????;103778;1;1;53;89;66;8;216
2025-08-04;ITSS;????;103822;0;1;63;89;60;4;216
2025-08-04;ITSS;????;102477;1;2;65;83;57;10;215
2025-08-04;ITSS;????;102677;1;1;85;56;67;7;215
2025-08-04;ITSS;????;102796;1;3;67;59;89;0;215
2025-08-04;ITSS;????;102949;1;3;85;70;59;1;215
2025-08-04;ITSS;????;103436;1;1;60;59;91;5;215
2025-08-04;ITSS;????;103786;1;3;54;76;75;10;215
2025-08-04;ITSS;????;103826;0;1;66;81;63;5;215
2025-08-04;ITSS;????;103863;1;4;57;71;84;3;215
2025-08-04;ITSS;????;102897;1;3;64;66;76;8;214
2025-08-04;ITSS;????;103651;0;1;62;54;94;4;214
2025-08-04;ITSS;????;103701;1;4;82;61;61;10;214
2025-08-04;ITSS;????;103765;0;4;59;66;85;4;214
2025-08-04;ITSS;????;103831;1;3;78;61;74;1;214
2025-08-04;ITSS;????;103889;1;2;62;57;88;7;214
2025-08-04;ITSS;????;102266;1;1;62;53;97;1;213
2025-08-04;ITSS;????;102682;1;3;81;61;67;4;213
2025-08-04;ITSS;????;102769;1;4;78;76;59;0;213
2025-08-04;ITSS;????;102883;1;4;67;75;68;3;213
2025-08-04;ITSS;????;103292;1;1;66;80;60;7;213
2025-08-04;ITSS;????;103299;1;1;89;71;52;1;213
2025-08-04;ITSS;????;102263;1;3;60;82;66;4;212
2025-08-04;ITSS;????;102482;0;1;75;53;81;3;212
2025-08-04;ITSS;????;102572;1;1;57;96;58;1;212
2025-08-04;ITSS;????;102675;1;3;73;73;62;4;212
2025-08-04;ITSS;????;102719;0;3;59;72;74;7;212
2025-08-04;ITSS;????;102911;1;1;100;57;48;7;212
2025-08-04;ITSS;????;103522;1;1;59;49;99;5;212
2025-08-04;ITSS;????;103892;1;2;57;72;76;7;212
2025-08-04;ITSS;????;102450;1;2;75;56;77;3;211
2025-08-04;ITSS;????;102549;1;4;82;56;66;7;211
2025-08-04;ITSS;????;102637;1;1;84;72;53;2;211
2025-08-04;ITSS;????;102671;1;2;70;69;72;0;211
2025-08-04;ITSS;????;102704;1;1;65;84;58;4;211
2025-08-04;ITSS;????;102721;0;4;71;57;83;0;211
2025-08-04;ITSS;????;102888;0;2;67;55;80;9;211
2025-08-04;ITSS;????;103689;0;2;60;90;59;2;211
2025-08-04;ITSS;????;103823;1;1;62;72;71;6;211
2025-08-04;ITSS;????;102580;1;3;57;89;60;4;210
2025-08-04;ITSS;????;102837;1;3;76;58;72;4;210
2025-08-04;ITSS;????;102892;1;1;55;68;77;10;210
2025-08-04;ITSS;????;102936;1;4;83;57;65;5;210
2025-08-04;ITSS;????;102752;1;4;68;57;79;5;209
2025-08-04;ITSS;????;102843;1;2;56;63;83;7;209
2025-08-04;ITSS;????;102845;0;3;82;66;54;7;209
2025-08-04;ITSS;????;102872;0;3;59;53;87;10;209
2025-08-04;ITSS;????;103459;1;1;68;76;63;2;209
2025-08-04;ITSS;????;103521;0;1;76;57;74;2;209
2025-08-04;ITSS;????;103607;1;4;70;54;75;10;209
2025-08-04;ITSS;????;103827;0;1;87;67;48;7;209
2025-08-04;ITSS;????;102323;1;4;55;84;64;5;208
2025-08-04;ITSS;????;102415;0;3;59;81;65;3;208
2025-08-04;ITSS;????;102663;1;1;82;54;71;1;208
2025-08-04;ITSS;????;103588;0;4;80;58;69;1;208
2025-08-04;ITSS;????;102400;1;3;86;60;55;6;207
2025-08-04;ITSS;????;102614;1;1;74;60;63;10;207
2025-08-04;ITSS;????;102693;0;3;69;70;65;3;207
2025-08-04;ITSS;????;102772;1;1;71;50;86;0;207
2025-08-04;ITSS;????;102932;1;3;66;66;70;5;207
2025-08-04;ITSS;????;102972;1;2;73;72;57;5;207
2025-08-04;ITSS;????;103294;1;1;61;87;51;8;207
2025-08-04;ITSS;????;103636;1;4;75;56;66;10;207
2025-08-04;ITSS;????;103730;1;1;51;66;84;6;207
2025-08-04;ITSS;????;103908;1;1;49;90;62;6;207
2025-08-04;ITSS;????;102419;1;1;52;92;57;5;206
2025-08-04;ITSS;????;102925;0;2;57;70;76;3;206
2025-08-04;ITSS;????;102950;1;1;74;59;63;10;206
2025-08-04;ITSS;????;103472;0;3;63;76;61;6;206
2025-08-04;ITSS;????;102378;1;4;61;66;72;6;205
2025-08-04;ITSS;????;103642;1;3;53;69;78;4;204
2025-08-04;ITSS;????;103912;1;1;49;68;87;0;204
2025-08-04;ITSS;????;102286;1;2;70;69;59;5;203
2025-08-04;ITSS;????;102373;1;2;85;57;61;0;203
2025-08-04;ITSS;????;102384;1;1;66;57;70;10;203
2025-08-04;ITSS;????;102503;1;3;62;58;81;2;203
2025-08-04;ITSS;????;103725;1;4;65;65;69;4;203
2025-08-04;ITSS;????;102808;1;3;77;58;64;3;202
2025-08-04;ITSS;????;102948;1;1;57;58;83;4;202
2025-08-04;ITSS;????;103499;1;2;70;69;58;5;202
2025-08-04;ITSS;????;103515;1;3;57;67;74;4;202
2025-08-04;ITSS;????;103812;1;1;95;49;56;2;202
2025-08-04;ITSS;????;103500;1;1;87;49;57;8;201
2025-08-04;ITSS;????;103599;1;3;61;72;64;4;201
2025-08-04;ITSS;????;103695;0;3;62;63;75;1;201
2025-08-04;ITSS;????;103745;1;1;53;80;66;2;201
2025-08-04;ITSS;????;102538;1;1;70;54;71;5;200
2025-08-04;ITSS;????;102754;1;2;69;58;65;8;200
2025-08-04;ITSS;????;102756;1;2;79;52;64;5;200
2025-08-04;ITSS;????;102798;1;4;75;59;65;1;200
2025-08-04;ITSS;????;102838;1;2;79;55;59;7;200
2025-08-04;ITSS;????;102893;1;2;72;57;62;9;200
2025-08-04;ITSS;????;103544;1;2;68;68;60;4;200
2025-08-04;ITSS;????;103611;1;1;76;57;58;9;200
2025-08-04;ITSS;????;103753;1;3;58;60;82;0;200
2025-08-04;ITSS;????;103807;1;2;59;79;57;5;200
2025-08-04;ITSS;????;103852;0;1;77;49;71;3;200
2025-08-04;ITSS;????;103874;0;1;51;92;50;6;199
2025-08-04;ITSS;????;102245;1;4;66;67;65;0;198
2025-08-04;ITSS;????;102304;1;1;79;64;49;6;198
2025-08-04;ITSS;????;102331;1;3;63;72;61;2;198
2025-08-04;ITSS;????;102606;1;1;50;83;55;10;198
2025-08-04;ITSS;????;102745;1;1;54;78;64;2;198
2025-08-04;ITSS;????;103327;1;1;75;53;66;4;198
2025-08-04;ITSS;????;102308;0;4;58;60;76;3;197
2025-08-04;ITSS;????;103810;0;1;65;61;68;3;197
2025-08-04;ITSS;????;103784;1;3;52;54;81;9;196
2025-08-04;ITSS;????;102840;1;2;63;65;61;6;195
2025-08-04;ITSS;????;103905;1;1;73;52;69;1;195
2025-08-04;ITSS;????;102567;0;1;61;67;60;6;194
2025-08-04;ITSS;????;102676;0;2;55;65;69;5;194
2025-08-04;ITSS;????;102786;1;1;47;73;71;3;194
2025-08-04;ITSS;????;103543;1;3;59;66;61;8;194
2025-08-04;ITSS;????;103855;1;1;60;56;75;3;194
2025-08-04;ITSS;????;102355;0;1;58;53;80;2;193
2025-08-04;ITSS;????;102553;1;1;77;63;52;1;193
2025-08-04;ITSS;????;102890;1;1;47;86;58;2;193
2025-08-04;ITSS;????;103312;0;4;55;58;72;8;193
2025-08-04;ITSS;????;103734;1;1;83;49;59;1;192
2025-08-04;ITSS;????;102337;1;4;52;80;56;3;191
2025-08-04;ITSS;????;102962;0;1;68;57;65;1;191
2025-08-04;ITSS;????;102977;1;4;58;75;58;0;191
2025-08-04;ITSS;????;102232;1;3;57;57;72;4;190
2025-08-04;ITSS;????;102250;1;3;61;64;62;3;190
2025-08-04;ITSS;????;102506;0;1;52;48;87;3;190
2025-08-04;ITSS;????;102608;1;1;87;47;55;1;190
2025-08-04;ITSS;????;102799;1;1;64;76;50;0;190
2025-08-04;ITSS;????;103845;1;2;60;66;60;4;190
2025-08-04;ITSS;????;103829;1;3;72;57;60;0;189
2025-08-04;ITSS;????;102405;1;1;73;53;57;5;188
2025-08-04;ITSS;????;102707;1;2;65;60;57;6;188
2025-08-04;ITSS;????;102807;1;1;54;74;59;1;188
2025-08-04;ITSS;????;102907;1;1;55;66;59;8;188
2025-08-04;ITSS;????;102969;0;1;53;64;63;6;186
2025-08-04;ITSS;????;103867;1;1;70;59;50;7;186
2025-08-04;ITSS;????;102789;1;2;65;58;59;3;185
2025-08-04;ITSS;????;102842;1;2;70;55;60;0;185
2025-08-04;ITSS;????;102577;1;1;52;60;69;3;184
2025-08-04;ITSS;????;102689;1;1;61;50;62;10;183
2025-08-04;ITSS;????;103704;1;4;58;59;63;3;183
2025-08-04;ITSS;????;102550;1;1;64;60;55;2;181
2025-08-04;ITSS;????;102430;1;1;74;51;50;5;180
2025-08-04;ITSS;????;102757;1;1;51;64;57;7;179
2025-08-04;ITSS;????;103612;1;1;50;81;48;0;179
2025-08-04;ITSS;????;102353;1;1;75;48;48;6;177
2025-08-04;ITSS;????;102762;1;2;68;52;53;3;176
2025-08-04;ITSS;????;103303;1;1;57;49;61;8;175
2025-08-04;ITSS;????;103579;1;1;53;55;61;6;175
2025-08-04;ITSS;????;103878;1;1;55;55;61;4;175
2025-08-04;ITSS;????;103557;1;1;58;62;52;2;174
2025-08-04;ITSS;????;102539;1;1;71;52;49;1;173
2025-08-04;ITSS;????;102654;1;1;48;58;56;9;171
2025-08-04;ITSS;????;102740;1;1;62;47;48;9;166
2025-08-04;ITSS;????;102903;0;1;59;51;52;3;165
2025-08-04;ITSS;????;102409;1;1;59;47;52;6;164
2025-08-04;ITSS;????;102375;1;1;48;48;61;6;163
2025-08-04;ITSS;????;103853;1;1;54;52;53;3;162
2025-08-04;IB;??;103740;1;2;100;100;100;10;310
2025-08-04;IB;??;102397;1;4;100;100;100;9;309
2025-08-04;IB;??;102325;0;2;100;100;99;8;307
2025-08-04;IB;??;102273;1;2;100;100;99;7;306
2025-08-04;IB;??;102763;1;4;100;100;100;6;306
2025-08-04;IB;??;102940;1;3;97;100;100;8;305
2025-08-04;IB;??;103700;0;2;100;99;100;6;305
2025-08-04;IB;??;102255;1;1;100;95;100;9;304
2025-08-04;IB;??;102291;1;1;100;100;99;5;304
2025-08-04;IB;??;102510;1;1;100;100;100;4;304
2025-08-04;IB;??;103551;1;3;100;100;100;4;304
2025-08-04;IB;??;102461;0;1;100;100;100;3;303
2025-08-04;IB;??;103877;1;1;96;100;100;7;303
2025-08-04;IB;??;102234;1;3;100;100;100;2;302
2025-08-04;IB;??;102680;1;3;100;100;100;2;302
2025-08-04;IB;??;102825;1;4;98;100;100;4;302
2025-08-04;IB;??;103691;1;2;100;100;100;2;302
2025-08-04;IB;??;103821;1;3;100;100;100;2;302
2025-08-04;IB;??;102300;1;4;100;93;98;10;301
2025-08-04;IB;??;102644;0;3;100;100;100;1;301
2025-08-04;IB;??;102727;1;1;96;100;98;7;301
2025-08-04;IB;??;103681;1;4;100;100;91;10;301
2025-08-04;IB;??;102295;1;3;100;99;97;4;300
2025-08-04;IB;??;102489;1;4;93;99;100;8;300
2025-08-04;IB;??;103780;0;4;100;100;100;0;300
2025-08-04;IB;??;102711;1;1;95;100;100;4;299
2025-08-04;IB;??;103550;1;4;99;99;100;1;299
2025-08-04;IB;??;103570;1;4;100;91;100;8;299
2025-08-04;IB;??;102271;1;2;100;94;100;4;298
2025-08-04;IB;??;102403;1;4;100;100;92;5;297
2025-08-04;IB;??;102735;0;2;100;94;95;8;297
2025-08-04;IB;??;103489;1;3;100;96;100;1;297
2025-08-04;IB;??;103635;0;4;94;100;100;3;297
2025-08-04;IB;??;103844;0;1;99;93;100;5;297
2025-08-04;IB;??;102516;1;2;100;94;94;8;296
2025-08-04;IB;??;102770;0;1;94;100;100;2;296
2025-08-04;IB;??;103628;1;3;100;100;94;2;296
2025-08-04;IB;??;103748;0;3;100;88;100;8;296
2025-08-04;IB;??;103813;1;3;100;86;100;10;296
2025-08-04;IB;??;102724;1;2;100;95;100;0;295
2025-08-04;IB;??;102922;0;1;100;92;100;3;295
2025-08-04;IB;??;102474;0;2;93;94;100;7;294
2025-08-04;IB;??;103709;1;4;92;98;98;6;294
2025-08-04;IB;??;102354;1;1;88;100;100;5;293
2025-08-04;IB;??;102554;1;1;91;100;100;2;293
2025-08-04;IB;??;102562;1;1;87;100;100;6;293
2025-08-04;IB;??;102933;1;1;100;87;100;6;293
2025-08-04;IB;??;103546;1;3;97;100;86;10;293
2025-08-04;IB;??;103693;0;2;100;91;100;2;293
2025-08-04;IB;??;103911;1;3;95;93;98;7;293
2025-08-04;IB;??;102321;1;2;100;95;87;10;292
2025-08-04;IB;??;102426;1;1;100;93;96;3;292
2025-08-04;IB;??;102565;1;1;100;100;91;1;292
2025-08-04;IB;??;102809;0;2;100;85;100;7;292
2025-08-04;IB;??;102880;0;4;100;93;94;5;292
2025-08-04;IB;??;103750;1;1;100;99;91;2;292
2025-08-04;IB;??;102597;1;4;100;85;96;10;291
2025-08-04;IB;??;102742;1;4;91;100;96;4;291
2025-08-04;IB;??;102859;1;4;100;100;83;8;291
2025-08-04;IB;??;102918;1;4;89;99;100;3;291
2025-08-04;IB;??;102942;1;4;91;92;100;8;291
2025-08-04;IB;??;103621;1;1;84;99;100;8;291
2025-08-04;IB;??;102367;1;1;100;88;100;2;290
2025-08-04;IB;??;102773;1;2;100;100;89;1;290
2025-08-04;IB;??;102856;1;4;100;84;100;6;290
2025-08-04;IB;??;103915;1;3;100;89;91;10;290
2025-08-04;IB;??;102230;0;3;100;82;100;7;289
2025-08-04;IB;??;102268;1;3;92;100;93;4;289
2025-08-04;IB;??;102483;1;1;81;100;100;8;289
2025-08-04;IB;??;102486;1;2;100;86;100;3;289
2025-08-04;IB;??;102261;1;4;80;100;98;10;288
2025-08-04;IB;??;102398;1;2;100;100;82;6;288
2025-08-04;IB;??;102511;1;1;100;96;86;6;288
2025-08-04;IB;??;102616;0;4;81;100;100;7;288
2025-08-04;IB;??;102743;1;2;100;81;100;7;288
2025-08-04;IB;??;102862;1;3;96;91;92;9;288
2025-08-04;IB;??;102866;1;1;85;99;97;7;288
2025-08-04;IB;??;103527;0;1;100;100;84;4;288
2025-08-04;IB;??;103592;0;1;86;100;100;2;288
2025-08-04;IB;??;102336;1;3;96;82;100;9;287
2025-08-04;IB;??;102543;1;1;100;90;97;0;287
2025-08-04;IB;??;102655;0;2;84;100;100;3;287
2025-08-04;IB;??;102793;0;3;100;86;100;1;287
2025-08-04;IB;??;102850;1;3;100;85;100;2;287
2025-08-04;IB;??;102282;1;4;100;100;76;10;286
2025-08-04;IB;??;102443;1;3;88;98;100;0;286
2025-08-04;IB;??;102666;1;1;99;100;83;4;286
2025-08-04;IB;??;102691;1;1;84;100;100;2;286
2025-08-04;IB;??;102738;1;2;83;100;100;3;286
2025-08-04;IB;??;102824;1;1;100;100;82;4;286
2025-08-04;IB;??;103673;1;2;93;100;91;2;286
2025-08-04;IB;??;103718;1;4;100;100;86;0;286
2025-08-04;IB;??;102236;1;4;86;99;100;0;285
2025-08-04;IB;??;102481;1;2;87;100;88;10;285
2025-08-04;IB;??;102540;1;4;75;100;100;10;285
2025-08-04;IB;??;102576;1;4;100;100;80;5;285
2025-08-04;IB;??;102661;1;3;95;95;86;9;285
2025-08-04;IB;??;103567;1;3;100;95;86;4;285
2025-08-04;IB;??;103641;1;2;89;89;100;7;285
2025-08-04;IB;??;102254;1;4;92;100;82;10;284
2025-08-04;IB;??;102314;1;1;80;100;100;4;284
2025-08-04;IB;??;102334;1;1;98;98;88;0;284
2025-08-04;IB;??;102369;1;4;100;100;80;4;284
2025-08-04;IB;??;102459;1;3;85;99;90;10;284
2025-08-04;IB;??;102544;1;1;82;95;97;10;284
2025-08-04;IB;??;102774;1;1;100;99;79;6;284
2025-08-04;IB;??;103346;0;2;89;91;100;4;284
2025-08-04;IB;??;103559;1;1;80;100;100;4;284
2025-08-04;IB;??;103568;1;2;100;82;100;2;284
2025-08-04;IB;??;103574;1;4;97;82;100;5;284
2025-08-04;IB;??;103741;1;1;93;100;81;10;284
2025-08-04;IB;??;103902;1;1;83;100;94;7;284
2025-08-04;IB;??;102376;1;2;100;100;80;3;283
2025-08-04;IB;??;102392;1;1;98;81;97;7;283
2025-08-04;IB;??;102414;1;1;100;82;100;1;283
2025-08-04;IB;??;102627;1;3;93;96;85;9;283
2025-08-04;IB;??;102678;1;2;95;100;84;4;283
2025-08-04;IB;??;102980;1;1;100;73;100;10;283
2025-08-04;IB;??;103380;0;4;82;100;92;9;283
2025-08-04;IB;??;103565;1;3;82;98;93;10;283
2025-08-04;IB;??;103632;1;4;77;100;100;6;283
2025-08-04;IB;??;103760;1;1;97;90;92;4;283
2025-08-04;IB;??;102444;1;1;95;77;100;10;282
2025-08-04;IB;??;102522;1;1;82;98;92;10;282
2025-08-04;IB;??;102604;1;4;78;100;100;4;282
2025-08-04;IB;??;102657;1;4;100;100;74;8;282
2025-08-04;IB;??;102810;1;3;85;99;96;2;282
2025-08-04;IB;??;102889;1;3;92;87;100;3;282
2025-08-04;IB;??;103359;1;4;84;92;100;6;282
2025-08-04;IB;??;103561;1;1;100;95;87;0;282
2025-08-04;IB;??;103613;1;2;100;100;76;6;282
2025-08-04;IB;??;103805;1;1;100;80;100;2;282
2025-08-04;IB;??;103886;1;2;100;100;73;9;282
2025-08-04;IB;??;102446;1;1;83;88;100;10;281
2025-08-04;IB;??;102467;0;1;84;100;89;8;281
2025-08-04;IB;??;102791;1;3;83;97;99;2;281
2025-08-04;IB;??;103624;1;1;100;72;100;9;281
2025-08-04;IB;??;103713;1;1;95;100;84;2;281
2025-08-04;IB;??;103747;1;1;100;96;76;9;281
2025-08-04;IB;??;102241;1;2;90;85;100;5;280
2025-08-04;IB;??;102360;1;4;100;100;70;10;280
2025-08-04;IB;??;102548;1;1;100;93;86;1;280
2025-08-04;IB;??;102623;1;3;94;89;87;10;280
2025-08-04;IB;??;102639;1;1;90;100;90;0;280
2025-08-04;IB;??;102642;1;2;88;83;99;10;280
2025-08-04;IB;??;102668;1;3;96;79;100;5;280
2025-08-04;IB;??;102695;1;3;93;80;100;7;280
2025-08-04;IB;??;102802;1;3;100;99;77;4;280
2025-08-04;IB;??;103876;1;3;98;84;93;5;280
2025-08-04;IB;??;102281;1;2;78;100;100;1;279
2025-08-04;IB;??;102302;1;4;100;100;73;6;279
2025-08-04;IB;??;102312;1;1;93;81;100;5;279
2025-08-04;IB;??;102440;1;4;100;75;100;4;279
2025-08-04;IB;??;102515;0;1;83;99;97;0;279
2025-08-04;IB;??;102563;1;1;95;89;87;8;279
2025-08-04;IB;??;102718;1;2;100;100;77;2;279
2025-08-04;IB;??;103619;1;3;90;100;84;5;279
2025-08-04;IB;??;103795;0;4;100;82;88;9;279
2025-08-04;IB;??;103841;1;2;100;83;95;1;279
2025-08-04;IB;??;102311;0;1;100;74;100;4;278
2025-08-04;IB;??;102455;1;1;100;74;100;4;278
2025-08-04;IB;??;103365;1;3;100;95;73;10;278
2025-08-04;IB;??;103728;1;4;100;88;90;0;278
2025-08-04;IB;??;103754;1;2;100;94;79;5;278
2025-08-04;IB;??;103791;1;1;100;89;83;6;278
2025-08-04;IB;??;103796;1;1;100;78;100;0;278
2025-08-04;IB;??;103865;0;2;100;78;100;0;278
2025-08-04;IB;??;102412;1;3;92;100;84;1;277
2025-08-04;IB;??;102487;1;1;100;73;100;4;277
2025-08-04;IB;??;102585;1;1;100;80;93;4;277
2025-08-04;IB;??;102665;1;2;77;98;94;8;277
2025-08-04;IB;??;102776;1;1;89;100;86;2;277
2025-08-04;IB;??;102967;0;2;85;92;99;1;277
2025-08-04;IB;??;103749;1;3;96;75;98;8;277
2025-08-04;IB;??;103769;1;4;73;100;100;4;277
2025-08-04;IB;??;102683;1;2;100;100;68;8;276
2025-08-04;IB;??;102944;1;4;100;82;86;8;276
2025-08-04;IB;??;103573;1;1;100;85;91;0;276
2025-08-04;IB;??;103762;0;3;100;75;100;1;276
2025-08-04;IB;??;102259;1;4;92;88;86;9;275
2025-08-04;IB;??;102285;1;4;96;80;99;0;275
2025-08-04;IB;??;102362;1;3;95;91;87;2;275
2025-08-04;IB;??;102500;1;3;99;76;98;2;275
2025-08-04;IB;??;102546;1;3;95;100;73;7;275
2025-08-04;IB;??;102573;1;2;71;98;99;7;275
2025-08-04;IB;??;102670;1;2;88;100;82;5;275
2025-08-04;IB;??;102795;1;4;82;97;91;5;275
2025-08-04;IB;??;102878;1;4;86;92;90;7;275
2025-08-04;IB;??;102920;1;1;77;100;92;6;275
2025-08-04;IB;??;103354;1;2;100;100;65;10;275
2025-08-04;IB;??;103361;0;2;100;78;95;2;275
2025-08-04;IB;??;103381;1;4;100;68;100;7;275
2025-08-04;IB;??;103907;1;1;94;99;82;0;275
2025-08-04;IB;??;102348;1;4;81;93;95;5;274
2025-08-04;IB;??;102449;1;3;89;78;100;7;274
2025-08-04;IB;??;102456;1;2;84;100;88;2;274
2025-08-04;IB;??;102599;1;2;93;100;81;0;274
2025-08-04;IB;??;102777;1;2;100;85;79;10;274
2025-08-04;IB;??;102851;1;4;87;85;95;7;274
2025-08-04;IB;??;102881;1;4;100;83;81;10;274
2025-08-04;IB;??;102884;1;4;98;74;100;2;274
2025-08-04;IB;??;102945;1;1;92;83;94;5;274
2025-08-04;IB;??;102947;1;1;100;69;98;7;274
2025-08-04;IB;??;103540;0;4;79;85;100;10;274
2025-08-04;IB;??;103657;0;4;86;100;86;2;274
2025-08-04;IB;??;103808;1;3;100;100;72;2;274
2025-08-04;IB;??;102329;1;3;85;78;100;10;273
2025-08-04;IB;??;102356;1;1;100;71;100;2;273
2025-08-04;IB;??;102509;1;4;100;69;100;4;273
2025-08-04;IB;??;102519;0;1;82;100;88;3;273
2025-08-04;IB;??;103738;1;3;88;98;84;3;273
2025-08-04;IB;??;102252;1;1;100;76;93;3;272
2025-08-04;IB;??;102267;1;2;82;94;96;0;272
2025-08-04;IB;??;102326;1;4;71;100;100;1;272
2025-08-04;IB;??;102352;1;4;86;100;78;8;272
2025-08-04;IB;??;102463;1;1;82;100;87;3;272
2025-08-04;IB;??;102524;0;2;87;81;100;4;272
2025-08-04;IB;??;102705;1;4;64;99;100;9;272
2025-08-04;IB;??;102766;0;4;90;74;100;8;272
2025-08-04;IB;??;102821;1;1;89;78;100;5;272
2025-08-04;IB;??;102978;1;4;73;100;95;4;272
2025-08-04;IB;??;103370;0;4;94;81;95;2;272
2025-08-04;IB;??;103485;1;3;67;100;100;5;272
2025-08-04;IB;??;103640;1;4;98;100;66;8;272
2025-08-04;IB;??;103645;1;4;80;89;100;3;272
2025-08-04;IB;??;103680;1;4;76;97;91;8;272
2025-08-04;IB;??;102262;1;3;92;100;72;7;271
2025-08-04;IB;??;102387;1;1;76;87;100;8;271
2025-08-04;IB;??;102445;1;4;75;100;94;2;271
2025-08-04;IB;??;102647;1;1;83;100;85;3;271
2025-08-04;IB;??;102868;1;4;88;98;84;1;271
2025-08-04;IB;??;103357;0;1;88;100;83;0;271
2025-08-04;IB;??;103590;1;4;100;100;63;8;271
2025-08-04;IB;??;103627;1;3;100;97;69;5;271
2025-08-04;IB;??;103672;1;2;90;79;100;2;271
2025-08-04;IB;??;103722;1;1;86;79;100;6;271
2025-08-04;IB;??;103726;0;1;92;78;100;1;271
2025-08-04;IB;??;103782;1;2;89;88;89;5;271
2025-08-04;IB;??;102320;1;1;96;100;74;0;270
2025-08-04;IB;??;102385;1;4;100;92;69;9;270
2025-08-04;IB;??;102460;1;1;83;80;100;7;270
2025-08-04;IB;??;102662;1;4;75;91;100;4;270
2025-08-04;IB;??;102817;1;4;70;100;100;0;270
2025-08-04;IB;??;102818;1;1;62;100;100;8;270
2025-08-04;IB;??;102820;1;1;100;100;63;7;270
2025-08-04;IB;??;102875;1;1;85;87;91;7;270
2025-08-04;IB;??;102965;1;1;62;100;100;8;270
2025-08-04;IB;??;103356;0;1;100;92;78;0;270
2025-08-04;IB;??;103548;1;4;78;94;92;6;270
2025-08-04;IB;??;103644;1;1;100;100;69;1;270
2025-08-04;IB;??;103692;1;1;70;100;100;0;270
2025-08-04;IB;??;103793;1;1;100;79;82;9;270
2025-08-04;IB;??;103885;1;4;84;79;100;7;270
2025-08-04;IB;??;102272;1;4;97;66;100;6;269
2025-08-04;IB;??;102288;1;2;100;68;98;3;269
2025-08-04;IB;??;102425;0;4;78;100;90;1;269
2025-08-04;IB;??;102428;1;4;63;100;99;7;269
2025-08-04;IB;??;102575;0;4;100;61;98;10;269
2025-08-04;IB;??;102587;1;1;100;100;59;10;269
2025-08-04;IB;??;102690;1;3;100;92;69;8;269
2025-08-04;IB;??;102858;1;4;90;72;100;7;269
2025-08-04;IB;??;102899;1;4;65;96;100;8;269
2025-08-04;IB;??;102946;1;2;100;78;89;2;269
2025-08-04;IB;??;103768;1;4;68;100;100;1;269
2025-08-04;IB;??;103770;0;3;93;100;70;6;269
2025-08-04;IB;??;102229;1;3;91;94;73;10;268
2025-08-04;IB;??;102283;1;1;100;67;98;3;268
2025-08-04;IB;??;102313;1;1;80;91;93;4;268
2025-08-04;IB;??;102380;1;1;100;100;61;7;268
2025-08-04;IB;??;102531;1;4;65;100;95;8;268
2025-08-04;IB;??;102640;1;1;98;97;71;2;268
2025-08-04;IB;??;102759;1;2;62;100;100;6;268
2025-08-04;IB;??;102797;1;4;90;68;100;10;268
2025-08-04;IB;??;102916;0;1;93;83;85;7;268
2025-08-04;IB;??;102939;0;4;100;62;100;6;268
2025-08-04;IB;??;102955;1;3;100;100;62;6;268
2025-08-04;IB;??;103563;1;1;95;65;100;8;268
2025-08-04;IB;??;103652;0;1;99;63;100;6;268
2025-08-04;IB;??;103669;1;4;84;90;92;2;268
2025-08-04;IB;??;103871;1;3;85;81;93;9;268
2025-08-04;IB;??;103906;1;1;100;62;100;6;268
2025-08-04;IB;??;102264;1;4;64;100;100;3;267
2025-08-04;IB;??;102319;1;2;100;88;73;6;267
2025-08-04;IB;??;102346;1;2;93;87;82;5;267
2025-08-04;IB;??;102466;1;1;95;69;100;3;267
2025-08-04;IB;??;102496;1;1;70;90;100;7;267
2025-08-04;IB;??;102630;1;1;94;64;99;10;267
2025-08-04;IB;??;102646;1;4;93;94;79;1;267
2025-08-04;IB;??;102669;0;3;100;67;100;0;267
2025-08-04;IB;??;102686;1;4;86;92;86;3;267
2025-08-04;IB;??;102702;1;4;100;100;61;6;267
2025-08-04;IB;??;102784;1;3;100;80;81;6;267
2025-08-04;IB;??;102828;1;4;70;100;96;1;267
2025-08-04;IB;??;102831;1;3;90;73;94;10;267
2025-08-04;IB;??;102857;1;3;93;79;85;10;267
2025-08-04;IB;??;102861;0;2;90;69;99;9;267
2025-08-04;IB;??;102982;1;4;64;100;100;3;267
2025-08-04;IB;??;103337;1;2;82;83;100;2;267
2025-08-04;IB;??;103371;0;2;100;100;66;1;267
2025-08-04;IB;??;103676;1;1;81;91;94;1;267
2025-08-04;IB;??;103776;0;4;85;100;80;2;267
2025-08-04;IB;??;103790;1;4;84;100;83;0;267
2025-08-04;IB;??;103840;1;2;98;96;63;10;267
2025-08-04;IB;??;103866;1;1;86;81;100;0;267
2025-08-04;IB;??;103904;1;4;80;84;100;3;267
2025-08-04;IB;??;102371;1;1;99;78;81;8;266
2025-08-04;IB;??;102422;1;2;63;98;100;5;266
2025-08-04;IB;??;102472;0;4;83;77;100;6;266
2025-08-04;IB;??;102502;1;4;98;100;66;2;266
2025-08-04;IB;??;102551;1;3;74;92;91;9;266
2025-08-04;IB;??;102589;0;2;97;100;65;4;266
2025-08-04;IB;??;102593;0;1;69;100;90;7;266
2025-08-04;IB;??;102618;1;2;79;100;79;8;266
2025-08-04;IB;??;102788;0;3;78;100;81;7;266
2025-08-04;IB;??;102816;1;3;95;73;92;6;266
2025-08-04;IB;??;102854;0;4;86;80;91;9;266
2025-08-04;IB;??;102876;1;1;100;90;70;6;266
2025-08-04;IB;??;102902;1;1;100;83;75;8;266
2025-08-04;IB;??;102923;1;3;97;79;87;3;266
2025-08-04;IB;??;103335;1;1;57;100;99;10;266
2025-08-04;IB;??;103533;1;4;100;100;59;7;266
2025-08-04;IB;??;103536;1;4;100;63;100;3;266
2025-08-04;IB;??;103686;1;1;73;100;89;4;266
2025-08-04;IB;??;103801;0;4;100;57;100;9;266
2025-08-04;IB;??;103828;1;4;99;99;59;9;266
2025-08-04;IB;??;103850;1;4;100;100;60;6;266
2025-08-04;IB;??;103910;1;4;80;92;87;7;266
2025-08-04;IB;??;102257;1;1;70;97;92;6;265
2025-08-04;IB;??;102361;1;3;68;94;100;3;265
2025-08-04;IB;??;102439;1;1;77;100;83;5;265
2025-08-04;IB;??;102468;1;1;99;65;100;1;265
2025-08-04;IB;??;102523;1;2;88;73;100;4;265
2025-08-04;IB;??;102601;1;1;86;84;93;2;265
2025-08-04;IB;??;102694;1;4;88;97;78;2;265
2025-08-04;IB;??;102717;1;1;87;71;100;7;265
2025-08-04;IB;??;102751;1;2;96;83;79;7;265
2025-08-04;IB;??;102964;1;4;87;88;87;3;265
2025-08-04;IB;??;103524;0;1;93;85;77;10;265
2025-08-04;IB;??;103629;1;1;90;100;72;3;265
2025-08-04;IB;??;103646;1;2;100;84;79;2;265
2025-08-04;IB;??;103860;1;2;100;80;81;4;265
2025-08-04;IB;??;103869;0;3;90;86;87;2;265
2025-08-04;IB;??;102278;1;1;87;96;81;0;264
2025-08-04;IB;??;102317;1;1;66;97;99;2;264
2025-08-04;IB;??;102401;1;1;100;100;60;4;264
2025-08-04;IB;??;102480;1;3;87;90;78;9;264
2025-08-04;IB;??;102545;0;3;55;100;100;9;264
2025-08-04;IB;??;102760;1;2;100;95;67;2;264
2025-08-04;IB;??;102813;0;1;60;100;100;4;264
2025-08-04;IB;??;102966;1;2;96;88;73;7;264
2025-08-04;IB;??;103377;1;2;78;100;80;6;264
2025-08-04;IB;??;103538;0;4;96;78;89;1;264
2025-08-04;IB;??;103547;0;3;100;85;75;4;264
2025-08-04;IB;??;103804;1;1;85;70;100;9;264
2025-08-04;IB;??;103837;0;2;65;91;100;8;264
2025-08-04;IB;??;103843;1;1;83;87;87;7;264
2025-08-04;IB;??;102228;1;2;97;59;100;7;263
2025-08-04;IB;??;102457;1;1;56;100;100;7;263
2025-08-04;IB;??;102568;1;3;74;88;97;4;263
2025-08-04;IB;??;102699;1;2;79;79;100;5;263
2025-08-04;IB;??;102701;1;1;94;81;80;8;263
2025-08-04;IB;??;102929;1;4;83;79;98;3;263
2025-08-04;IB;??;103341;1;1;89;91;83;0;263
2025-08-04;IB;??;103552;1;1;86;80;90;7;263
2025-08-04;IB;??;103564;1;3;85;80;92;6;263
2025-08-04;IB;??;103733;1;4;86;95;82;0;263
2025-08-04;IB;??;103798;1;2;98;64;91;10;263
2025-08-04;IB;??;102247;1;4;71;89;98;4;262
2025-08-04;IB;??;102316;1;4;68;98;95;1;262
2025-08-04;IB;??;102424;1;4;91;93;74;4;262
2025-08-04;IB;??;102595;1;3;82;72;99;9;262
2025-08-04;IB;??;102700;1;1;98;69;89;6;262
2025-08-04;IB;??;102874;1;1;80;79;100;3;262
2025-08-04;IB;??;102885;1;3;88;100;65;9;262
2025-08-04;IB;??;102896;1;1;100;76;80;6;262
2025-08-04;IB;??;102909;1;2;78;79;100;5;262
2025-08-04;IB;??;103348;1;2;70;94;88;10;262
2025-08-04;IB;??;103362;1;2;94;67;100;1;262
2025-08-04;IB;??;103654;1;3;75;100;82;5;262
2025-08-04;IB;??;103731;0;1;60;96;100;6;262
2025-08-04;IB;??;103814;1;4;89;88;81;4;262
2025-08-04;IB;??;103824;1;4;81;100;76;5;262
2025-08-04;IB;??;103835;1;4;100;61;100;1;262
2025-08-04;IB;??;103854;1;4;88;86;86;2;262
2025-08-04;IB;??;103897;1;4;62;95;95;10;262
2025-08-04;IB;??;102299;1;1;100;82;72;7;261
2025-08-04;IB;??;102328;0;3;100;63;94;4;261
2025-08-04;IB;??;102381;1;1;62;93;100;6;261
2025-08-04;IB;??;102441;1;3;86;93;81;1;261
2025-08-04;IB;??;102484;1;2;100;74;87;0;261
2025-08-04;IB;??;102583;1;4;100;71;87;3;261
2025-08-04;IB;??;102779;1;2;99;94;61;7;261
2025-08-04;IB;??;102814;0;4;86;98;73;4;261
2025-08-04;IB;??;102844;1;1;78;92;83;8;261
2025-08-04;IB;??;102924;1;4;100;95;62;4;261
2025-08-04;IB;??;103364;1;3;65;100;94;2;261
2025-08-04;IB;??;103530;1;2;71;88;100;2;261
2025-08-04;IB;??;103663;1;1;95;77;87;2;261
2025-08-04;IB;??;103742;0;2;100;77;83;1;261
2025-08-04;IB;??;103746;1;4;100;81;74;6;261
2025-08-04;IB;??;103764;1;2;100;56;100;5;261
2025-08-04;IB;??;103773;1;2;75;91;90;5;261
2025-08-04;IB;??;102307;0;4;84;100;68;8;260
2025-08-04;IB;??;102448;1;1;94;100;59;7;260
2025-08-04;IB;??;102501;0;4;87;100;68;5;260
2025-08-04;IB;??;102537;1;1;100;63;88;9;260
2025-08-04;IB;??;102633;1;3;67;87;100;6;260
2025-08-04;IB;??;102733;1;1;100;92;67;1;260
2025-08-04;IB;??;102782;1;4;92;91;72;5;260
2025-08-04;IB;??;102853;1;4;98;78;82;2;260
2025-08-04;IB;??;102855;1;4;92;87;73;8;260
2025-08-04;IB;??;102871;0;4;92;84;82;2;260
2025-08-04;IB;??;103336;1;4;64;100;90;6;260
2025-08-04;IB;??;103345;1;4;78;100;79;3;260
2025-08-04;IB;??;103541;0;1;94;85;74;7;260
2025-08-04;IB;??;103569;1;1;91;100;59;10;260
2025-08-04;IB;??;103662;1;4;95;88;72;5;260
2025-08-04;IB;??;103684;1;2;78;97;82;3;260
2025-08-04;IB;??;103759;1;2;63;100;88;9;260
2025-08-04;IB;??;102237;1;4;96;62;91;10;259
2025-08-04;IB;??;102249;1;4;100;89;61;9;259
2025-08-04;IB;??;102464;1;1;100;92;65;2;259
2025-08-04;IB;??;102709;1;1;78;82;98;1;259
2025-08-04;IB;??;102780;1;1;92;64;99;4;259
2025-08-04;IB;??;102864;0;4;88;85;78;8;259
2025-08-04;IB;??;102886;1;4;66;83;100;10;259
2025-08-04;IB;??;102912;1;2;95;78;77;9;259
2025-08-04;IB;??;103553;1;2;65;100;93;1;259
2025-08-04;IB;??;103772;0;1;100;66;87;6;259
2025-08-04;IB;??;103842;1;1;75;75;100;9;259
2025-08-04;IB;??;103903;1;3;100;76;79;4;259
2025-08-04;IB;??;103909;1;4;94;89;73;3;259
2025-08-04;IB;??;103914;0;3;100;83;71;5;259
2025-08-04;IB;??;102251;1;4;82;96;72;8;258
2025-08-04;IB;??;102276;1;4;71;100;83;4;258
2025-08-04;IB;??;102358;1;3;89;69;100;0;258
2025-08-04;IB;??;102465;1;4;79;74;97;8;258
2025-08-04;IB;??;102498;1;1;63;97;88;10;258
2025-08-04;IB;??;102518;1;3;97;70;83;8;258
2025-08-04;IB;??;102533;1;1;88;66;94;10;258
2025-08-04;IB;??;102679;1;1;74;76;100;8;258
2025-08-04;IB;??;102703;1;3;100;81;76;1;258
2025-08-04;IB;??;102737;1;1;89;68;100;1;258
2025-08-04;IB;??;102748;1;2;99;63;90;6;258
2025-08-04;IB;??;102834;1;1;79;85;94;0;258
2025-08-04;IB;??;102835;1;4;89;99;64;6;258
2025-08-04;IB;??;102847;1;2;73;95;87;3;258
2025-08-04;IB;??;103560;1;3;71;100;86;1;258
2025-08-04;IB;??;103670;0;3;85;82;91;0;258
2025-08-04;IB;??;103671;0;2;100;65;85;8;258
2025-08-04;IB;??;103789;1;4;100;78;77;3;258
2025-08-04;IB;??;103846;1;4;89;66;99;4;258
2025-08-04;IB;??;103873;1;1;92;66;100;0;258
2025-08-04;IB;??;102270;1;2;69;87;100;1;257
2025-08-04;IB;??;102290;1;1;83;98;71;5;257
2025-08-04;IB;??;102306;1;1;100;87;63;7;257
2025-08-04;IB;??;102324;0;3;93;96;62;6;257
2025-08-04;IB;??;102341;1;4;65;89;100;3;257
2025-08-04;IB;??;102488;1;1;100;90;59;8;257
2025-08-04;IB;??;102547;1;4;94;85;70;8;257
2025-08-04;IB;??;102749;1;2;66;89;100;2;257
2025-08-04;IB;??;102830;1;4;93;100;64;0;257
2025-08-04;IB;??;102865;1;4;77;100;80;0;257
2025-08-04;IB;??;102869;1;1;100;68;85;4;257
2025-08-04;IB;??;102968;1;1;100;55;92;10;257
2025-08-04;IB;??;103677;1;1;55;94;100;8;257
2025-08-04;IB;??;103755;1;2;57;100;90;10;257
2025-08-04;IB;??;103771;1;3;82;74;96;5;257
2025-08-04;IB;??;103913;1;3;78;74;100;5;257
2025-08-04;IB;??;102345;1;3;70;96;80;10;256
2025-08-04;IB;??;102351;1;1;90;59;97;10;256
2025-08-04;IB;??;102434;1;4;100;61;89;6;256
2025-08-04;IB;??;102479;1;1;56;98;100;2;256
2025-08-04;IB;??;102499;1;1;88;65;93;10;256
2025-08-04;IB;??;102602;1;2;64;100;83;9;256
2025-08-04;IB;??;102607;0;2;83;100;63;10;256
2025-08-04;IB;??;102634;1;3;73;85;91;7;256
2025-08-04;IB;??;102652;1;1;79;74;100;3;256
2025-08-04;IB;??;102731;1;1;89;63;95;9;256
2025-08-04;IB;??;102908;1;1;97;97;57;5;256
2025-08-04;IB;??;102930;0;3;72;82;100;2;256
2025-08-04;IB;??;103556;1;1;77;96;78;5;256
2025-08-04;IB;??;103618;1;4;79;100;76;1;256
2025-08-04;IB;??;103815;1;4;63;100;88;5;256
2025-08-04;IB;??;103848;1;2;68;99;89;0;256
2025-08-04;IB;??;103899;1;1;81;87;80;8;256
2025-08-04;IB;??;102239;0;1;100;84;63;8;255
2025-08-04;IB;??;102287;1;1;94;68;88;5;255
2025-08-04;IB;??;102386;1;1;55;97;100;3;255
2025-08-04;IB;??;102542;0;1;81;100;72;2;255
2025-08-04;IB;??;102570;1;4;72;74;100;9;255
2025-08-04;IB;??;102579;1;3;53;92;100;10;255
2025-08-04;IB;??;102750;1;3;100;85;62;8;255
2025-08-04;IB;??;102913;1;4;100;57;93;5;255
2025-08-04;IB;??;103353;1;2;64;100;86;5;255
2025-08-04;IB;??;103372;1;4;95;93;64;3;255
2025-08-04;IB;??;103720;0;1;100;83;64;8;255
2025-08-04;IB;??;103800;1;4;93;62;92;8;255
2025-08-04;IB;??;103868;1;4;69;100;78;8;255
2025-08-04;IB;??;102388;1;1;79;100;75;0;254
2025-08-04;IB;??;102402;1;3;100;61;89;4;254
2025-08-04;IB;??;102417;1;4;88;80;86;0;254
2025-08-04;IB;??;102433;0;4;80;100;74;0;254
2025-08-04;IB;??;102471;1;4;100;80;67;7;254
2025-08-04;IB;??;102492;1;4;82;99;66;7;254
2025-08-04;IB;??;102566;1;4;100;81;65;8;254
2025-08-04;IB;??;102672;1;3;81;65;100;8;254
2025-08-04;IB;??;102744;1;1;89;58;98;9;254
2025-08-04;IB;??;102765;1;1;85;77;92;0;254
2025-08-04;IB;??;102785;1;2;75;98;74;7;254
2025-08-04;IB;??;102815;1;3;77;68;100;9;254
2025-08-04;IB;??;102915;1;4;63;87;100;4;254
2025-08-04;IB;??;102974;1;2;77;89;86;2;254
2025-08-04;IB;??;103535;1;1;81;72;92;9;254
2025-08-04;IB;??;103639;1;4;82;100;67;5;254
2025-08-04;IB;??;103729;1;4;88;74;87;5;254
2025-08-04;IB;??;103883;1;3;58;91;99;6;254
2025-08-04;IB;??;102260;1;4;100;64;81;8;253
2025-08-04;IB;??;102301;1;3;61;91;100;1;253
2025-08-04;IB;??;102309;1;4;89;79;84;1;253
2025-08-04;IB;??;102368;1;4;74;76;100;3;253
2025-08-04;IB;??;102476;1;3;95;100;56;2;253
2025-08-04;IB;??;102529;1;2;91;71;82;9;253
2025-08-04;IB;??;102617;1;1;68;85;98;2;253
2025-08-04;IB;??;102648;0;1;100;62;91;0;253
2025-08-04;IB;??;102741;0;4;73;89;88;3;253
2025-08-04;IB;??;102803;0;3;74;81;89;9;253
2025-08-04;IB;??;102826;1;4;88;91;74;0;253
2025-08-04;IB;??;102849;1;2;100;61;88;4;253
2025-08-04;IB;??;102891;1;4;94;86;66;7;253
2025-08-04;IB;??;102941;0;4;70;76;100;7;253
2025-08-04;IB;??;103643;0;4;87;95;61;10;253
2025-08-04;IB;??;103836;1;1;77;79;91;6;253
2025-08-04;IB;??;103856;1;1;63;85;100;5;253
2025-08-04;IB;??;102408;1;4;92;100;58;2;252
2025-08-04;IB;??;102517;1;3;91;64;96;1;252
2025-08-04;IB;??;102528;1;3;66;90;93;3;252
2025-08-04;IB;??;102557;1;4;98;70;81;3;252
2025-08-04;IB;??;102594;1;1;77;69;100;6;252
2025-08-04;IB;??;102609;1;4;91;97;64;0;252
2025-08-04;IB;??;102610;1;4;68;82;96;6;252
2025-08-04;IB;??;102716;1;4;92;64;88;8;252
2025-08-04;IB;??;102904;1;2;84;58;100;10;252
2025-08-04;IB;??;102976;0;3;79;99;64;10;252
2025-08-04;IB;??;103368;0;2;96;84;68;4;252
2025-08-04;IB;??;103838;1;3;97;82;68;5;252
2025-08-04;IB;??;103859;1;1;88;100;60;4;252
2025-08-04;IB;??;102432;1;1;60;90;100;1;251
2025-08-04;IB;??;102507;1;3;68;76;100;7;251
2025-08-04;IB;??;102621;1;4;100;77;66;8;251
2025-08-04;IB;??;102631;1;4;69;94;78;10;251
2025-08-04;IB;??;102739;0;1;79;100;67;5;251
2025-08-04;IB;??;103638;1;4;63;92;91;5;251
2025-08-04;IB;??;103660;1;1;87;90;71;3;251
2025-08-04;IB;??;103710;1;1;79;85;87;0;251
2025-08-04;IB;??;103736;1;1;100;67;76;8;251
2025-08-04;IB;??;103766;1;4;98;78;71;4;251
2025-08-04;IB;??;103785;1;1;62;97;90;2;251
2025-08-04;IB;??;103787;1;4;73;72;100;6;251
2025-08-04;IB;??;103809;1;1;100;70;76;5;251
2025-08-04;IB;??;103861;1;2;65;87;99;0;251
2025-08-04;IB;??;103862;1;1;88;100;57;6;251
2025-08-04;IB;??;103879;1;2;87;100;64;0;251
2025-08-04;IB;??;102246;1;4;100;59;91;0;250
2025-08-04;IB;??;102296;1;4;87;63;100;0;250
2025-08-04;IB;??;102347;1;1;68;95;77;10;250
2025-08-04;IB;??;102395;1;1;83;100;61;6;250
2025-08-04;IB;??;102508;0;1;84;64;94;8;250
2025-08-04;IB;??;102526;1;2;93;83;66;8;250
2025-08-04;IB;??;102584;1;1;80;66;100;4;250
2025-08-04;IB;??;102605;1;2;96;77;68;9;250
2025-08-04;IB;??;102758;0;4;81;100;63;6;250
2025-08-04;IB;??;102823;0;1;93;87;62;8;250
2025-08-04;IB;??;102841;1;4;57;98;88;7;250
2025-08-04;IB;??;102981;1;3;75;98;74;3;250
2025-08-04;IB;??;103342;1;4;76;83;89;2;250
2025-08-04;IB;??;103525;1;4;86;63;100;1;250
2025-08-04;IB;??;103545;1;1;100;58;82;10;250
2025-08-04;IB;??;103586;1;1;76;71;100;3;250
2025-08-04;IB;??;103688;1;4;88;67;93;2;250
2025-08-04;IB;??;103783;1;1;74;78;95;3;250
2025-08-04;IB;??;102235;0;1;100;87;56;6;249
2025-08-04;IB;??;102366;1;1;88;65;87;9;249
2025-08-04;IB;??;102407;0;3;70;97;78;4;249
2025-08-04;IB;??;102413;1;4;85;86;76;2;249
2025-08-04;IB;??;102437;1;4;100;77;72;0;249
2025-08-04;IB;??;102512;1;2;100;94;53;2;249
2025-08-04;IB;??;102581;0;4;88;73;84;4;249
2025-08-04;IB;??;102625;1;2;80;76;87;6;249
2025-08-04;IB;??;102712;1;1;100;89;59;1;249
2025-08-04;IB;??;102713;1;1;56;84;100;9;249
2025-08-04;IB;??;102755;1;2;87;62;90;10;249
2025-08-04;IB;??;102900;1;2;81;77;88;3;249
2025-08-04;IB;??;103633;1;2;77;79;87;6;249
2025-08-04;IB;??;103659;1;3;91;74;79;5;249
2025-08-04;IB;??;103661;1;2;88;72;84;5;249
2025-08-04;IB;??;103737;1;1;78;79;82;10;249
2025-08-04;IB;??;103744;1;4;66;100;73;10;249
2025-08-04;IB;??;103803;1;1;71;100;74;4;249
2025-08-04;IB;??;103820;1;1;93;85;63;8;249
2025-08-04;IB;??;103849;1;4;75;100;72;2;249
2025-08-04;IB;??;102335;1;3;82;64;100;2;248
2025-08-04;IB;??;102470;0;1;100;88;59;1;248
2025-08-04;IB;??;102513;1;2;78;100;67;3;248
2025-08-04;IB;??;102534;0;4;74;83;84;7;248
2025-08-04;IB;??;102535;1;2;65;94;80;9;248
2025-08-04;IB;??;102619;1;3;99;95;50;4;248
2025-08-04;IB;??;102624;1;4;100;79;66;3;248
2025-08-04;IB;??;102783;0;1;79;62;100;7;248
2025-08-04;IB;??;102794;0;4;100;58;89;1;248
2025-08-04;IB;??;102956;0;4;75;85;87;1;248
2025-08-04;IB;??;103581;1;3;76;72;100;0;248
2025-08-04;IB;??;103584;1;3;97;81;68;2;248
2025-08-04;IB;??;103634;1;1;65;83;100;0;248
2025-08-04;IB;??;103674;0;3;65;100;83;0;248
2025-08-04;IB;??;103819;1;3;58;100;82;8;248
2025-08-04;IB;??;103896;1;1;69;100;79;0;248
2025-08-04;IB;??;102458;1;1;86;58;93;10;247
2025-08-04;IB;??;102527;0;1;69;92;79;7;247
2025-08-04;IB;??;102645;1;1;69;82;91;5;247
2025-08-04;IB;??;102658;0;4;62;83;97;5;247
2025-08-04;IB;??;102764;1;1;87;75;81;4;247
2025-08-04;IB;??;102805;1;1;66;100;80;1;247
2025-08-04;IB;??;102935;1;1;69;86;88;4;247
2025-08-04;IB;??;103623;0;1;80;100;58;9;247
2025-08-04;IB;??;103648;1;1;69;100;77;1;247
2025-08-04;IB;??;103666;1;3;78;82;81;6;247
2025-08-04;IB;??;103881;1;1;71;85;88;3;247
2025-08-04;IB;??;103887;1;1;80;82;76;9;247
2025-08-04;IB;??;103916;1;1;59;100;80;8;247
2025-08-04;IB;??;102231;1;1;100;60;76;10;246
2025-08-04;IB;??;102318;0;1;81;100;58;7;246
2025-08-04;IB;??;102349;1;4;68;77;100;1;246
2025-08-04;IB;??;102365;0;1;69;100;77;0;246
2025-08-04;IB;??;102423;0;4;85;57;100;4;246
2025-08-04;IB;??;102491;1;2;92;65;85;4;246
2025-08-04;IB;??;102636;1;3;69;96;74;7;246
2025-08-04;IB;??;102761;1;4;79;64;100;3;246
2025-08-04;IB;??;102768;1;2;91;86;69;0;246
2025-08-04;IB;??;102790;1;3;84;75;84;3;246
2025-08-04;IB;??;102822;1;3;64;91;85;6;246
2025-08-04;IB;??;102829;0;2;78;72;90;6;246
2025-08-04;IB;??;102839;1;2;87;89;63;7;246
2025-08-04;IB;??;102867;1;4;100;66;78;2;246
2025-08-04;IB;??;102927;1;1;56;97;85;8;246
2025-08-04;IB;??;103350;1;3;99;77;62;8;246
2025-08-04;IB;??;103484;1;1;83;60;99;4;246
2025-08-04;IB;??;103682;1;4;58;95;84;9;246
2025-08-04;IB;??;103714;1;2;87;73;83;3;246
2025-08-04;IB;??;103777;1;4;88;91;67;0;246
2025-08-04;IB;??;103802;1;3;65;88;85;8;246
2025-08-04;IB;??;103880;1;4;72;89;83;2;246
2025-08-04;IB;??;103898;1;4;88;92;56;10;246
2025-08-04;IB;??;102240;1;1;69;100;75;1;245
2025-08-04;IB;??;102265;1;2;64;85;96;0;245
2025-08-04;IB;??;102342;1;4;65;94;76;10;245
2025-08-04;IB;??;102344;1;1;89;89;65;2;245
2025-08-04;IB;??;102541;1;4;73;100;70;2;245
2025-08-04;IB;??;102561;0;4;100;78;65;2;245
2025-08-04;IB;??;102827;1;1;60;100;79;6;245
2025-08-04;IB;??;102921;1;3;64;75;99;7;245
2025-08-04;IB;??;102937;1;4;50;100;95;0;245
2025-08-04;IB;??;103537;1;4;74;66;100;5;245
2025-08-04;IB;??;103630;1;4;58;85;99;3;245
2025-08-04;IB;??;103664;1;1;71;88;77;9;245
2025-08-04;IB;??;103675;1;3;68;70;100;7;245
2025-08-04;IB;??;103839;1;1;100;64;77;4;245
2025-08-04;IB;??;103857;1;4;89;78;71;7;245
2025-08-04;IB;??;102253;1;1;84;69;85;6;244
2025-08-04;IB;??;102303;1;1;66;99;70;9;244
2025-08-04;IB;??;102310;1;1;81;61;100;2;244
2025-08-04;IB;??;102364;1;4;58;97;84;5;244
2025-08-04;IB;??;102495;1;4;79;63;93;9;244
2025-08-04;IB;??;102497;1;1;93;77;67;7;244
2025-08-04;IB;??;102525;1;1;95;90;56;3;244
2025-08-04;IB;??;102559;1;1;67;94;74;9;244
2025-08-04;IB;??;102667;1;4;74;67;100;3;244
2025-08-04;IB;??;102692;1;3;100;67;75;2;244
2025-08-04;IB;??;102698;1;2;100;74;67;3;244
2025-08-04;IB;??;102708;1;4;86;76;82;0;244
2025-08-04;IB;??;102877;1;3;82;91;67;4;244
2025-08-04;IB;??;102905;0;3;92;80;66;6;244
2025-08-04;IB;??;102953;1;3;79;68;87;10;244
2025-08-04;IB;??;102957;1;2;74;69;100;1;244
2025-08-04;IB;??;103360;1;4;100;60;77;7;244
2025-08-04;IB;??;103549;1;1;85;88;61;10;244
2025-08-04;IB;??;103717;1;2;82;76;77;9;244
2025-08-04;IB;??;103719;1;1;72;100;67;5;244
2025-08-04;IB;??;103723;1;4;93;57;85;9;244
2025-08-04;IB;??;103806;1;1;93;57;87;7;244
2025-08-04;IB;??;103834;1;1;93;70;77;4;244
2025-08-04;IB;??;102269;1;1;55;88;91;9;243
2025-08-04;IB;??;102340;0;1;77;100;65;1;243
2025-08-04;IB;??;102399;1;1;81;71;82;9;243
2025-08-04;IB;??;102603;1;4;77;68;92;6;243
2025-08-04;IB;??;102613;0;3;69;83;85;6;243
2025-08-04;IB;??;102651;1;2;63;79;95;6;243
2025-08-04;IB;??;102781;0;3;60;78;100;5;243
2025-08-04;IB;??;102846;0;3;60;82;97;4;243
2025-08-04;IB;??;102863;1;1;59;100;83;1;243
2025-08-04;IB;??;102870;1;4;62;72;100;9;243
2025-08-04;IB;??;103378;1;1;100;80;58;5;243
2025-08-04;IB;??;103523;1;4;100;64;75;4;243
2025-08-04;IB;??;103554;1;2;81;100;62;0;243
2025-08-04;IB;??;103711;1;2;92;68;82;1;243
2025-08-04;IB;??;102233;1;1;97;59;80;6;242
2025-08-04;IB;??;102258;1;3;62;74;100;6;242
2025-08-04;IB;??;102332;1;4;66;96;79;1;242
2025-08-04;IB;??;102404;0;1;79;66;96;1;242
2025-08-04;IB;??;102628;1;3;97;70;75;0;242
2025-08-04;IB;??;102726;0;4;79;70;85;8;242
2025-08-04;IB;??;102919;1;3;50;90;94;8;242
2025-08-04;IB;??;102928;1;4;81;94;66;1;242
2025-08-04;IB;??;102961;1;4;71;100;62;9;242
2025-08-04;IB;??;103339;1;1;64;72;100;6;242
2025-08-04;IB;??;103343;1;4;90;75;69;8;242
2025-08-04;IB;??;103542;1;4;71;84;87;0;242
2025-08-04;IB;??;103572;1;4;79;100;62;1;242
2025-08-04;IB;??;103577;0;4;83;79;73;7;242
2025-08-04;IB;??;103631;1;3;59;78;97;8;242
2025-08-04;IB;??;103882;1;4;97;79;66;0;242
2025-08-04;IB;??;102391;1;3;61;99;71;10;241
2025-08-04;IB;??;102591;1;2;77;61;93;10;241
2025-08-04;IB;??;102687;1;2;71;75;91;4;241
2025-08-04;IB;??;102775;0;1;70;100;65;6;241
2025-08-04;IB;??;102898;1;4;69;100;63;9;241
2025-08-04;IB;??;102943;0;4;67;67;100;7;241
2025-08-04;IB;??;102971;1;4;94;73;70;4;241
2025-08-04;IB;??;103811;1;3;52;92;89;8;241
2025-08-04;IB;??;103825;1;4;65;80;94;2;241
2025-08-04;IB;??;103875;1;4;60;88;83;10;241
2025-08-04;IB;??;102238;1;4;76;100;59;5;240
2025-08-04;IB;??;102339;0;1;62;73;100;5;240
2025-08-04;IB;??;102377;1;1;71;83;81;5;240
2025-08-04;IB;??;102469;1;4;79;54;100;7;240
2025-08-04;IB;??;102493;1;1;60;75;100;5;240
2025-08-04;IB;??;102746;1;1;56;80;96;8;240
2025-08-04;IB;??;102819;0;2;68;85;82;5;240
2025-08-04;IB;??;102970;1;4;80;62;94;4;240
2025-08-04;IB;??;103591;1;1;59;85;88;8;240
2025-08-04;IB;??;103653;1;1;87;68;84;1;240
2025-08-04;IB;??;103658;1;3;92;54;84;10;240
2025-08-04;IB;??;103703;1;3;67;83;82;8;240
2025-08-04;IB;??;103767;1;4;74;78;82;6;240
2025-08-04;IB;??;103917;1;1;83;55;100;2;240
2025-08-04;IB;??;102279;0;2;100;70;63;6;239
2025-08-04;IB;??;102298;0;1;73;67;93;6;239
2025-08-04;IB;??;102315;1;2;74;57;100;8;239
2025-08-04;IB;??;102396;1;4;81;92;66;0;239
2025-08-04;IB;??;102494;1;4;81;68;87;3;239
2025-08-04;IB;??;102558;1;2;85;62;92;0;239
2025-08-04;IB;??;102571;1;3;69;65;97;8;239
2025-08-04;IB;??;102578;1;1;73;74;85;7;239
2025-08-04;IB;??;102710;1;1;68;86;85;0;239
2025-08-04;IB;??;102723;1;1;73;79;83;4;239
2025-08-04;IB;??;102753;1;3;84;58;90;7;239
2025-08-04;IB;??;102787;1;4;75;70;92;2;239
2025-08-04;IB;??;102887;1;4;53;82;100;4;239
2025-08-04;IB;??;102954;1;3;65;87;79;8;239
2025-08-04;IB;??;102958;1;4;73;99;59;8;239
2025-08-04;IB;??;102963;1;1;90;80;60;9;239
2025-08-04;IB;??;102975;1;3;55;79;100;5;239
2025-08-04;IB;??;103566;1;1;100;70;67;2;239
2025-08-04;IB;??;102292;1;4;61;70;100;7;238
2025-08-04;IB;??;102327;0;3;76;100;60;2;238
2025-08-04;IB;??;102370;0;3;92;47;90;9;238
2025-08-04;IB;??;102429;1;2;91;88;54;5;238
2025-08-04;IB;??;102447;1;1;67;97;69;5;238
2025-08-04;IB;??;102451;1;4;77;98;59;4;238
2025-08-04;IB;??;102453;0;3;85;70;77;6;238
2025-08-04;IB;??;102478;1;2;60;69;100;9;238
2025-08-04;IB;??;102505;1;1;70;80;81;7;238
2025-08-04;IB;??;102552;1;1;77;93;62;6;238
2025-08-04;IB;??;102569;1;3;71;66;100;1;238
2025-08-04;IB;??;102574;1;3;62;69;99;8;238
2025-08-04;IB;??;102592;1;3;96;67;70;5;238
2025-08-04;IB;??;102626;1;1;94;67;71;6;238
2025-08-04;IB;??;102811;0;4;55;74;100;9;238
2025-08-04;IB;??;102894;1;1;100;70;67;1;238
2025-08-04;IB;??;103338;1;4;65;100;63;10;238
2025-08-04;IB;??;103487;1;2;77;86;68;7;238
2025-08-04;IB;??;103531;1;2;57;100;75;6;238
2025-08-04;IB;??;103655;1;4;100;58;72;8;238
2025-08-04;IB;??;103705;1;2;55;89;91;3;238
2025-08-04;IB;??;103716;1;1;80;56;100;2;238
2025-08-04;IB;??;103779;1;4;77;78;80;3;238
2025-08-04;IB;??;102357;1;4;63;71;100;3;237
2025-08-04;IB;??;102363;1;4;68;82;82;5;237
2025-08-04;IB;??;102454;1;2;72;80;84;1;237
2025-08-04;IB;??;102475;1;4;62;85;90;0;237
2025-08-04;IB;??;102490;1;4;74;73;81;9;237
2025-08-04;IB;??;102629;1;3;92;71;64;10;237
2025-08-04;IB;??;102664;1;2;59;74;100;4;237
2025-08-04;IB;??;102706;0;2;68;94;71;4;237
2025-08-04;IB;??;102800;1;1;63;100;71;3;237
2025-08-04;IB;??;102806;0;1;86;68;79;4;237
2025-08-04;IB;??;102873;0;4;65;100;68;4;237
2025-08-04;IB;??;102917;0;1;70;100;61;6;237
2025-08-04;IB;??;103334;1;1;72;100;64;1;237
2025-08-04;IB;??;103358;1;4;60;98;73;6;237
2025-08-04;IB;??;103488;1;1;77;100;57;3;237
2025-08-04;IB;??;103637;1;1;86;90;58;3;237
2025-08-04;IB;??;103715;1;1;100;70;67;0;237
2025-08-04;IB;??;103781;0;2;89;79;59;10;237
2025-08-04;IB;??;103900;1;4;86;70;81;0;237
2025-08-04;IB;??;102243;1;4;84;79;65;8;236
2025-08-04;IB;??;102294;1;2;77;59;100;0;236
2025-08-04;IB;??;102350;1;2;81;57;98;0;236
2025-08-04;IB;??;102374;0;2;91;56;89;0;236
2025-08-04;IB;??;102521;1;2;94;51;86;5;236
2025-08-04;IB;??;102532;0;4;93;59;78;6;236
2025-08-04;IB;??;102536;1;2;78;83;73;2;236
2025-08-04;IB;??;102615;1;4;82;64;81;9;236
2025-08-04;IB;??;102722;1;4;61;70;100;5;236
2025-08-04;IB;??;102771;1;3;77;77;78;4;236
2025-08-04;IB;??;103534;1;4;74;57;96;9;236
2025-08-04;IB;??;103571;1;4;85;56;93;2;236
2025-08-04;IB;??;103583;1;1;85;76;70;5;236
2025-08-04;IB;??;103587;1;1;89;80;67;0;236
2025-08-04;IB;??;103667;1;3;73;74;82;7;236
2025-08-04;IB;??;102274;1;4;100;59;69;7;235
2025-08-04;IB;??;102390;1;4;78;72;80;5;235
2025-08-04;IB;??;102431;1;2;60;91;81;3;235
2025-08-04;IB;??;102462;1;4;69;80;80;6;235
2025-08-04;IB;??;102611;1;1;71;56;100;8;235
2025-08-04;IB;??;102660;1;1;63;69;97;6;235
2025-08-04;IB;??;103347;1;3;89;55;82;9;235
2025-08-04;IB;??;103492;1;3;72;100;60;3;235
2025-08-04;IB;??;103578;1;2;83;73;73;6;235
2025-08-04;IB;??;103626;1;2;86;89;57;3;235
2025-08-04;IB;??;102277;1;3;93;61;75;5;234
2025-08-04;IB;??;102297;1;3;100;66;66;2;234
2025-08-04;IB;??;102305;1;3;81;66;81;6;234
2025-08-04;IB;??;102372;1;3;68;88;72;6;234
2025-08-04;IB;??;102406;1;2;58;69;100;7;234
2025-08-04;IB;??;102504;1;4;60;80;87;7;234
2025-08-04;IB;??;102656;1;1;89;58;80;7;234
2025-08-04;IB;??;102728;1;1;77;65;83;9;234
2025-08-04;IB;??;102801;1;4;48;84;99;3;234
2025-08-04;IB;??;103351;1;3;87;57;90;0;234
2025-08-04;IB;??;103665;1;2;82;89;63;0;234
2025-08-04;IB;??;103690;0;4;74;63;97;0;234
2025-08-04;IB;??;103794;1;4;92;62;73;7;234
2025-08-04;IB;??;103833;1;3;57;95;81;1;234
2025-08-04;IB;??;102389;1;2;79;86;68;0;233
2025-08-04;IB;??;102564;0;4;64;61;100;8;233
2025-08-04;IB;??;102582;1;1;68;86;73;6;233
2025-08-04;IB;??;102586;1;3;100;70;62;1;233
2025-08-04;IB;??;102684;1;2;77;96;50;10;233
2025-08-04;IB;??;102696;1;3;96;70;63;4;233
2025-08-04;IB;??;102729;1;2;67;66;99;1;233
2025-08-04;IB;??;102860;1;1;62;93;72;6;233
2025-08-04;IB;??;103355;0;3;69;62;100;2;233
2025-08-04;IB;??;103585;1;4;59;71;94;9;233
2025-08-04;IB;??;103625;1;3;62;93;76;2;233
2025-08-04;IB;??;103721;0;3;66;77;83;7;233
2025-08-04;IB;??;103758;0;2;61;92;76;4;233
2025-08-04;IB;??;103797;1;2;69;79;83;2;233
2025-08-04;IB;??;103864;1;4;74;70;82;7;233
2025-08-04;IB;??;102359;1;4;61;70;96;5;232
2025-08-04;IB;??;102473;0;4;66;72;92;2;232
2025-08-04;IB;??;102643;1;2;100;76;53;3;232
2025-08-04;IB;??;102715;1;2;72;87;67;6;232
2025-08-04;IB;??;102832;1;2;81;59;83;9;232
2025-08-04;IB;??;102848;1;2;89;77;60;6;232
2025-08-04;IB;??;103649;1;4;57;70;98;7;232
2025-08-04;IB;??;103650;1;4;71;58;100;3;232
2025-08-04;IB;??;103679;0;4;83;80;64;5;232
2025-08-04;IB;??;103727;0;4;72;83;73;4;232
2025-08-04;IB;??;103735;1;2;55;76;98;3;232
2025-08-04;IB;??;103830;1;1;100;59;73;0;232
2025-08-04;IB;??;103858;0;3;74;58;98;2;232
2025-08-04;IB;??;102242;1;4;72;76;75;8;231
2025-08-04;IB;??;102256;1;3;61;74;95;1;231
2025-08-04;IB;??;102322;1;3;67;62;95;7;231
2025-08-04;IB;??;102394;1;4;79;91;61;0;231
2025-08-04;IB;??;102452;1;1;58;86;82;5;231
2025-08-04;IB;??;102560;0;4;100;77;50;4;231
2025-08-04;IB;??;102622;1;4;70;100;60;1;231
2025-08-04;IB;??;102632;1;2;73;75;73;10;231
2025-08-04;IB;??;102688;1;3;62;59;100;10;231
2025-08-04;IB;??;102730;1;4;65;87;76;3;231
2025-08-04;IB;??;102926;1;2;76;96;55;4;231
2025-08-04;IB;??;102952;1;4;76;51;100;4;231
2025-08-04;IB;??;103369;1;4;75;60;90;6;231
2025-08-04;IB;??;103555;1;2;49;81;92;9;231
2025-08-04;IB;??;103562;1;1;88;80;60;3;231
2025-08-04;IB;??;103580;1;2;95;65;61;10;231
2025-08-04;IB;??;103697;1;1;59;90;81;1;231
2025-08-04;IB;??;103751;1;2;97;56;68;10;231
2025-08-04;IB;??;103752;1;2;96;64;69;2;231
2025-08-04;IB;??;103816;1;4;59;66;100;6;231
2025-08-04;IB;??;103895;1;4;59;76;86;10;231
2025-08-04;IB;??;102248;1;2;52;87;86;5;230
2025-08-04;IB;??;102330;1;4;80;60;86;4;230
2025-08-04;IB;??;102438;1;1;55;100;67;8;230
2025-08-04;IB;??;102555;1;4;64;67;99;0;230
2025-08-04;IB;??;102714;0;3;69;62;94;5;230
2025-08-04;IB;??;102720;1;4;65;84;74;7;230
2025-08-04;IB;??;102747;1;4;60;100;62;8;230
2025-08-04;IB;??;102901;1;4;54;94;74;8;230
2025-08-04;IB;??;103575;1;4;58;65;97;10;230
2025-08-04;IB;??;103732;0;1;91;69;61;9;230
2025-08-04;IB;??;103775;1;1;100;68;60;2;230
2025-08-04;IB;??;103884;1;3;66;59;100;5;230
2025-08-04;IB;??;103891;1;4;83;83;62;2;230
2025-08-04;IB;??;102280;1;2;73;62;92;2;229
2025-08-04;IB;??;102520;1;4;62;89;75;3;229
2025-08-04;IB;??;102649;1;2;70;75;77;7;229
2025-08-04;IB;??;102736;1;2;83;52;92;2;229
2025-08-04;IB;??;102836;0;2;82;85;62;0;229
2025-08-04;IB;??;102895;1;2;48;76;99;6;229
2025-08-04;IB;??;102938;0;4;72;53;100;4;229
2025-08-04;IB;??;103340;1;2;80;60;83;6;229
2025-08-04;IB;??;103668;1;4;59;100;66;4;229
2025-08-04;IB;??;103694;1;3;47;80;100;2;229
2025-08-04;IB;??;103724;1;3;66;100;60;3;229
2025-08-04;IB;??;103739;1;3;59;71;93;6;229
2025-08-04;IB;??;103890;1;4;87;63;70;9;229
2025-08-04;IB;??;102275;1;4;65;58;97;8;228
2025-08-04;IB;??;102289;1;3;57;69;100;2;228
2025-08-04;IB;??;102333;1;1;57;100;69;2;228
2025-08-04;IB;??;102343;1;2;100;75;51;2;228
2025-08-04;IB;??;102427;1;4;90;51;82;5;228
2025-08-04;IB;??;102596;1;4;66;75;86;1;228
2025-08-04;IB;??;102598;1;1;55;91;82;0;228
2025-08-04;IB;??;102697;1;3;76;79;64;9;228
2025-08-04;IB;??;102767;1;4;57;100;61;10;228
2025-08-04;IB;??;102910;0;2;54;85;85;4;228
2025-08-04;IB;??;102951;0;2;64;59;100;5;228
2025-08-04;IB;??;103491;1;1;79;58;89;2;228
2025-08-04;IB;??;103617;1;2;86;83;51;8;228
2025-08-04;IB;??;103757;1;3;100;54;69;5;228
2025-08-04;IB;??;103893;0;4;100;58;63;7;228
2025-08-04;IB;??;102393;1;3;53;100;71;3;227
2025-08-04;IB;??;102416;0;4;85;54;86;2;227
2025-08-04;IB;??;102600;0;1;59;63;100;5;227
2025-08-04;IB;??;102685;1;3;61;77;83;6;227
2025-08-04;IB;??;102725;1;2;85;85;48;9;227
2025-08-04;IB;??;102934;0;4;60;72;93;2;227
2025-08-04;IB;??;102979;0;2;77;74;67;9;227
2025-08-04;IB;??;103699;0;2;69;58;100;0;227
2025-08-04;IB;??;103706;1;4;76;87;64;0;227
2025-08-04;IB;??;103894;1;2;69;74;82;2;227
2025-08-04;IB;??;102379;1;1;62;84;70;10;226
2025-08-04;IB;??;102382;1;1;62;79;83;2;226
2025-08-04;IB;??;102411;0;1;88;60;75;3;226
2025-08-04;IB;??;102641;1;3;87;76;62;1;226
2025-08-04;IB;??;102906;1;1;84;62;74;6;226
2025-08-04;IB;??;103374;1;4;84;59;76;7;226
2025-08-04;IB;??;103379;1;1;81;75;62;8;226
2025-08-04;IB;??;103532;1;2;78;77;63;8;226
2025-08-04;IB;??;103558;1;1;61;72;86;7;226
2025-08-04;IB;??;103647;0;2;60;100;56;10;226
2025-08-04;IB;??;103712;1;1;62;92;66;6;226
2025-08-04;IB;??;103756;1;1;100;56;66;4;226
2025-08-04;IB;??;103872;1;2;61;100;62;3;226
2025-08-04;IB;??;103901;1;4;57;85;82;2;226
2025-08-04;IB;??;102556;1;1;67;85;73;0;225
2025-08-04;IB;??;102590;1;4;60;96;68;1;225
2025-08-04;IB;??;102960;1;2;87;71;59;8;225
2025-08-04;IB;??;103539;1;1;66;56;100;3;225
2025-08-04;IB;??;103678;1;2;93;75;49;8;225
2025-08-04;IB;??;103696;1;3;71;79;69;6;225
2025-08-04;IB;??;103792;1;1;57;99;66;3;225
2025-08-04;IB;??;102620;1;3;57;71;96;0;224
2025-08-04;IB;??;102653;1;4;65;74;78;7;224
2025-08-04;IB;??;102674;0;4;61;90;66;7;224
2025-08-04;IB;??;102812;1;3;100;52;71;1;224
2025-08-04;IB;??;103344;1;3;65;56;100;3;224
2025-08-04;IB;??;103367;1;4;67;75;78;4;224
2025-08-04;IB;??;103529;1;3;59;69;89;7;224
2025-08-04;IB;??;103832;0;4;94;70;60;0;224
2025-08-04;IB;??;103870;1;2;94;52;77;1;224
2025-08-04;IB;??;102383;1;2;52;80;81;10;223
2025-08-04;IB;??;102442;1;3;74;81;67;1;223
2025-08-04;IB;??;102485;1;1;69;80;68;6;223
2025-08-04;IB;??;102588;1;2;54;69;100;0;223
2025-08-04;IB;??;102638;1;2;56;95;63;9;223
2025-08-04;IB;??;102659;0;4;75;66;74;8;223
2025-08-04;IB;??;102931;1;4;61;62;100;0;223
2025-08-04;IB;??;103685;1;1;82;65;70;6;223
2025-08-04;IB;??;103708;1;1;95;57;65;6;223
2025-08-04;IB;??;103774;1;3;63;95;55;10;223
2025-08-04;IB;??;103817;1;2;71;65;86;1;223
2025-08-04;IB;??;102418;0;3;88;59;73;2;222
2025-08-04;IB;??;102436;1;3;47;78;93;4;222
2025-08-04;IB;??;102514;1;3;64;72;79;7;222
2025-08-04;IB;??;102804;0;1;85;67;67;3;222
2025-08-04;IB;??;102882;1;3;86;78;56;2;222
2025-08-04;IB;??;103576;1;1;65;93;58;6;222
2025-08-04;IB;??;103788;1;4;87;57;70;8;222
2025-08-04;IB;??;103799;1;4;69;90;61;2;222
2025-08-04;IB;??;103888;1;1;62;57;94;9;222
2025-08-04;IB;??;102410;1;4;69;66;86;0;221
2025-08-04;IB;??;102778;1;4;85;77;57;2;221
2025-08-04;IB;??;102879;1;2;54;97;61;9;221
2025-08-04;IB;??;102914;0;1;73;68;77;3;221
2025-08-04;IB;??;103589;1;2;65;75;71;10;221
2025-08-04;IB;??;103698;1;4;55;99;62;5;221
2025-08-04;IB;??;103743;1;2;91;62;64;4;221
2025-08-04;IB;??;103818;1;2;63;67;85;6;221
2025-08-04;IB;??;102284;0;2;49;100;63;8;220
2025-08-04;IB;??;102338;1;4;81;59;76;4;220
2025-08-04;IB;??;102732;1;1;69;87;58;6;220
2025-08-04;IB;??;102792;1;1;64;85;71;0;220
2025-08-04;IB;??;103687;1;2;96;47;67;10;220
2025-08-04;IB;??;103761;1;3;58;94;64;4;220
2025-08-04;IB;??;102244;0;4;63;57;97;2;219
2025-08-04;IB;??;102293;1;2;53;86;73;7;219
2025-08-04;IB;??;102420;1;3;100;56;53;10;219
2025-08-04;IB;??;102612;1;4;59;62;96;2;219
2025-08-04;IB;??;102650;1;4;98;58;59;4;219
2025-08-04;IB;??;103656;1;2;66;76;69;8;219
2025-08-04;IB;??;103707;1;4;67;57;89;6;219
2025-08-04;IB;??;103763;1;2;52;64;95;8;219
2025-08-04;IB;??;103851;1;1;57;70;90;2;219
2025-08-04;IB;??;102421;1;4;86;64;64;4;218
2025-08-04;IB;??;102530;1;3;58;79;76;5;218
2025-08-04;IB;??;102959;1;3;72;78;68;0;218
2025-08-04;IB;??;102635;1;4;59;87;66;5;217
2025-08-04;IB;??;102734;1;1;55;83;69;10;217
2025-08-04;IB;??;102833;1;1;64;89;56;8;217
2025-08-04;IB;??;102973;1;3;87;59;61;10;217
2025-08-04;IB;??;103376;1;2;58;60;96;3;217
2025-08-04;IB;??;103582;1;3;66;68;81;2;217
2025-08-04;IB;??;103614;0;2;62;86;65;4;217
2025-08-04;IB;??;103683;1;3;76;74;67;0;217
2025-08-04;IB;??;103847;1;1;56;65;96;0;217
2025-08-04;IB;??;102435;0;1;56;81;72;7;216
2025-08-04;IB;??;102673;1;1;60;68;82;6;216
2025-08-04;IB;??;102681;1;4;61;48;100;7;216
2025-08-04;IB;??;102852;0;2;65;54;95;2;216
2025-08-04;IB;??;103366;1;4;66;71;76;3;216
2025-08-04;IB;??;103483;1;2;64;92;59;1;216
2025-08-04;IB;??;103620;1;1;75;64;70;7;216
2025-08-04;IB;??;103702;1;2;51;75;88;2;216
2025-08-04;IB;??;103778;1;4;53;89;66;8;216
2025-08-04;IB;??;103822;0;3;63;89;60;4;216
2025-08-04;IB;??;102477;1;1;65;83;57;10;215
2025-08-04;IB;??;102677;1;4;85;56;67;7;215
2025-08-04;IB;??;102796;1;4;67;59;89;0;215
2025-08-04;IB;??;102949;1;4;85;70;59;1;215
2025-08-04;IB;??;103786;1;4;54;76;75;10;215
2025-08-04;IB;??;103826;0;2;66;81;63;5;215
2025-08-04;IB;??;103863;1;2;57;71;84;3;215
2025-08-04;IB;??;102897;1;4;64;66;76;8;214
2025-08-04;IB;??;103490;1;3;85;69;56;4;214
2025-08-04;IB;??;103615;1;3;86;61;59;8;214
2025-08-04;IB;??;103651;0;2;62;54;94;4;214
2025-08-04;IB;??;103701;1;2;82;61;61;10;214
2025-08-04;IB;??;103765;0;3;59;66;85;4;214
2025-08-04;IB;??;103831;1;2;78;61;74;1;214
2025-08-04;IB;??;103889;1;1;62;57;88;7;214
2025-08-04;IB;??;102266;1;2;62;53;97;1;213
2025-08-04;IB;??;102682;1;4;81;61;67;4;213
2025-08-04;IB;??;102769;1;2;78;76;59;0;213
2025-08-04;IB;??;102883;1;3;67;75;68;3;213
2025-08-04;IB;??;102263;1;4;60;82;66;4;212
2025-08-04;IB;??;102482;0;3;75;53;81;3;212
2025-08-04;IB;??;102572;1;3;57;96;58;1;212
2025-08-04;IB;??;102675;1;4;73;73;62;4;212
2025-08-04;IB;??;102719;0;4;59;72;74;7;212
2025-08-04;IB;??;102911;1;2;100;57;48;7;212
2025-08-04;IB;??;103349;1;2;68;72;72;0;212
2025-08-04;IB;??;103892;1;1;57;72;76;7;212
2025-08-04;IB;??;102450;1;1;75;56;77;3;211
2025-08-04;IB;??;102549;1;1;82;56;66;7;211
2025-08-04;IB;??;102637;1;3;84;72;53;2;211
2025-08-04;IB;??;102671;1;3;70;69;72;0;211
2025-08-04;IB;??;102704;1;4;65;84;58;4;211
2025-08-04;IB;??;102721;0;2;71;57;83;0;211
2025-08-04;IB;??;102888;0;1;67;55;80;9;211
2025-08-04;IB;??;103689;0;1;60;90;59;2;211
2025-08-04;IB;??;103823;1;2;62;72;71;6;211
2025-08-04;IB;??;102580;1;2;57;89;60;4;210
2025-08-04;IB;??;102837;1;4;76;58;72;4;210
2025-08-04;IB;??;102892;1;4;55;68;77;10;210
2025-08-04;IB;??;102936;1;1;83;57;65;5;210
2025-08-04;IB;??;103352;1;1;66;77;62;5;210
2025-08-04;IB;??;103363;0;4;95;64;49;2;210
2025-08-04;IB;??;103375;1;4;62;77;67;4;210
2025-08-04;IB;??;102752;1;2;68;57;79;5;209
2025-08-04;IB;??;102843;1;1;56;63;83;7;209
2025-08-04;IB;??;102845;0;4;82;66;54;7;209
2025-08-04;IB;??;102872;0;4;59;53;87;10;209
2025-08-04;IB;??;103528;1;3;68;82;57;2;209
2025-08-04;IB;??;103827;0;2;87;67;48;7;209
2025-08-04;IB;??;102323;1;3;55;84;64;5;208
2025-08-04;IB;??;102415;0;2;59;81;65;3;208
2025-08-04;IB;??;102663;1;2;82;54;71;1;208
2025-08-04;IB;??;103588;0;3;80;58;69;1;208
2025-08-04;IB;??;102400;1;4;86;60;55;6;207
2025-08-04;IB;??;102614;1;3;74;60;63;10;207
2025-08-04;IB;??;102693;0;4;69;70;65;3;207
2025-08-04;IB;??;102772;1;4;71;50;86;0;207
2025-08-04;IB;??;102932;1;4;66;66;70;5;207
2025-08-04;IB;??;102972;1;1;73;72;57;5;207
2025-08-04;IB;??;103636;1;3;75;56;66;10;207
2025-08-04;IB;??;103730;1;3;51;66;84;6;207
2025-08-04;IB;??;103908;1;2;49;90;62;6;207
2025-08-04;IB;??;102419;1;3;52;92;57;5;206
2025-08-04;IB;??;102925;0;4;57;70;76;3;206
2025-08-04;IB;??;102950;1;2;74;59;63;10;206
2025-08-04;IB;??;102378;1;1;61;66;72;6;205
2025-08-04;IB;??;103382;1;4;48;84;68;5;205
2025-08-04;IB;??;103642;1;4;53;69;78;4;204
2025-08-04;IB;??;103912;1;2;49;68;87;0;204
2025-08-04;IB;??;102286;1;3;70;69;59;5;203
2025-08-04;IB;??;102373;1;1;85;57;61;0;203
2025-08-04;IB;??;102384;1;4;66;57;70;10;203
2025-08-04;IB;??;102503;1;1;62;58;81;2;203
2025-08-04;IB;??;103622;1;4;56;58;82;7;203
2025-08-04;IB;??;103725;1;3;65;65;69;4;203
2025-08-04;IB;??;102808;1;1;77;58;64;3;202
2025-08-04;IB;??;102948;1;2;57;58;83;4;202
2025-08-04;IB;??;103812;1;3;95;49;56;2;202
2025-08-04;IB;??;103373;1;2;73;61;58;9;201
2025-08-04;IB;??;103695;0;4;62;63;75;1;201
2025-08-04;IB;??;103745;1;3;53;80;66;2;201
2025-08-04;IB;??;102538;1;4;70;54;71;5;200
2025-08-04;IB;??;102754;1;1;69;58;65;8;200
2025-08-04;IB;??;102756;1;3;79;52;64;5;200
2025-08-04;IB;??;102798;1;1;75;59;65;1;200
2025-08-04;IB;??;102838;1;1;79;55;59;7;200
2025-08-04;IB;??;102893;1;1;72;57;62;9;200
2025-08-04;IB;??;103544;1;3;68;68;60;4;200
2025-08-04;IB;??;103753;1;4;58;60;82;0;200
2025-08-04;IB;??;103807;1;1;59;79;57;5;200
2025-08-04;IB;??;103852;0;3;77;49;71;3;200
2025-08-04;IB;??;103874;0;2;51;92;50;6;199
2025-08-04;IB;??;102245;1;3;66;67;65;0;198
2025-08-04;IB;??;102304;1;2;79;64;49;6;198
2025-08-04;IB;??;102331;1;4;63;72;61;2;198
2025-08-04;IB;??;102606;1;4;50;83;55;10;198
2025-08-04;IB;??;102745;1;3;54;78;64;2;198
2025-08-04;IB;??;102308;0;3;58;60;76;3;197
2025-08-04;IB;??;103810;0;4;65;61;68;3;197
2025-08-04;IB;??;103486;1;1;56;79;58;3;196
2025-08-04;IB;??;103784;1;4;52;54;81;9;196
2025-08-04;IB;??;102840;1;1;63;65;61;6;195
2025-08-04;IB;??;103905;1;4;73;52;69;1;195
2025-08-04;IB;??;102567;0;2;61;67;60;6;194
2025-08-04;IB;??;102676;0;1;55;65;69;5;194
2025-08-04;IB;??;102786;1;2;47;73;71;3;194
2025-08-04;IB;??;103543;1;4;59;66;61;8;194
2025-08-04;IB;??;103855;1;3;60;56;75;3;194
2025-08-04;IB;??;102355;0;4;58;53;80;2;193
2025-08-04;IB;??;102553;1;4;77;63;52;1;193
2025-08-04;IB;??;102890;1;3;47;86;58;2;193
2025-08-04;IB;??;103526;0;4;61;80;50;1;192
2025-08-04;IB;??;103734;1;2;83;49;59;1;192
2025-08-04;IB;??;102337;1;2;52;80;56;3;191
2025-08-04;IB;??;102962;0;2;68;57;65;1;191
2025-08-04;IB;??;102977;1;2;58;75;58;0;191
2025-08-04;IB;??;103333;1;2;67;56;65;3;191
2025-08-04;IB;??;102232;1;4;57;57;72;4;190
2025-08-04;IB;??;102250;1;4;61;64;62;3;190
2025-08-04;IB;??;102506;0;3;52;48;87;3;190
2025-08-04;IB;??;102608;1;2;87;47;55;1;190
2025-08-04;IB;??;102799;1;3;64;76;50;0;190
2025-08-04;IB;??;103845;1;1;60;66;60;4;190
2025-08-04;IB;??;103829;1;1;72;57;60;0;189
2025-08-04;IB;??;102405;1;3;73;53;57;5;188
2025-08-04;IB;??;102707;1;1;65;60;57;6;188
2025-08-04;IB;??;102807;1;4;54;74;59;1;188
2025-08-04;IB;??;102907;1;3;55;66;59;8;188
2025-08-04;IB;??;102969;0;4;53;64;63;6;186
2025-08-04;IB;??;103867;1;4;70;59;50;7;186
2025-08-04;IB;??;102789;1;3;65;58;59;3;185
2025-08-04;IB;??;102842;1;1;70;55;60;0;185
2025-08-04;IB;??;102577;1;2;52;60;69;3;184
2025-08-04;IB;??;103616;1;3;56;64;54;10;184
2025-08-04;IB;??;102689;1;4;61;50;62;10;183
2025-08-04;IB;??;103704;1;3;58;59;63;3;183
2025-08-04;IB;??;102550;1;4;64;60;55;2;181
2025-08-04;IB;??;102430;1;4;74;51;50;5;180
2025-08-04;IB;??;102757;1;4;51;64;57;7;179
2025-08-04;IB;??;102353;1;2;75;48;48;6;177
2025-08-04;IB;??;102762;1;3;68;52;53;3;176
2025-08-04;IB;??;103579;1;2;53;55;61;6;175
2025-08-04;IB;??;103878;1;3;55;55;61;4;175
2025-08-04;IB;??;103557;1;2;58;62;52;2;174
2025-08-04;IB;??;102539;1;2;71;52;49;1;173
2025-08-04;IB;??;102654;1;4;48;58;56;9;171
2025-08-04;IB;??;102740;1;2;62;47;48;9;166
2025-08-04;IB;??;102903;0;2;59;51;52;3;165
2025-08-04;IB;??;102409;1;2;59;47;52;6;164
2025-08-04;IB;??;102375;1;4;48;48;61;6;163
2025-08-04;IB;??;103853;1;3;54;52;53;3;162